movie_name,movie_id,year,runtime,genre,rating,director_id,star_id,votes,gross(in $),normalized_rating,normalized_votes
Glass Onion,tt11564570,2022.0,,"['Comedy', ' Crime', ' Drama']",7.2,/name/nm0426059/,"/name/nm0185819/,/name/nm0001570/,/name/nm0005028/,/name/nm1176985/",333315.0,5017971.0,0.5744680851063831,0.09057990568839898
The Batman,tt1877830,2022.0,,"['Action', ' Crime', ' Drama']",7.8,/name/nm0716257/,"/name/nm1500155/,/name/nm2368789/,/name/nm0942482/,/name/nm0268199/",672146.0,5017971.0,0.7021276595744681,0.22213895915558307
The Godfather,tt0068646,1972.0,,"['Crime', ' Drama']",9.2,/name/nm0000338/,"/name/nm0000008/,/name/nm0000199/,/name/nm0001001/,/name/nm0000473/",1875646.0,134966411.0,1.0,0.689425957239454
Knives Out,tt8946378,2019.0,,"['Comedy', ' Crime', ' Drama']",7.9,/name/nm0426059/,"/name/nm0185819/,/name/nm0262635/,/name/nm1869101/,/name/nm0000130/",705622.0,165359751.0,0.7234042553191491,0.23513679841429155
The Wolf of Wall Street,tt0993846,2013.0,,"['Biography', ' Comedy', ' Crime']",8.2,/name/nm0000217/,"/name/nm0000138/,/name/nm1706767/,/name/nm3053338/,/name/nm0000190/",1430476.0,116900694.0,0.7872340425531914,0.5165783021193902
Pulp Fiction,tt0110912,1994.0,,"['Crime', ' Drama']",8.9,/name/nm0000233/,"/name/nm0000237/,/name/nm0000235/,/name/nm0000168/,/name/nm0000246/",2074027.0,107928762.0,0.9361702127659577,0.7664520162065304
The Dark Knight,tt0468569,2008.0,,"['Action', ' Crime', ' Drama']",9.0,/name/nm0634240/,"/name/nm0000288/,/name/nm0005132/,/name/nm0001173/,/name/nm0000323/",2675531.0,534858444.0,0.9574468085106385,1.0
American Psycho,tt0144084,2000.0,,"['Crime', ' Drama', ' Horror']",7.6,/name/nm0366004/,"/name/nm0000288/,/name/nm0857620/,/name/nm0524197/,/name/nm0756083/",636221.0,15070285.0,0.6595744680851064,0.20819023841926146
John Wick,tt2911666,2014.0,,"['Action', ' Crime', ' Thriller']",7.4,/name/nm0821432/,"/name/nm0500610/,/name/nm0000206/,/name/nm0638824/,/name/nm0654295/,/name/nm0000353/",644257.0,43037835.0,0.6170212765957448,0.21131040320247874
The Gentlemen,tt8367814,2019.0,,"['Action', ' Comedy', ' Crime']",7.8,/name/nm0005363/,"/name/nm0000190/,/name/nm0402271/,/name/nm1890784/,/name/nm0834989/",348209.0,36471795.0,0.7021276595744681,0.09636284922762721
F9: The Fast Saga,tt5433138,2021.0,,"['Action', ' Crime', ' Thriller']",5.2,/name/nm0510912/,"/name/nm0004874/,/name/nm0735442/,/name/nm0108287/,/name/nm0879085/",136715.0,173202780.0,0.148936170212766,0.01424536158928055
Nobody,tt7888964,2021.0,,"['Action', ' Crime', ' Drama']",7.4,/name/nm5820154/,"/name/nm0644022/,/name/nm0148516/,/name/nm0001567/,/name/nm0000502/",262223.0,27268035.0,0.6170212765957448,0.0629767754285082
Prisoners,tt1392214,2013.0,,"['Crime', ' Drama', ' Mystery']",8.1,/name/nm0898288/,"/name/nm0413168/,/name/nm0350453/,/name/nm0205626/,/name/nm0502425/",728343.0,61002302.0,0.7659574468085106,0.24395875760287788
Catch Me If You Can,tt0264464,2002.0,,"['Biography', ' Crime', ' Drama']",8.1,/name/nm0000229/,"/name/nm0000138/,/name/nm0000158/,/name/nm0000686/,/name/nm0000640/",997647.0,164615351.0,0.7659574468085106,0.3485223286306957
Joker,tt7286456,2019.0,,"['Crime', ' Drama', ' Thriller']",8.4,/name/nm0680846/,"/name/nm0001618/,/name/nm0000134/,/name/nm5939164/,/name/nm0175814/",1310698.0,335451311.0,0.8297872340425534,0.47007169467735455
The Fast and the Furious,tt0232500,2001.0,,"['Action', ' Crime', ' Thriller']",6.8,/name/nm0003418/,"/name/nm0004874/,/name/nm0908094/,/name/nm0735442/,/name/nm0108287/",391178.0,144533925.0,0.4893617021276596,0.11304656756636078
In Bruges,tt0780536,2008.0,,"['Comedy', ' Crime', ' Drama']",7.9,/name/nm1732981/,"/name/nm0268199/,/name/nm0322407/,/name/nm0001354/,/name/nm0077397/",437029.0,7757130.0,0.7234042553191491,0.13084928975094204
No Country for Old Men,tt0477348,2007.0,,"['Crime', ' Drama', ' Thriller']",8.2,/name/nm0001053/,"/name/nm0001054/,/name/nm0000169/,/name/nm0000849/,/name/nm0000982/,/name/nm0000437/",984447.0,74283625.0,0.7872340425531914,0.3433971201764314
Taxi Driver,tt0075314,1976.0,,"['Crime', ' Drama']",8.2,/name/nm0000217/,"/name/nm0000134/,/name/nm0000149/,/name/nm0001732/,/name/nm0000983/",844107.0,28262574.0,0.7872340425531914,0.2889068357467759
Goodfellas,tt0099685,1990.0,,"['Biography', ' Crime', ' Drama']",8.7,/name/nm0000217/,"/name/nm0000134/,/name/nm0000501/,/name/nm0000582/,/name/nm0000966/",1171982.0,46836394.0,0.8936170212765957,0.4162119661969206
Death on the Nile,tt7657566,2022.0,,"['Crime', ' Drama', ' Mystery']",6.3,/name/nm0000110/,"/name/nm5290643/,/name/nm0000906/,/name/nm0000110/,/name/nm1258970/",155351.0,5017971.0,0.3829787234042553,0.02148122407061916
Se7en,tt0114369,1995.0,,"['Crime', ' Drama', ' Mystery']",8.6,/name/nm0000399/,"/name/nm0000151/,/name/nm0000093/,/name/nm0000228/,/name/nm0001825/",1668095.0,100125643.0,0.8723404255319149,0.608839431490135
The Silence of the Lambs,tt0102926,1991.0,,"['Crime', ' Drama', ' Thriller']",8.6,/name/nm0001129/,"/name/nm0000149/,/name/nm0000164/,/name/nm0095029/,/name/nm0501435/",1444522.0,130742922.0,0.8723404255319149,0.5220319898427687
Heat,tt0113277,1995.0,,"['Action', ' Crime', ' Drama']",8.3,/name/nm0000520/,"/name/nm0000199/,/name/nm0000134/,/name/nm0000174/,/name/nm0000685/",662373.0,67436818.0,0.8085106382978726,0.21834436353258876
The Departed,tt0407887,2006.0,,"['Crime', ' Drama', ' Thriller']",8.5,/name/nm0000217/,"/name/nm0000138/,/name/nm0000354/,/name/nm0000197/,/name/nm0000242/",1335810.0,132384315.0,0.8510638297872342,0.4798220154882246
Kingsman: The Golden Circle,tt4649466,2017.0,,"['Action', ' Adventure', ' Comedy']",6.7,/name/nm0891216/,"/name/nm5473782/,/name/nm0000147/,/name/nm0835016/,/name/nm1475594/",334948.0,100234838.0,0.46808510638297884,0.09121395609793032
The Grand Budapest Hotel,tt2278388,2014.0,,"['Adventure', ' Comedy', ' Crime']",8.1,/name/nm0027572/,"/name/nm0000146/,/name/nm0000719/,/name/nm0023832/,/name/nm0004778/",821639.0,59100318.0,0.7659574468085106,0.28018310972022964
The Green Mile,tt0120689,1999.0,,"['Crime', ' Drama', ' Fantasy']",8.6,/name/nm0001104/,"/name/nm0000158/,/name/nm0003817/,/name/nm0001556/,/name/nm0001372/",1313365.0,136801374.0,0.8723404255319149,0.47110721974913655
"Three Billboards Outside Ebbing, Missouri",tt5027774,2017.0,,"['Comedy', ' Crime', ' Drama']",8.1,/name/nm1732981/,"/name/nm0000531/,/name/nm0000437/,/name/nm0005377/,/name/nm2655177/",515728.0,54513740.0,0.7659574468085106,0.16140601551928652
The Godfather Part II,tt0071562,1974.0,,"['Crime', ' Drama']",9.0,/name/nm0000338/,"/name/nm0000199/,/name/nm0000134/,/name/nm0000380/,/name/nm0000473/",1281423.0,57300000.0,0.9574468085106385,0.45870499183655244
Irreversible,tt0290673,2002.0,,"['Crime', ' Drama', ' Mystery']",7.3,/name/nm0637615/,"/name/nm0000899/,/name/nm0001993/,/name/nm0243355/,/name/nm0619600/",138385.0,753501.0,0.5957446808510639,0.014893778113418533
Léon: The Professional,tt0110413,1994.0,,"['Action', ' Crime', ' Drama']",8.5,/name/nm0000108/,"/name/nm0000606/,/name/nm0000198/,/name/nm0000204/,/name/nm0000732/",1171574.0,19501238.0,0.8510638297872342,0.4160535506628797
Murder Mystery,tt1618434,2019.0,,"['Action', ' Comedy', ' Crime']",6.0,/name/nm1760830/,"/name/nm0001191/,/name/nm0000098/,/name/nm1812656/,/name/nm0000654/",134200.0,5017971.0,0.31914893617021284,0.013268854069396098
White Chicks,tt0381707,2004.0,,"['Comedy', ' Crime']",5.7,/name/nm0005540/,"/name/nm0005541/,/name/nm0915465/,/name/nm0005311/,/name/nm0005533/",150030.0,70831760.0,0.2553191489361703,0.019415221480835798
12 Angry Men,tt0050083,1957.0,,"['Crime', ' Drama']",9.0,/name/nm0001486/,"/name/nm0000020/,/name/nm0002011/,/name/nm0000842/,/name/nm0275835/",798065.0,4360000.0,0.9574468085106385,0.27102995334895486
Sicario,tt3397884,2015.0,,"['Action', ' Crime', ' Drama']",7.6,/name/nm0898288/,"/name/nm1289434/,/name/nm0000982/,/name/nm0001125/,/name/nm1256532/",437874.0,46889293.0,0.6595744680851064,0.13117738074668853
The Little Things,tt10016180,2021.0,,"['Crime', ' Drama', ' Mystery']",6.3,/name/nm0359387/,"/name/nm0000243/,/name/nm1785339/,/name/nm0001467/,/name/nm0061777/",107939.0,5017971.0,0.3829787234042553,0.0030724071589843544
Scarface,tt0086250,1983.0,,"['Crime', ' Drama']",8.3,/name/nm0000361/,"/name/nm0000199/,/name/nm0000201/,/name/nm0000874/,/name/nm0001512/",850836.0,45598982.0,0.8085106382978726,0.29151952723834745
A Clockwork Orange,tt0066921,1971.0,,"['Crime', ' Sci-Fi']",8.3,/name/nm0000040/,"/name/nm0000532/,/name/nm0535861/,/name/nm0060988/,/name/nm0165049/",836924.0,6207725.0,0.8085106382978726,0.28611786814624707
Promising Young Woman,tt9620292,2020.0,,"['Crime', ' Drama', ' Mystery']",7.5,/name/nm2193504/,"/name/nm1659547/,/name/nm3102998/,/name/nm1555340/,/name/nm0000317/",178977.0,5017971.0,0.6382978723404257,0.03065457065701678
From Dusk Till Dawn,tt0116367,1996.0,,"['Action', ' Crime', ' Horror']",7.2,/name/nm0001675/,"/name/nm0000172/,/name/nm0000123/,/name/nm0000496/,/name/nm0000233/",319985.0,25753840.0,0.5744680851063831,0.08540422169632751
The Usual Suspects,tt0114814,1995.0,,"['Crime', ' Drama', ' Mystery']",8.5,/name/nm0001741/,"/name/nm0000228/,/name/nm0000321/,/name/nm0001590/,/name/nm0000286/",1092586.0,23341568.0,0.8510638297872342,0.3853846138912563
John Wick: Chapter 3 - Parabellum,tt6146586,2019.0,,"['Action', ' Crime', ' Thriller']",7.4,/name/nm0821432/,"/name/nm0000206/,/name/nm0000932/,/name/nm0574534/,/name/nm0000401/",352539.0,171015687.0,0.6170212765957448,0.098044072909973
The Irishman,tt1302006,2019.0,,"['Biography', ' Crime', ' Drama']",7.8,/name/nm0000217/,"/name/nm0000134/,/name/nm0000199/,/name/nm0000582/,/name/nm0000172/",395277.0,7000000.0,0.7021276595744681,0.11463810010075694
Baywatch,tt1469304,2017.0,,"['Action', ' Comedy', ' Crime']",5.5,/name/nm1164861/,"/name/nm0425005/,/name/nm1374980/,/name/nm1275259/,/name/nm1231899/",190473.0,58060186.0,0.21276595744680854,0.0351181612926397
Wrath of Man,tt11083552,2021.0,,"['Action', ' Crime', ' Thriller']",7.1,/name/nm0005363/,"/name/nm0005458/,/name/nm0564697/,/name/nm0001326/,/name/nm6875258/",183120.0,5017971.0,0.5531914893617021,0.03226318721959383
Reservoir Dogs,tt0105236,1992.0,,"['Crime', ' Thriller']",8.3,/name/nm0000233/,"/name/nm0000172/,/name/nm0000619/,/name/nm0000514/,/name/nm0001606/",1027840.0,2832029.0,0.8085106382978726,0.36024546642308986
Mystic River,tt0327056,2003.0,,"['Crime', ' Drama', ' Mystery']",7.9,/name/nm0000142/,"/name/nm0000576/,/name/nm0000209/,/name/nm0000102/,/name/nm0002536/",462129.0,90135191.0,0.7234042553191491,0.14059495128139918
The Big Lebowski,tt0118715,1998.0,,"['Comedy', ' Crime']",8.1,/name/nm0001054/,"/name/nm0001053/,/name/nm0000313/,/name/nm0000422/,/name/nm0000194/,/name/nm0000114/",816145.0,17498804.0,0.7659574468085106,0.278049935837826
Snatch,tt0208092,2000.0,,"['Comedy', ' Crime']",8.2,/name/nm0005363/,"/name/nm0005458/,/name/nm0000093/,/name/nm0334318/,/name/nm0005068/",863421.0,30328156.0,0.7872340425531914,0.29640594757144717
John Wick: Chapter 2,tt4425200,2017.0,,"['Action', ' Crime', ' Thriller']",7.4,/name/nm0821432/,"/name/nm0000206/,/name/nm1249052/,/name/nm0574534/,/name/nm3199307/",441113.0,92029184.0,0.6170212765957448,0.13243499818482202
Once Upon a Time in America,tt0087843,1984.0,,"['Crime', ' Drama']",8.3,/name/nm0001466/,"/name/nm0000134/,/name/nm0000249/,/name/nm0001527/,/name/nm0001852/",355529.0,5321508.0,0.8085106382978726,0.09920501027953742
American History X,tt0120586,1998.0,,"['Crime', ' Drama']",8.5,/name/nm0443411/,"/name/nm0001570/,/name/nm0000411/,/name/nm0000350/,/name/nm0000497/",1130229.0,6719864.0,0.8510638297872342,0.40000038827336776
American Hustle,tt1800241,2013.0,,"['Crime', ' Drama']",7.2,/name/nm0751102/,"/name/nm0000288/,/name/nm0010736/,/name/nm0177896/,/name/nm2225369/",483977.0,150117807.0,0.5744680851063831,0.1490779478199421
Road to Perdition,tt0257044,2002.0,,"['Crime', ' Drama', ' Thriller']",7.7,/name/nm0005222/,"/name/nm0000158/,/name/nm0388382/,/name/nm1005576/,/name/nm0014582/",272542.0,104454762.0,0.6808510638297873,0.06698336831029254
Clue,tt0088930,1985.0,,"['Comedy', ' Crime', ' Mystery']",7.2,/name/nm0528718/,"/name/nm0107281/,/name/nm0000347/,/name/nm0001404/,/name/nm0000502/",100065.0,14643997.0,0.5744680851063831,1.5142661342144551e-05
Baby Driver,tt3890160,2017.0,,"['Action', ' Crime', ' Drama']",7.6,/name/nm0942367/,"/name/nm5052065/,/name/nm1256532/,/name/nm0358316/,/name/nm2555462/",551316.0,107825862.0,0.6595744680851064,0.1752238881306773
City of God,tt0317248,2002.0,,"['Crime', ' Drama']",8.6,/name/nm0576987/,"/name/nm0526199/,/name/nm1179105/,/name/nm1129884/,/name/nm0618690/,/name/nm1249574/",761974.0,7563397.0,0.8723404255319149,0.2570167792335872
The Hateful Eight,tt3460252,2015.0,,"['Crime', ' Drama', ' Mystery']",7.8,/name/nm0000233/,"/name/nm0000168/,/name/nm0000621/,/name/nm0000492/,/name/nm0324658/",611863.0,54117416.0,0.7021276595744681,0.19873267572767284
House of Gucci,tt11214590,2021.0,,"['Biography', ' Crime', ' Drama']",6.6,/name/nm0000631/,"/name/nm3078932/,/name/nm3485845/,/name/nm0000199/,/name/nm0000460/",140654.0,53809574.0,0.44680851063829785,0.01577477038483715
Batman Begins,tt0372784,2005.0,,"['Action', ' Crime', ' Drama']",8.2,/name/nm0634240/,"/name/nm0000288/,/name/nm0000323/,/name/nm0913822/,/name/nm0000553/",1482505.0,206852432.0,0.7872340425531914,0.5367797771699142
The Equalizer,tt0455944,2014.0,,"['Action', ' Crime', ' Thriller']",7.2,/name/nm0298807/,"/name/nm0000243/,/name/nm0190744/,/name/nm1631269/,/name/nm1092086/",377799.0,101530738.0,0.5744680851063831,0.10785185817926969
Wind River,tt5362988,2017.0,,"['Crime', ' Drama', ' Mystery']",7.7,/name/nm0792263/,"/name/nm0647634/,/name/nm0719637/,/name/nm0001295/,/name/nm2080328/",257564.0,33800859.0,0.6808510638297873,0.061167809808173546
Nightmare Alley,tt7740496,2021.0,,"['Crime', ' Drama', ' Thriller']",7.0,/name/nm0868219/,"/name/nm0177896/,/name/nm0000949/,/name/nm0001057/,/name/nm0000353/",148001.0,5017971.0,0.5319148936170214,0.018627414817676533
The Longest Yard,tt0398165,2005.0,,"['Comedy', ' Crime', ' Sport']",6.4,/name/nm0781842/,"/name/nm0001191/,/name/nm0000608/,/name/nm0001674/,/name/nm0625099/",183534.0,158119460.0,0.4042553191489363,0.032423932393841205
RoboCop,tt0093870,1987.0,,"['Action', ' Crime', ' Sci-Fi']",7.6,/name/nm0000682/,"/name/nm0000693/,/name/nm0000262/,/name/nm0641397/,/name/nm0001074/",263559.0,53424681.0,0.6595744680851064,0.06349550864781858
21 Jump Street,tt1232829,2012.0,,"['Action', ' Comedy', ' Crime']",7.2,/name/nm0520488/,"/name/nm0588087/,/name/nm1706767/,/name/nm1475594/,/name/nm0001084/,/name/nm0488953/",566332.0,138447667.0,0.5744680851063831,0.1810542010207707
Kill Bill: Vol. 1,tt0266697,2003.0,,"['Action', ' Crime', ' Drama']",8.2,/name/nm0000233/,"/name/nm0000235/,/name/nm0001016/,/name/nm0000435/,/name/nm0000514/",1125303.0,70099045.0,0.7872340425531914,0.3980877536638446
Murder on the Orient Express,tt3402236,2017.0,,"['Crime', ' Drama', ' Mystery']",6.5,/name/nm0000110/,"/name/nm0000110/,/name/nm0004851/,/name/nm0000353/,/name/nm0001132/",264109.0,102826543.0,0.4255319148936171,0.0637090590000796
Now You See Me,tt1670345,2013.0,,"['Crime', ' Mystery', ' Thriller']",7.2,/name/nm0504642/,"/name/nm0251986/,/name/nm0996669/,/name/nm0749263/,/name/nm0000437/",668692.0,117723989.0,0.5744680851063831,0.2207978629433839
Zootopia,tt2948356,2016.0,,"['Animation', ' Adventure', ' Comedy']",8.0,/name/nm0397174/,"/name/nm0601781/,/name/nm1158544/,/name/nm0329481/,/name/nm0000867/,/name/nm0252961/,/name/nm2809577/",506562.0,341268248.0,0.7446808510638299,0.15784710183051479
Casino,tt0112641,1995.0,,"['Crime', ' Drama']",8.2,/name/nm0000217/,"/name/nm0000134/,/name/nm0000232/,/name/nm0000582/,/name/nm0000249/",526387.0,42438300.0,0.7872340425531914,0.16554462134610493
True Romance,tt0108399,1993.0,,"['Crime', ' Drama', ' Romance']",7.9,/name/nm0001716/,"/name/nm0000225/,/name/nm0000099/,/name/nm0000454/,/name/nm0000174/",230308.0,12281500.0,0.7234042553191491,0.05058503089685324
Legend,tt3569230,2015.0,,"['Biography', ' Crime', ' Drama']",6.9,/name/nm0001338/,"/name/nm0362766/,/name/nm0115161/,/name/nm5473782/,/name/nm2167957/",187340.0,1872994.0,0.5106382978723406,0.03390170083148742
Hell or High Water,tt2582782,2016.0,,"['Crime', ' Drama', ' Thriller']",7.6,/name/nm0533284/,"/name/nm1517976/,/name/nm0004936/,/name/nm0000313/,/name/nm0083655/",235441.0,26862450.0,0.6595744680851064,0.05257803809350011
Bad Boys,tt0112442,1995.0,,"['Action', ' Comedy', ' Crime']",6.8,/name/nm0000881/,"/name/nm0000226/,/name/nm0001454/,/name/nm0102288/,/name/nm0848075/",270812.0,65807024.0,0.4893617021276596,0.06631165538408972
Nightcrawler,tt2872718,2014.0,,"['Crime', ' Drama', ' Thriller']",7.8,/name/nm0319659/,"/name/nm0350453/,/name/nm0000623/,/name/nm0000200/,/name/nm1981893/",557821.0,32381218.0,0.7021276595744681,0.17774960638787346
Enola Holmes,tt7846844,2020.0,,"['Action', ' Adventure', ' Crime']",6.6,/name/nm0102873/,"/name/nm5611121/,/name/nm0147147/,/name/nm3510471/,/name/nm0000307/",198558.0,5017971.0,0.44680851063829785,0.03825735147087658
Zodiac,tt0443706,2007.0,,"['Crime', ' Drama', ' Mystery']",7.7,/name/nm0000399/,"/name/nm0350453/,/name/nm0000375/,/name/nm0749263/,/name/nm0000381/",551156.0,33080084.0,0.6808510638297873,0.17516176439183773
Primal Fear,tt0117381,1996.0,,"['Crime', ' Drama', ' Mystery']",7.7,/name/nm0387706/,"/name/nm0000152/,/name/nm0001473/,/name/nm0001570/,/name/nm0001498/",225672.0,56116183.0,0.6808510638297873,0.04878499556397677
My Cousin Vinny,tt0104952,1992.0,,"['Comedy', ' Crime']",7.6,/name/nm0528718/,"/name/nm0000582/,/name/nm0000673/,/name/nm0001494/,/name/nm0925943/",128569.0,52929168.0,0.6595744680851064,0.011082486735611075
Fargo,tt0116282,1996.0,,"['Crime', ' Thriller']",8.1,/name/nm0001054/,"/name/nm0001053/,/name/nm0000513/,/name/nm0000531/,/name/nm0000114/,/name/nm0001780/",684523.0,24611975.0,0.7659574468085106,0.22694461862819137
Spotlight,tt1895587,2015.0,,"['Biography', ' Crime', ' Drama']",8.1,/name/nm0565336/,"/name/nm0749263/,/name/nm0000474/,/name/nm1046097/,/name/nm0000630/",475244.0,45055776.0,0.7659574468085106,0.14568715649940497
We're the Millers,tt1723121,2013.0,,"['Comedy', ' Crime']",7.0,/name/nm1098493/,"/name/nm0837177/,/name/nm0000098/,/name/nm0731075/,/name/nm1159180/",456816.0,150394119.0,0.5319148936170214,0.1385320548785578
Furious 7,tt2820852,2015.0,,"['Action', ' Crime', ' Thriller']",7.1,/name/nm1490123/,"/name/nm0004874/,/name/nm0908094/,/name/nm0425005/,/name/nm0005458/",394578.0,353007020.0,0.5531914893617021,0.11436669701670157
Minority Report,tt0181689,2002.0,,"['Action', ' Crime', ' Mystery']",7.6,/name/nm0000229/,"/name/nm0000129/,/name/nm0268199/,/name/nm0608090/,/name/nm0001884/",558753.0,132072926.0,0.6595744680851064,0.17811147716661394
Fast & Furious,tt1013752,2009.0,,"['Action', ' Crime', ' Thriller']",6.5,/name/nm0510912/,"/name/nm0004874/,/name/nm0908094/,/name/nm0735442/,/name/nm0108287/",291724.0,155064265.0,0.4255319148936171,0.07443122805042118
Beverly Hills Cop,tt0086960,1984.0,,"['Action', ' Comedy', ' Crime']",7.3,/name/nm0000976/,"/name/nm0000552/,/name/nm0001662/,/name/nm0039226/,/name/nm0002060/",188835.0,234760478.0,0.5957446808510639,0.034482169516269624
Sleepers,tt0117665,1996.0,,"['Crime', ' Drama', ' Thriller']",7.5,/name/nm0001469/,"/name/nm0000134/,/name/nm0000102/,/name/nm0000093/,/name/nm0000574/",227153.0,49100000.0,0.6382978723404257,0.04936002842161052
Con Air,tt0118880,1997.0,,"['Action', ' Crime', ' Thriller']",6.9,/name/nm0922346/,"/name/nm0000115/,/name/nm0000131/,/name/nm0000518/,/name/nm0000538/",304255.0,101117573.0,0.5106382978723406,0.07929668162166255
Seven Psychopaths,tt1931533,2012.0,,"['Comedy', ' Crime']",7.1,/name/nm1732981/,"/name/nm0268199/,/name/nm0000437/,/name/nm0005377/,/name/nm0000686/",262651.0,15024049.0,0.5531914893617021,0.06314295642990404
The Warriors,tt0080120,1979.0,,"['Action', ' Crime', ' Thriller']",7.6,/name/nm0001353/,"/name/nm0065235/,/name/nm0001664/,/name/nm0942352/,/name/nm0878784/",104592.0,22490039.0,0.6595744680851064,0.0017728561971341542
The Nice Guys,tt3799694,2016.0,,"['Action', ' Comedy', ' Crime']",7.3,/name/nm0000948/,"/name/nm0000128/,/name/nm0331516/,/name/nm3886028/,/name/nm0093589/",335218.0,36261763.0,0.5957446808510639,0.09131878990722207
The Godfather Part III,tt0099674,1990.0,,"['Crime', ' Drama']",7.6,/name/nm0000338/,"/name/nm0000199/,/name/nm0000473/,/name/nm0000412/,/name/nm0001735/",402433.0,66666062.0,0.6595744680851064,0.11741658432035659
The Town,tt0840361,2010.0,,"['Crime', ' Drama', ' Thriller']",7.5,/name/nm0000255/,"/name/nm0000255/,/name/nm0356017/,/name/nm0358316/,/name/nm0719637/",396410.0,92186262.0,0.6382978723404257,0.11507801382641462
Wild Things,tt0120890,1998.0,,"['Crime', ' Drama', ' Mystery']",6.6,/name/nm0573796/,"/name/nm0000102/,/name/nm0000117/,/name/nm0000369/,/name/nm0000612/",123274.0,29753944.0,0.44680851063829785,0.009026579253389141
Uncut Gems,tt5727208,2019.0,,"['Crime', ' Drama', ' Thriller']",7.4,/name/nm1509478/,"/name/nm1343394/,/name/nm0001191/,/name/nm9681752/,/name/nm0579953/,/name/nm11243726/",289016.0,5017971.0,0.6170212765957448,0.07337978377056151
Training Day,tt0139654,2001.0,,"['Action', ' Crime', ' Drama']",7.7,/name/nm0298807/,"/name/nm0000243/,/name/nm0000160/,/name/nm0001277/,/name/nm0000297/",443143.0,76631907.0,0.6808510638297873,0.133223193121349
Fantastic Mr. Fox,tt0432283,2009.0,,"['Animation', ' Adventure', ' Comedy']",7.9,/name/nm0027572/,"/name/nm0000123/,/name/nm0000658/,/name/nm0000195/,/name/nm0005403/",238201.0,21002919.0,0.7234042553191491,0.05364967258848265
Point Break,tt0102685,1991.0,,"['Action', ' Crime', ' Thriller']",7.2,/name/nm0000941/,"/name/nm0000664/,/name/nm0000206/,/name/nm0000997/,/name/nm0001614/",187272.0,43218387.0,0.5744680851063831,0.0338752982424806
Ocean's Eight,tt5164214,2018.0,,"['Action', ' Comedy', ' Crime']",6.3,/name/nm0002657/,"/name/nm0000113/,/name/nm0000949/,/name/nm0004266/,/name/nm1411676/",224375.0,140218711.0,0.3829787234042553,0.04828140500600853
El Camino: A Breaking Bad Movie,tt9243946,2019.0,,"['Action', ' Crime', ' Drama']",7.3,/name/nm0319213/,"/name/nm0666739/,/name/nm0052186/,/name/nm2804503/,/name/nm1889973/",257986.0,5017971.0,0.5957446808510639,0.0613316611693629
Sin City,tt0401792,2005.0,,"['Crime', ' Thriller']",8.0,/name/nm0588340/,"/name/nm0000233/,/name/nm0001675/,/name/nm0000620/,/name/nm0654110/,/name/nm0000246/,/name/nm0004695/",774127.0,74103820.0,0.7446808510638299,0.2617354654718201
Inside Man,tt0454848,2006.0,,"['Crime', ' Drama', ' Mystery']",7.6,/name/nm0000490/,"/name/nm0000243/,/name/nm0654110/,/name/nm0000149/,/name/nm0001626/",378140.0,88513495.0,0.6595744680851064,0.10798425939767152
Den of Thieves,tt1259528,2018.0,,"['Action', ' Crime', ' Drama']",7.0,/name/nm0345615/,"/name/nm0124930/,/name/nm1032567/,/name/nm6578009/,/name/nm1265067/",115242.0,44947622.0,0.5319148936170214,0.005907967563642858
The Fate of the Furious,tt4630562,2017.0,,"['Action', ' Crime', ' Thriller']",6.6,/name/nm0336620/,"/name/nm0004874/,/name/nm0005458/,/name/nm0425005/,/name/nm0735442/",236159.0,226008385.0,0.44680851063829785,0.05285681837154267
Hannibal,tt0212985,2001.0,,"['Crime', ' Drama', ' Thriller']",6.8,/name/nm0000631/,"/name/nm0000164/,/name/nm0000194/,/name/nm0000198/,/name/nm0000501/",279245.0,165092268.0,0.4893617021276596,0.06958596469430267
Kick-Ass,tt1250777,2010.0,,"['Action', ' Comedy', ' Crime']",7.6,/name/nm0891216/,"/name/nm1093951/,/name/nm0000115/,/name/nm1631269/,/name/nm0113595/",569031.0,48071303.0,0.6595744680851064,0.18210215084032064
Gangs of New York,tt0217505,2002.0,,"['Crime', ' Drama']",7.5,/name/nm0000217/,"/name/nm0000138/,/name/nm0000139/,/name/nm0000358/,/name/nm0000980/",448405.0,77812000.0,0.6382978723404257,0.13526628758243528
Ocean's Eleven,tt0240772,2001.0,,"['Crime', ' Thriller']",7.7,/name/nm0001752/,"/name/nm0000123/,/name/nm0000093/,/name/nm0000210/,/name/nm0000354/",582710.0,183417150.0,0.6808510638297873,0.1874133422377359
Bad Times at the El Royale,tt6628394,2018.0,,"['Crime', ' Drama', ' Mystery']",7.1,/name/nm1206844/,"/name/nm0000313/,/name/nm7248827/,/name/nm0424848/,/name/nm0358316/",153561.0,17839115.0,0.5531914893617021,0.0207862147423515
Birds of Prey,tt7713068,2020.0,,"['Action', ' Comedy', ' Crime']",6.0,/name/nm4014166/,"/name/nm3053338/,/name/nm0001609/,/name/nm0935541/,/name/nm0810619/",243835.0,84158461.0,0.31914893617021284,0.055837204742370916
"Lock, Stock and Two Smoking Barrels",tt0120735,1998.0,,"['Action', ' Comedy', ' Crime']",8.2,/name/nm0005363/,"/name/nm0002076/,/name/nm0002077/,/name/nm0602941/,/name/nm0005458/",587827.0,3897569.0,0.7872340425531914,0.18940013706049882
The Sting,tt0070735,1973.0,,"['Comedy', ' Crime', ' Drama']",8.3,/name/nm0001351/,"/name/nm0000056/,/name/nm0000602/,/name/nm0001727/,/name/nm0001164/",265811.0,159600000.0,0.8085106382978726,0.0643699002719855
The Guilty,tt9421570,2021.0,,"['Crime', ' Drama', ' Thriller']",6.3,/name/nm0298807/,"/name/nm0350453/,/name/nm2142336/,/name/nm0765597/,/name/nm0896292/",129989.0,5017971.0,0.3829787234042553,0.011633834917812235
2 Fast 2 Furious,tt0322259,2003.0,,"['Action', ' Crime', ' Thriller']",5.9,/name/nm0005436/,"/name/nm0908094/,/name/nm0879085/,/name/nm0369513/,/name/nm0578949/",278304.0,127154901.0,0.297872340425532,0.06922059945525247
The Devil All the Time,tt7395114,2020.0,,"['Crime', ' Drama', ' Thriller']",7.1,/name/nm1290515/,"/name/nm0803889/,/name/nm4043618/,/name/nm8928696/,/name/nm11709013/",138832.0,5017971.0,0.5531914893617021,0.015067336308801575
Blue Velvet,tt0090756,1986.0,,"['Crime', ' Drama', ' Mystery']",7.7,/name/nm0000186/,"/name/nm0000618/,/name/nm0001492/,/name/nm0000454/,/name/nm0000368/",203138.0,8551228.0,0.6808510638297873,0.0400356434951592
Army of the Dead,tt0993840,2021.0,,"['Action', ' Crime', ' Drama']",5.7,/name/nm0811583/,"/name/nm1176985/,/name/nm3480246/,/name/nm0478886/,/name/nm1165044/",175572.0,1000000.0,0.2553191489361703,0.029332499839837236
Gone Baby Gone,tt0452623,2007.0,,"['Crime', ' Drama', ' Mystery']",7.6,/name/nm0000255/,"/name/nm0000151/,/name/nm0000438/,/name/nm0000729/,/name/nm1157358/",276740.0,20300218.0,0.6595744680851064,0.06861333990809569
Crash,tt0375679,2004.0,,"['Crime', ' Drama', ' Thriller']",7.8,/name/nm0353673/,"/name/nm0000332/,/name/nm0000113/,/name/nm0628601/,/name/nm0037410/",439438.0,54580300.0,0.7021276595744681,0.1317846402938453
The Girl with the Dragon Tattoo,tt1568346,2011.0,,"['Crime', ' Drama', ' Mystery']",7.8,/name/nm0000399/,"/name/nm0185819/,/name/nm1913734/,/name/nm0001626/,/name/nm0001745/",469118.0,102515793.0,0.7021276595744681,0.14330859384858505
Memories of Murder,tt0353969,2003.0,,"['Crime', ' Drama', ' Mystery']",8.1,/name/nm0094435/,"/name/nm0814280/,/name/nm1235292/,/name/nm1323287/,/name/nm1138201/",189662.0,14131.0,0.7659574468085106,0.03480327159139664
Chicago,tt0299658,2002.0,,"['Comedy', ' Crime', ' Musical']",7.2,/name/nm0551128/,"/name/nm0000250/,/name/nm0001876/,/name/nm0000152/,/name/nm0004875/",233266.0,170687518.0,0.5744680851063831,0.05173354351864974
Fast Five,tt1596343,2011.0,,"['Action', ' Crime', ' Thriller']",7.3,/name/nm0510912/,"/name/nm0004874/,/name/nm0908094/,/name/nm0425005/,/name/nm0108287/",385936.0,209837675.0,0.5957446808510639,0.11101123857262944
Kindergarten Cop,tt0099938,1990.0,,"['Action', ' Comedy', ' Crime']",6.2,/name/nm0718645/,"/name/nm0000216/,/name/nm0000542/,/name/nm0715622/,/name/nm0001373/",153052.0,91457688.0,0.36170212765957455,0.020588583598168127
"O Brother, Where Art Thou?",tt0190590,2000.0,,"['Adventure', ' Comedy', ' Crime']",7.7,/name/nm0001054/,"/name/nm0001053/,/name/nm0000123/,/name/nm0001806/,/name/nm0625789/,/name/nm0000422/",316858.0,45512588.0,0.6808510638297873,0.08419009087538172
Cruella,tt3228774,2021.0,,"['Adventure', ' Comedy', ' Crime']",7.3,/name/nm0318916/,"/name/nm1297015/,/name/nm0000668/,/name/nm2181128/,/name/nm3236159/",238805.0,86103234.0,0.5957446808510639,0.05388418970260202
Law Abiding Citizen,tt1197624,2009.0,,"['Action', ' Crime', ' Drama']",7.4,/name/nm0336620/,"/name/nm0124930/,/name/nm0004937/,/name/nm0004753/,/name/nm0000538/",302444.0,73343413.0,0.6170212765957448,0.0785935185526722
The Fast and the Furious: Tokyo Drift,tt0463985,2006.0,,"['Action', ' Crime', ' Thriller']",6.0,/name/nm0510912/,"/name/nm0085407/,/name/nm0117022/,/name/nm0510168/,/name/nm2179185/",276811.0,62514415.0,0.31914893617021284,0.06864090731720575
Bad Boys II,tt0172156,2003.0,,"['Action', ' Comedy', ' Crime']",6.6,/name/nm0000881/,"/name/nm0000226/,/name/nm0001454/,/name/nm0005517/,/name/nm0003244/",255209.0,138608444.0,0.44680851063829785,0.06025342602712866
Butch Cassidy and the Sundance Kid,tt0064115,1969.0,,"['Biography', ' Crime', ' Drama']",8.0,/name/nm0001351/,"/name/nm0000056/,/name/nm0000602/,/name/nm0001684/,/name/nm0001510/",218588.0,102308889.0,0.7446808510638299,0.04603446702685493
L.A. Confidential,tt0119488,1997.0,,"['Crime', ' Drama', ' Mystery']",8.2,/name/nm0000436/,"/name/nm0000228/,/name/nm0000128/,/name/nm0001602/,/name/nm0000107/",587229.0,64616940.0,0.7872340425531914,0.18916794958658592
The Equalizer 2,tt3766354,2018.0,,"['Action', ' Crime', ' Thriller']",6.7,/name/nm0298807/,"/name/nm0000243/,/name/nm0050959/,/name/nm5480894/,/name/nm0004730/",164422.0,102084362.0,0.46808510638297884,0.025003251789454884
Cape Fear,tt0101540,1991.0,,"['Crime', ' Thriller']",7.3,/name/nm0000217/,"/name/nm0000134/,/name/nm0000560/,/name/nm0001448/,/name/nm0000496/",200187.0,79100000.0,0.5957446808510639,0.03888984878693693
Hustlers,tt5503686,2019.0,,"['Comedy', ' Crime', ' Drama']",6.3,/name/nm1032521/,"/name/nm2090422/,/name/nm0000182/,/name/nm0005466/,/name/nm9724879/",102395.0,104963598.0,0.3829787234042553,0.0009198196081933446
John Q,tt0251160,2002.0,,"['Crime', ' Drama', ' Thriller']",7.1,/name/nm0001024/,"/name/nm0000243/,/name/nm0000380/,/name/nm1131193/,/name/nm0253708/",137035.0,71756802.0,0.5531914893617021,0.014369609066959683
Bad Boys for Life,tt1502397,2020.0,,"['Action', ' Comedy', ' Crime']",6.5,/name/nm4816401/,"/name/nm4263190/,/name/nm0000226/,/name/nm0001454/,/name/nm1227814/,/name/nm1573253/",163933.0,206305244.0,0.4255319148936171,0.024813386112626457
Taken,tt0936501,2008.0,,"['Action', ' Crime', ' Thriller']",7.8,/name/nm0603628/,"/name/nm0000553/,/name/nm1192254/,/name/nm0000463/,/name/nm0650702/",608834.0,145000989.0,0.7021276595744681,0.19755659569676626
21,tt0478087,2008.0,,"['Crime', ' Drama', ' History']",6.8,/name/nm0525659/,"/name/nm0836343/,/name/nm0098378/,/name/nm0000228/,/name/nm1683094/",255868.0,81159365.0,0.4893617021276596,0.06050929817647413
A Time to Kill,tt0117913,1996.0,,"['Crime', ' Drama', ' Thriller']",7.5,/name/nm0001708/,"/name/nm0000190/,/name/nm0000113/,/name/nm0000168/,/name/nm0000228/",164463.0,108766007.0,0.6382978723404257,0.025019170997532522
Molly's Game,tt4209788,2017.0,,"['Biography', ' Crime', ' Drama']",7.4,/name/nm0815070/,"/name/nm1567113/,/name/nm0252961/,/name/nm0000126/,/name/nm0148418/",176292.0,28780744.0,0.6170212765957448,0.029612056664615288
BlacKkKlansman,tt7349662,2018.0,,"['Biography', ' Comedy', ' Crime']",7.5,/name/nm0000490/,"/name/nm0913475/,/name/nm3485845/,/name/nm5637553/,/name/nm0333410/",269265.0,49275340.0,0.6382978723404257,0.06571099648418466
Layer Cake,tt0375912,2004.0,,"['Action', ' Crime', ' Drama']",7.3,/name/nm0891216/,"/name/nm0185819/,/name/nm1092227/,/name/nm0002091/,/name/nm0362766/",185854.0,2338695.0,0.5957446808510639,0.03332472660701494
Twins,tt0096320,1988.0,,"['Comedy', ' Crime']",6.1,/name/nm0718645/,"/name/nm0000216/,/name/nm0000362/,/name/nm0000593/,/name/nm0916050/",128659.0,111936400.0,0.3404255319148936,0.011117431338708331
Game Night,tt2704998,2018.0,,"['Action', ' Adventure', ' Comedy']",6.9,/name/nm0197855/,"/name/nm0326246/,/name/nm0000867/,/name/nm1046097/,/name/nm0151419/,/name/nm1279721/",239542.0,69179066.0,0.5106382978723406,0.05417034717463177
American Gangster,tt0765429,2007.0,,"['Biography', ' Crime', ' Drama']",7.8,/name/nm0000631/,"/name/nm0000243/,/name/nm0000128/,/name/nm0252230/,/name/nm0000982/",431505.0,130164645.0,0.7021276595744681,0.12870446766750598
Man on Fire,tt0328107,2004.0,,"['Action', ' Crime', ' Drama']",7.7,/name/nm0001716/,"/name/nm0000243/,/name/nm0000686/,/name/nm0266824/,/name/nm0593664/",367938.0,77911774.0,0.6808510638297873,0.10402309449991361
The Assassination of Jesse James by the Coward Robert Ford,tt0443680,2007.0,,"['Biography', ' Crime', ' Drama']",7.5,/name/nm0231596/,"/name/nm0000093/,/name/nm0000729/,/name/nm0001731/,/name/nm0000571/",184895.0,3904982.0,0.6382978723404257,0.03295237244734528
Mr. & Mrs. Smith,tt0356910,2005.0,,"['Action', ' Comedy', ' Crime']",6.5,/name/nm0510731/,"/name/nm0000093/,/name/nm0001401/,/name/nm0111013/,/name/nm0000681/",504188.0,186336279.0,0.4255319148936171,0.1569253408554827
Traffic,tt0181865,2000.0,,"['Crime', ' Drama', ' Thriller']",7.6,/name/nm0001752/,"/name/nm0000140/,/name/nm0001125/,/name/nm0001876/,/name/nm0889846/",210005.0,124115725.0,0.6595744680851064,0.04270191671147988
A History of Violence,tt0399146,2005.0,,"['Action', ' Crime', ' Drama']",7.4,/name/nm0000343/,"/name/nm0001557/,/name/nm0004742/,/name/nm0000438/,/name/nm0000458/",242376.0,31493782.0,0.6170212765957448,0.05527071389882761
The Other Guys,tt1386588,2010.0,,"['Action', ' Comedy', ' Crime']",6.6,/name/nm0570912/,"/name/nm0002071/,/name/nm0000242/,/name/nm1157013/,/name/nm0578949/",273760.0,119219978.0,0.44680851063829785,0.06745628527220875
Sicario: Day of the Soldado,tt5052474,2018.0,,"['Action', ' Crime', ' Drama']",7.0,/name/nm1356588/,"/name/nm0001125/,/name/nm0000982/,/name/nm5097044/,/name/nm0232998/",152158.0,50072235.0,0.5319148936170214,0.020241467207402043
The Fugitive,tt0106977,1993.0,,"['Action', ' Crime', ' Drama']",7.8,/name/nm0001112/,"/name/nm0000148/,/name/nm0000169/,/name/nm0000688/,/name/nm0000194/",299707.0,183875760.0,0.7021276595744681,0.07753081434514784
Furious 6,tt1905041,2013.0,,"['Action', ' Crime', ' Thriller']",7.0,/name/nm0510912/,"/name/nm0004874/,/name/nm0908094/,/name/nm0425005/,/name/nm0735442/",398740.0,238679850.0,0.5319148936170214,0.11598269077326583
Face/Off,tt0119094,1997.0,,"['Action', ' Crime', ' Sci-Fi']",7.3,/name/nm0000247/,"/name/nm0000237/,/name/nm0000115/,/name/nm0000260/,/name/nm0005273/",382558.0,112225777.0,0.5957446808510639,0.10969965113637908
Thelma & Louise,tt0103074,1991.0,,"['Adventure', ' Crime', ' Drama']",7.5,/name/nm0000631/,"/name/nm0000215/,/name/nm0000133/,/name/nm0000172/,/name/nm0000514/",159002.0,45361000.0,0.6382978723404257,0.02289881013626454
Heathers,tt0097493,1988.0,,"['Comedy', ' Crime']",7.2,/name/nm0499724/,"/name/nm0000213/,/name/nm0000225/,/name/nm0001147/,/name/nm0266170/",107207.0,1108462.0,0.5744680851063831,0.0027881910537933337
The Mask,tt0110475,1994.0,,"['Action', ' Comedy', ' Crime']",6.9,/name/nm0751080/,"/name/nm0000120/,/name/nm0000139/,/name/nm0726200/,/name/nm0338886/",393009.0,119938730.0,0.5106382978723406,0.11375749610270607
Central Intelligence,tt1489889,2016.0,,"['Action', ' Comedy', ' Crime']",6.3,/name/nm1098493/,"/name/nm0425005/,/name/nm0366389/,/name/nm0630379/,/name/nm0752407/",195964.0,127440871.0,0.3829787234042553,0.0372501703549401
The Lincoln Lawyer,tt1189340,2011.0,,"['Crime', ' Drama', ' Mystery']",7.3,/name/nm1026778/,"/name/nm0000190/,/name/nm0000673/,/name/nm0000202/,/name/nm0000513/",241937.0,58009200.0,0.5957446808510639,0.05510026189038655
A Simple Favor,tt7040874,2018.0,,"['Comedy', ' Crime', ' Mystery']",6.8,/name/nm0082450/,"/name/nm0447695/,/name/nm0515116/,/name/nm6525901/,/name/nm0710330/",152256.0,53548586.0,0.4893617021276596,0.02027951799744128
The Place Beyond the Pines,tt1817273,2012.0,,"['Crime', ' Drama', ' Thriller']",7.3,/name/nm0161834/,"/name/nm0331516/,/name/nm0177896/,/name/nm0578949/,/name/nm3995471/",273274.0,21383298.0,0.5957446808510639,0.06726758441548357
RED,tt1245526,2010.0,,"['Action', ' Comedy', ' Crime']",7.0,/name/nm0777881/,"/name/nm0000246/,/name/nm0000545/,/name/nm0000151/,/name/nm0000571/",312635.0,90380162.0,0.5319148936170214,0.08255041244338489
Jack Reacher: Never Go Back,tt3393786,2016.0,,"['Action', ' Crime', ' Drama']",6.1,/name/nm0001880/,"/name/nm0000129/,/name/nm1130627/,/name/nm0388038/,/name/nm0460694/",162602.0,58697076.0,0.3404255319148936,0.024296594260154805
Collateral,tt0369339,2004.0,,"['Action', ' Crime', ' Drama']",7.5,/name/nm0000520/,"/name/nm0000129/,/name/nm0004937/,/name/nm0000586/,/name/nm0749263/",410754.0,101005703.0,0.6382978723404257,0.12064740701338184
Jackie Brown,tt0119396,1997.0,,"['Crime', ' Drama', ' Thriller']",7.5,/name/nm0000233/,"/name/nm0000427/,/name/nm0000168/,/name/nm0001233/,/name/nm0000403/",354576.0,39673162.0,0.6382978723404257,0.09883498576007424
The Talented Mr. Ripley,tt0134119,1999.0,,"['Crime', ' Drama', ' Thriller']",7.4,/name/nm0005237/,"/name/nm0000354/,/name/nm0000569/,/name/nm0000179/,/name/nm0000949/",216061.0,81298265.0,0.6170212765957448,0.04505330022655751
Despicable Me,tt1323594,2010.0,,"['Animation', ' Adventure', ' Comedy']",7.6,/name/nm1853544/,"/name/nm0719208/,/name/nm0136797/,/name/nm0781981/,/name/nm1258970/,/name/nm0000267/",553741.0,251513985.0,0.6595744680851064,0.17616545104746448
West Side Story,tt0055614,1961.0,,"['Crime', ' Drama', ' Musical']",7.6,/name/nm0730385/,"/name/nm0936404/,/name/nm0000081/,/name/nm0001995/,/name/nm0000937/,/name/nm0848560/",115860.0,43656822.0,0.6595744680851064,0.006147920504910687
The Drop,tt1600196,2014.0,,"['Crime', ' Drama', ' Thriller']",7.0,/name/nm1742427/,"/name/nm0362766/,/name/nm0636426/,/name/nm0001254/,/name/nm0774386/",154288.0,10724389.0,0.5319148936170214,0.021068489480703785
Lethal Weapon,tt0093409,1987.0,,"['Action', ' Crime', ' Thriller']",7.6,/name/nm0001149/,"/name/nm0000154/,/name/nm0000418/,/name/nm0000997/,/name/nm0752751/",262930.0,65207127.0,0.6595744680851064,0.06325128469950553
Wanted,tt0493464,2008.0,,"['Action', ' Crime', ' Thriller']",6.7,/name/nm0067457/,"/name/nm0001401/,/name/nm0564215/,/name/nm0000151/,/name/nm0000654/",393984.0,134508551.0,0.46808510638297884,0.11413606263625968
Kill Bill: Vol. 2,tt0378194,2004.0,,"['Action', ' Crime', ' Thriller']",8.0,/name/nm0000233/,"/name/nm0000235/,/name/nm0001016/,/name/nm0000514/,/name/nm0000435/",764292.0,66208183.0,0.7446808510638299,0.25791679690002545
Now You See Me 2,tt3110958,2016.0,,"['Action', ' Adventure', ' Comedy']",6.4,/name/nm0160840/,"/name/nm0251986/,/name/nm0749263/,/name/nm0000437/,/name/nm2002649/",296670.0,65075540.0,0.4042553191489363,0.0763516281272993
Slumdog Millionaire,tt1010048,2008.0,,"['Crime', ' Drama', ' Romance']",8.0,/name/nm0000965/,"/name/nm0849164/,/name/nm2353862/,/name/nm2951768/,/name/nm0795661/,/name/nm0438463/",851511.0,141319928.0,0.7446808510638299,0.29178161176157685
The Italian Job,tt0317740,2003.0,,"['Action', ' Crime', ' Thriller']",7.0,/name/nm0336620/,"/name/nm0000661/,/name/nm0000242/,/name/nm0001570/,/name/nm0000234/",373406.0,106128601.0,0.5319148936170214,0.10614617327475583
Step Up,tt0462590,2006.0,,"['Crime', ' Drama', ' Music']",6.5,/name/nm0281945/,"/name/nm1475594/,/name/nm1564087/,/name/nm1690482/,/name/nm2026113/",121124.0,65328121.0,0.4255319148936171,0.008191791512732454
Focus,tt2381941,2015.0,,"['Comedy', ' Crime', ' Drama']",6.6,/name/nm0275629/,"/name/nm0720135/,/name/nm0000226/,/name/nm3053338/,/name/nm0763928/,/name/nm0553440/",253949.0,53862963.0,0.44680851063829785,0.059764201583767065
Horrible Bosses,tt1499658,2011.0,,"['Comedy', ' Crime']",6.9,/name/nm1164861/,"/name/nm0000867/,/name/nm0206359/,/name/nm0837177/,/name/nm2528248/",453822.0,117538559.0,0.5106382978723406,0.1373695644155224
American Made,tt3532216,2017.0,,"['Action', ' Comedy', ' Crime']",7.1,/name/nm0510731/,"/name/nm0000129/,/name/nm1727304/,/name/nm0942792/,/name/nm0687146/",189626.0,51342000.0,0.5531914893617021,0.03478929375015773
The Invisible Guest,tt4857264,2016.0,,"['Crime', ' Drama', ' Mystery']",8.0,/name/nm1079062/,"/name/nm1832584/,/name/nm0905676/,/name/nm0180580/,/name/nm1036659/",179618.0,5017971.0,0.7446808510638299,0.030903453885742796
Natural Born Killers,tt0110632,1994.0,,"['Action', ' Crime', ' Drama']",7.2,/name/nm0000231/,"/name/nm0000437/,/name/nm0000496/,/name/nm0001744/,/name/nm0001098/",239008.0,50282766.0,0.5744680851063831,0.05396300919625471
The Girl on the Train,tt3631112,2016.0,,"['Crime', ' Drama', ' Mystery']",6.5,/name/nm0853238/,"/name/nm1289434/,/name/nm2247245/,/name/nm0272581/,/name/nm0857620/",190326.0,75395035.0,0.4255319148936171,0.035061085107580846
The Blues Brothers,tt0080455,1980.0,,"['Action', ' Adventure', ' Comedy']",7.9,/name/nm0000484/,"/name/nm0000004/,/name/nm0000101/,/name/nm0130572/,/name/nm0001006/",203510.0,57229890.0,0.7234042553191491,0.040180081187961195
Faster,tt1433108,2010.0,,"['Action', ' Crime', ' Drama']",6.4,/name/nm0863387/,"/name/nm0425005/,/name/nm0000671/,/name/nm1192254/,/name/nm4170324/",108816.0,23240020.0,0.4042553191489363,0.0034129229024987334
Red Dragon,tt0289765,2002.0,,"['Crime', ' Drama', ' Thriller']",7.2,/name/nm0711840/,"/name/nm0000164/,/name/nm0001570/,/name/nm0000146/,/name/nm0000172/",277743.0,93149898.0,0.5744680851063831,0.06900277809594624
Logan Lucky,tt5439796,2017.0,,"['Action', ' Comedy', ' Crime']",7.0,/name/nm0001752/,"/name/nm1475594/,/name/nm3485845/,/name/nm0185819/,/name/nm5008863/",153082.0,27780977.0,0.5319148936170214,0.020600231799200546
War Dogs,tt2005151,2016.0,,"['Biography', ' Comedy', ' Crime']",7.1,/name/nm0680846/,"/name/nm1706767/,/name/nm1886602/,/name/nm3111373/,/name/nm1816775/",225913.0,43034523.0,0.5531914893617021,0.04887856944560387
A Bronx Tale,tt0106489,1993.0,,"['Crime', ' Drama']",7.8,/name/nm0000134/,"/name/nm0000134/,/name/nm0001590/,/name/nm0000969/,/name/nm0135584/",145508.0,17266971.0,0.7021276595744681,0.017659449311882524
Don't Breathe,tt4160708,2016.0,,"['Crime', ' Horror', ' Thriller']",7.1,/name/nm1793079/,"/name/nm0002332/,/name/nm3994408/,/name/nm1910255/,/name/nm4683167/",280502.0,89217875.0,0.5531914893617021,0.07007402431756102
The Unforgivable,tt11233960,2021.0,,"['Crime', ' Drama']",7.1,/name/nm3519173/,"/name/nm0000113/,/name/nm0205626/,/name/nm0000352/,/name/nm1256532/",111688.0,5017971.0,0.5531914893617021,0.004528044014668968
The Crow,tt0109506,1994.0,,"['Action', ' Crime', ' Drama']",7.5,/name/nm0001639/,"/name/nm0000488/,/name/nm0000699/,/name/nm0205373/,/name/nm0001368/",187760.0,50693162.0,0.6382978723404257,0.03406477564594128
Southpaw,tt1798684,2015.0,,"['Action', ' Crime', ' Drama']",7.3,/name/nm0298807/,"/name/nm0350453/,/name/nm1046097/,/name/nm4802218/,/name/nm0001845/",242527.0,52421953.0,0.5957446808510639,0.05532934317735745
Side Effects,tt2053463,2013.0,,"['Crime', ' Drama', ' Mystery']",7.1,/name/nm0001752/,"/name/nm1913734/,/name/nm1475594/,/name/nm0000179/,/name/nm0001876/",191718.0,32172757.0,0.5531914893617021,0.03560156163548508
The Basketball Diaries,tt0112461,1995.0,,"['Biography', ' Crime', ' Drama']",7.3,/name/nm0436284/,"/name/nm0000138/,/name/nm0000966/,/name/nm0812427/,/name/nm0534944/",113999.0,2424439.0,0.5957446808510639,0.0054253437675329695
22 Jump Street,tt2294449,2014.0,,"['Action', ' Comedy', ' Crime']",7.0,/name/nm0520488/,"/name/nm0588087/,/name/nm1475594/,/name/nm1706767/,/name/nm0001084/,/name/nm0644406/",383574.0,191719337.0,0.5319148936170214,0.11009413687801033
What Happened to Monday,tt1536537,2017.0,,"['Action', ' Crime', ' Fantasy']",6.8,/name/nm2482088/,"/name/nm0636426/,/name/nm0000335/,/name/nm0000353/,/name/nm3092471/",126108.0,5017971.0,0.4893617021276596,0.010126945977584978
Burn After Reading,tt0887883,2008.0,,"['Comedy', ' Crime', ' Drama']",7.0,/name/nm0001053/,"/name/nm0001054/,/name/nm0000093/,/name/nm0000531/,/name/nm0000123/,/name/nm0000518/",337491.0,60355347.0,0.5319148936170214,0.09220133527211169
3:10 to Yuma,tt0381849,2007.0,,"['Action', ' Crime', ' Drama']",7.7,/name/nm0003506/,"/name/nm0000128/,/name/nm0000288/,/name/nm0004936/,/name/nm0503567/",316785.0,53606916.0,0.6808510638297873,0.08416174691953617
Falling Down,tt0106856,1993.0,,"['Action', ' Crime', ' Drama']",7.6,/name/nm0001708/,"/name/nm0000140/,/name/nm0000380/,/name/nm0001347/,/name/nm0001797/",193544.0,40903593.0,0.6595744680851064,0.03631054880499164
To Kill a Mockingbird,tt0056592,1962.0,,"['Crime', ' Drama']",8.3,/name/nm0612322/,"/name/nm0000060/,/name/nm0576345/,/name/nm0653942/,/name/nm0614677/",318985.0,5017971.0,0.8085106382978726,0.08501594832858023
Running Scared,tt0404390,2006.0,,"['Action', ' Crime', ' Drama']",7.3,/name/nm0469694/,"/name/nm0908094/,/name/nm1080974/,/name/nm0001590/,/name/nm0267812/",100999.0,6855137.0,0.5957446808510639,0.00037778998681811915
Desperado,tt0112851,1995.0,,"['Action', ' Crime', ' Thriller']",7.1,/name/nm0001675/,"/name/nm0000104/,/name/nm0000161/,/name/nm0021835/,/name/nm0001507/",188943.0,25625110.0,0.5531914893617021,0.034524103039986334
Austin Powers: The Spy Who Shagged Me,tt0145660,1999.0,,"['Action', ' Adventure', ' Comedy']",6.6,/name/nm0005366/,"/name/nm0000196/,/name/nm0001287/,/name/nm0001868/,/name/nm0001822/",237661.0,206040086.0,0.44680851063829785,0.053440004969899105
The Untouchables,tt0094226,1987.0,,"['Crime', ' Drama', ' Thriller']",7.8,/name/nm0000361/,"/name/nm0000126/,/name/nm0000125/,/name/nm0000134/,/name/nm0001747/",314682.0,76270454.0,0.7021276595744681,0.08334520802716361
RocknRolla,tt1032755,2008.0,,"['Action', ' Crime', ' Thriller']",7.2,/name/nm0005363/,"/name/nm0124930/,/name/nm0929489/,/name/nm0252961/,/name/nm0628601/",255924.0,5694401.0,0.5744680851063831,0.06053104148506798
Boyz n the Hood,tt0101507,1991.0,,"['Crime', ' Drama']",7.8,/name/nm0005436/,"/name/nm0000421/,/name/nm0000401/,/name/nm0015677/,/name/nm0042998/",143672.0,57504069.0,0.7021276595744681,0.016946579408698488
Captain Phillips,tt1535109,2013.0,,"['Action', ' Biography', ' Crime']",7.8,/name/nm0339030/,"/name/nm0000158/,/name/nm5831542/,/name/nm5831543/,/name/nm0001416/",467045.0,107100855.0,0.7021276595744681,0.1425037031572449
Out of the Furnace,tt1206543,2013.0,,"['Action', ' Crime', ' Drama']",6.7,/name/nm0178376/,"/name/nm0000288/,/name/nm0000729/,/name/nm0757855/,/name/nm0000437/",118905.0,11326836.0,0.46808510638297884,0.007330212909701204
Minions,tt2293640,2015.0,,"['Animation', ' Adventure', ' Comedy']",6.4,/name/nm0049633/,"/name/nm1853544/,/name/nm0000113/,/name/nm0358316/,/name/nm0000474/,/name/nm1853544/",243192.0,336045770.0,0.4042553191489363,0.0555875449669094
Green Room,tt4062536,2015.0,,"['Crime', ' Drama', ' Horror']",7.0,/name/nm1099918/,"/name/nm0947338/,/name/nm1782299/,/name/nm0790057/,/name/nm0001772/",128580.0,3219029.0,0.5319148936170214,0.011086757742656295
Lucky Number Slevin,tt0425210,2006.0,,"['Crime', ' Drama', ' Thriller']",7.7,/name/nm0006476/,"/name/nm0001326/,/name/nm0001426/,/name/nm0000151/,/name/nm0005154/",316666.0,22494487.0,0.6808510638297873,0.08411554238877424
Spring Breakers,tt2101441,2012.0,,"['Crime', ' Drama', ' Thriller']",5.3,/name/nm0005101/,"/name/nm1227814/,/name/nm1411125/,/name/nm1667364/,/name/nm2540339/",143974.0,14123773.0,0.1702127659574468,0.017063837965758173
S.W.A.T.,tt0257076,2003.0,,"['Action', ' Adventure', ' Crime']",6.0,/name/nm0424800/,"/name/nm0000168/,/name/nm0268199/,/name/nm0735442/,/name/nm0005112/",149620.0,116934650.0,0.31914893617021284,0.019256029400059407
Pineapple Express,tt0910936,2008.0,,"['Action', ' Comedy', ' Crime']",6.9,/name/nm0337773/,"/name/nm0736622/,/name/nm0290556/,/name/nm0170550/,/name/nm1144419/",344377.0,87341380.0,0.5106382978723406,0.09487498568241956
Savages,tt1615065,2012.0,,"['Action', ' Crime', ' Drama']",6.4,/name/nm0000231/,"/name/nm1093951/,/name/nm2018237/,/name/nm0515116/,/name/nm0001125/",131569.0,47382068.0,0.4042553191489363,0.012247306838852962
I Saw the Devil,tt1588170,2010.0,,"['Action', ' Crime', ' Drama']",7.8,/name/nm0453518/,"/name/nm0496932/,/name/nm0158856/,/name/nm1926499/,/name/nm1141657/",133877.0,128392.0,0.7021276595744681,0.013143441771613723
Monster,tt0340855,2003.0,,"['Biography', ' Crime', ' Drama']",7.3,/name/nm0420941/,"/name/nm0000234/,/name/nm0000207/,/name/nm0001136/,/name/nm0855564/",154254.0,34469210.0,0.5957446808510639,0.021055288186200376
Lethal Weapon 2,tt0097733,1989.0,,"['Action', ' Crime', ' Thriller']",7.2,/name/nm0001149/,"/name/nm0000154/,/name/nm0000418/,/name/nm0000582/,/name/nm0000475/",179571.0,147253986.0,0.5744680851063831,0.030885205037458674
Lawless,tt1212450,2012.0,,"['Biography', ' Crime', ' Drama']",7.2,/name/nm0384825/,"/name/nm0362766/,/name/nm0479471/,/name/nm0001602/,/name/nm0164809/",245062.0,37400127.0,0.5744680851063831,0.05631361616459685
Mississippi Burning,tt0095647,1988.0,,"['Crime', ' Drama', ' Mystery']",7.8,/name/nm0000570/,"/name/nm0000432/,/name/nm0000353/,/name/nm0000531/,/name/nm0000374/",102910.0,34603943.0,0.7021276595744681,0.0011197803925832022
Rush Hour,tt0120812,1998.0,,"['Action', ' Comedy', ' Crime']",7.0,/name/nm0711840/,"/name/nm0000329/,/name/nm0000676/,/name/nm0504962/,/name/nm0929489/",274682.0,141153686.0,0.5319148936170214,0.06781427331727176
Lolita,tt0056193,1962.0,,"['Crime', ' Drama', ' Romance']",7.5,/name/nm0000040/,"/name/nm0000051/,/name/nm0001859/,/name/nm0528987/,/name/nm0168324/",103560.0,9250000.0,0.6382978723404257,0.0013721580816189447
Who Framed Roger Rabbit,tt0096438,1988.0,,"['Animation', ' Adventure', ' Comedy']",7.7,/name/nm0000709/,"/name/nm0001364/,/name/nm0000502/,/name/nm0001026/,/name/nm0281486/",205008.0,156452370.0,0.6808510638297873,0.040761714692846646
Black Mass,tt1355683,2015.0,,"['Biography', ' Crime', ' Drama']",6.9,/name/nm0178376/,"/name/nm0000136/,/name/nm1212722/,/name/nm0424848/,/name/nm0249291/",183984.0,62575678.0,0.5106382978723406,0.03259865540932749
Batman Returns,tt0103776,1992.0,,"['Action', ' Crime', ' Fantasy']",7.1,/name/nm0000318/,"/name/nm0000474/,/name/nm0000362/,/name/nm0000201/,/name/nm0000686/",310010.0,162831698.0,0.5531914893617021,0.08153119485304823
End of Watch,tt1855199,2012.0,,"['Action', ' Adventure', ' Crime']",7.6,/name/nm0043742/,"/name/nm0350453/,/name/nm0671567/,/name/nm0447695/,/name/nm1065229/",253039.0,41003371.0,0.6595744680851064,0.05941087281911703
Perfume: The Story of a Murderer,tt0396171,2006.0,,"['Crime', ' Drama', ' Fantasy']",7.5,/name/nm0878756/,"/name/nm0924210/,/name/nm0000163/,/name/nm0000614/,/name/nm0016852/",254604.0,2223293.0,0.6382978723404257,0.06001852063964155
Eastern Promises,tt0765443,2007.0,,"['Crime', ' Drama', ' Thriller']",7.6,/name/nm0000343/,"/name/nm0915208/,/name/nm0001557/,/name/nm0000090/,/name/nm1086981/",247256.0,17114882.0,0.6595744680851064,0.057165487933434414
The Hitman's Bodyguard,tt1959563,2017.0,,"['Action', ' Comedy', ' Crime']",6.9,/name/nm0400850/,"/name/nm0005351/,/name/nm0000168/,/name/nm0000198/,/name/nm1392388/",234947.0,75468583.0,0.5106382978723406,0.05238623104983295
Megamind,tt1001526,2010.0,,"['Animation', ' Action', ' Comedy']",7.3,/name/nm0569891/,"/name/nm0002071/,/name/nm1706767/,/name/nm0000093/,/name/nm0275486/",269272.0,148415853.0,0.5957446808510639,0.06571371439775889
Dogville,tt0276919,2003.0,,"['Crime', ' Drama']",8.0,/name/nm0001885/,"/name/nm0000173/,/name/nm0079273/,/name/nm0000002/,/name/nm0027683/",151122.0,1530386.0,0.7446808510638299,0.019839215998415843
The Mexican,tt0236493,2001.0,,"['Adventure', ' Comedy', ' Crime']",6.1,/name/nm0893659/,"/name/nm0000093/,/name/nm0000210/,/name/nm0001254/,/name/nm0799777/",109871.0,66808615.0,0.3404255319148936,0.0038225513054721307
Rambo: Last Blood,tt1206885,2019.0,,"['Action', ' Crime', ' Thriller']",6.1,/name/nm0344496/,"/name/nm0000230/,/name/nm0891895/,/name/nm0673824/,/name/nm0056770/",101156.0,18872919.0,0.3404255319148936,0.00043874890555444467
The Cell,tt0209958,2000.0,,"['Crime', ' Horror', ' Sci-Fi']",6.4,/name/nm0802248/,"/name/nm0000182/,/name/nm0000681/,/name/nm0000352/,/name/nm0416381/",104454.0,61334059.0,0.4042553191489363,0.0017192744723850274
Glengarry Glen Ross,tt0104348,1992.0,,"['Crime', ' Drama', ' Mystery']",7.7,/name/nm0001226/,"/name/nm0000199/,/name/nm0000493/,/name/nm0000285/,/name/nm0000273/",108337.0,10725228.0,0.6808510638297873,0.0032269399593477786
Smokin' Aces,tt0475394,2006.0,,"['Action', ' Comedy', ' Crime']",6.6,/name/nm0138620/,"/name/nm0005315/,/name/nm0005351/,/name/nm0000501/,/name/nm0750826/",147203.0,35662731.0,0.44680851063829785,0.01831757267021419
Four Brothers,tt0430105,2005.0,,"['Action', ' Crime', ' Drama']",6.8,/name/nm0005436/,"/name/nm0000242/,/name/nm0879085/,/name/nm0071275/,/name/nm1330560/",149702.0,74494381.0,0.4893617021276596,0.019287867816214683
Blow,tt0221027,2001.0,,"['Biography', ' Crime', ' Drama']",7.5,/name/nm0001130/,"/name/nm0000136/,/name/nm0004851/,/name/nm0004376/,/name/nm0341737/",264010.0,52990775.0,0.6382978723404257,0.06367061993667261
Gone in 60 Seconds,tt0187078,2000.0,,"['Action', ' Crime', ' Thriller']",6.5,/name/nm0784061/,"/name/nm0000115/,/name/nm0001401/,/name/nm0000610/,/name/nm0189278/",282640.0,101648571.0,0.4255319148936171,0.07090415277780474
Inferno,tt3062096,2016.0,,"['Action', ' Adventure', ' Crime']",6.2,/name/nm0000165/,"/name/nm0000158/,/name/nm0428065/,/name/nm0451234/,/name/nm0004936/",179410.0,34343574.0,0.36170212765957455,0.030822693025251358
Escape from Alcatraz,tt0079116,1979.0,,"['Action', ' Biography', ' Crime']",7.6,/name/nm0796923/,"/name/nm0000142/,/name/nm0001526/,/name/nm0089348/,/name/nm0857806/",139763.0,43000000.0,0.6595744680851064,0.015428818814174308
Ghost in the Shell,tt1219827,2017.0,,"['Action', ' Crime', ' Drama']",6.3,/name/nm2782185/,"/name/nm0424060/,/name/nm1561982/,/name/nm0001429/,/name/nm0000300/",218295.0,40563557.0,0.3829787234042553,0.04592070293010497
The Mule,tt7959026,2018.0,,"['Crime', ' Drama', ' Thriller']",7.0,/name/nm0000142/,"/name/nm0000142/,/name/nm8423767/,/name/nm1478076/,/name/nm3169819/",140573.0,103804407.0,0.5319148936170214,0.015743320242049618
The Danish Girl,tt0810819,2015.0,,"['Biography', ' Crime', ' Drama']",7.1,/name/nm0393799/,"/name/nm1519666/,/name/nm2539953/,/name/nm1720028/,/name/nm0924210/",189455.0,11114018.0,0.5531914893617021,0.03472289900427295
Deja Vu,tt0453467,2006.0,,"['Action', ' Crime', ' Sci-Fi']",7.1,/name/nm0001716/,"/name/nm0000243/,/name/nm1745736/,/name/nm0001029/,/name/nm0000174/",314988.0,64038616.0,0.5531914893617021,0.08346401967769428
The Punisher,tt0330793,2004.0,,"['Action', ' Crime', ' Drama']",6.4,/name/nm0378144/,"/name/nm0005048/,/name/nm0000237/,/name/nm0000526/,/name/nm0005009/",162820.0,33682273.0,0.4042553191489363,0.024381237854323716
I Care a Lot,tt9893250,2020.0,,"['Comedy', ' Crime', ' Drama']",6.3,/name/nm2128335/,"/name/nm0683253/,/name/nm0227759/,/name/nm2555462/,/name/nm0001848/",135261.0,5017971.0,0.3829787234042553,0.01368081211257598
Wall Street,tt0094291,1987.0,,"['Crime', ' Drama']",7.3,/name/nm0000231/,"/name/nm0000221/,/name/nm0000140/,/name/nm0876645/,/name/nm0184429/",158322.0,43848100.0,0.5957446808510639,0.022634784246196377
Dirty Harry,tt0066999,1971.0,,"['Action', ' Crime', ' Thriller']",7.7,/name/nm0796923/,"/name/nm0000142/,/name/nm0000142/,/name/nm0732367/,/name/nm0345340/,/name/nm0763858/",159569.0,35900000.0,0.6808510638297873,0.023118961135777254
Dredd,tt1343727,2012.0,,"['Action', ' Crime', ' Sci-Fi']",7.1,/name/nm0871428/,"/name/nm0881631/,/name/nm1880888/,/name/nm0372176/,/name/nm0939943/",279280.0,13414714.0,0.5531914893617021,0.06959955426217383
Public Enemies,tt1152836,2009.0,,"['Action', ' Biography', ' Crime']",7.0,/name/nm0000520/,"/name/nm0000288/,/name/nm0000136/,/name/nm0831601/,/name/nm0164809/",307129.0,97104620.0,0.5319148936170214,0.08041257928056827
Donnie Brasco,tt0119008,1997.0,,"['Biography', ' Crime', ' Drama']",7.7,/name/nm0001565/,"/name/nm0000199/,/name/nm0000136/,/name/nm0000514/,/name/nm0456124/",313040.0,41909762.0,0.6808510638297873,0.08270766315732254
Miss Congeniality,tt0212346,2000.0,,"['Action', ' Comedy', ' Crime']",6.3,/name/nm0677953/,"/name/nm0000113/,/name/nm0000323/,/name/nm0000973/,/name/nm0000298/",215148.0,106807667.0,0.3829787234042553,0.04469880664180423
Sin City: A Dame to Kill For,tt0458481,2014.0,,"['Action', ' Crime', ' Thriller']",6.5,/name/nm0588340/,"/name/nm0001675/,/name/nm0000620/,/name/nm0004695/,/name/nm0000982/,/name/nm0330687/",164350.0,13757804.0,0.4255319148936171,0.024975296106977077
Super Troopers,tt0247745,2001.0,,"['Comedy', ' Crime', ' Mystery']",7.0,/name/nm0151540/,"/name/nm0151540/,/name/nm0373571/,/name/nm0899282/,/name/nm0449466/",107257.0,18488314.0,0.5319148936170214,0.0028076047221806985
Good Time,tt4846232,2017.0,,"['Crime', ' Drama', ' Thriller']",7.3,/name/nm1509478/,"/name/nm1343394/,/name/nm1500155/,/name/nm1509478/,/name/nm0000492/,/name/nm7350709/",128030.0,2026499.0,0.5957446808510639,0.010873207390395281
R.I.P.D.,tt0790736,2013.0,,"['Action', ' Adventure', ' Comedy']",5.6,/name/nm0777881/,"/name/nm0005351/,/name/nm0000313/,/name/nm0000571/,/name/nm0000102/",136503.0,33618855.0,0.2340425531914893,0.014163047635318123
The Heat,tt2404463,2013.0,,"['Action', ' Comedy', ' Crime']",6.6,/name/nm0082450/,"/name/nm0000113/,/name/nm0567912/,/name/nm0565250/,/name/nm0065007/",174903.0,159582188.0,0.44680851063829785,0.029072744956814296
Daredevil,tt0287978,2003.0,,"['Action', ' Crime']",5.3,/name/nm0425756/,"/name/nm0000255/,/name/nm0004950/,/name/nm0268199/,/name/nm0003817/",222461.0,102543520.0,0.1702127659574468,0.04753824978014021
The Bank Job,tt0200465,2008.0,,"['Crime', ' Drama', ' Thriller']",7.2,/name/nm0002044/,"/name/nm0005458/,/name/nm0004787/,/name/nm1304386/,/name/nm0990547/",183873.0,30060660.0,0.5744680851063831,0.03255555706550754
Beverly Hills Cop II,tt0092644,1987.0,,"['Action', ' Comedy', ' Crime']",6.5,/name/nm0001716/,"/name/nm0000552/,/name/nm0001662/,/name/nm0001638/,/name/nm0001074/",122754.0,153665000.0,0.4255319148936171,0.008824677102160547
La haine,tt0113247,1995.0,,"['Crime', ' Drama']",8.1,/name/nm0440913/,"/name/nm0001993/,/name/nm0468003/,/name/nm0846548/,/name/nm0315760/",177425.0,309811.0,0.7659574468085106,0.030051970390272974
Lethal Weapon 3,tt0104714,1992.0,,"['Action', ' Crime', ' Thriller']",6.7,/name/nm0001149/,"/name/nm0000154/,/name/nm0000418/,/name/nm0000582/,/name/nm0000623/",171341.0,144731527.0,0.46808510638297884,0.027689715220898425
U.S. Marshals,tt0120873,1998.0,,"['Action', ' Crime', ' Thriller']",6.5,/name/nm0000829/,"/name/nm0000169/,/name/nm0000648/,/name/nm0000375/,/name/nm0001592/",108086.0,57167405.0,0.4255319148936171,0.003129483344043207
Dog Day Afternoon,tt0072890,1975.0,,"['Biography', ' Crime', ' Drama']",8.0,/name/nm0001486/,"/name/nm0000199/,/name/nm0001030/,/name/nm0020897/,/name/nm0101604/",260263.0,50000000.0,0.7446808510638299,0.062215759627723494
Bronson,tt1172570,2008.0,,"['Action', ' Crime', ' Drama']",7.0,/name/nm0716347/,"/name/nm0362766/,/name/nm1433549/,/name/nm1568589/,/name/nm3032715/",133876.0,104792.0,0.5319148936170214,0.013143053498245976
The Naked Gun: From the Files of Police Squad!,tt0095705,1988.0,,"['Comedy', ' Crime']",7.6,/name/nm0001878/,"/name/nm0000558/,/name/nm0001636/,/name/nm0001740/,/name/nm0001544/",173345.0,78756177.0,0.6595744680851064,0.028467815049864006
Payback,tt0120784,1999.0,,"['Action', ' Crime', ' Drama']",7.1,/name/nm0001338/,"/name/nm0000154/,/name/nm0001344/,/name/nm0004742/,/name/nm0001601/",140456.0,81526121.0,0.5531914893617021,0.015697892258023184
The King of Comedy,tt0085794,1982.0,,"['Comedy', ' Crime', ' Drama']",7.8,/name/nm0000217/,"/name/nm0000134/,/name/nm0001471/,/name/nm0007958/,/name/nm0000928/",106918.0,2500000.0,0.7021276595744681,0.002675980050514365
A Fish Called Wanda,tt0095159,1988.0,,"['Comedy', ' Crime']",7.5,/name/nm0187769/,"/name/nm0000092/,/name/nm0000092/,/name/nm0000130/,/name/nm0000177/,/name/nm0001589/",145191.0,63493712.0,0.6382978723404257,0.01753636665430663
The Raid: Redemption,tt1899353,2011.0,,"['Action', ' Crime', ' Thriller']",7.6,/name/nm2153088/,"/name/nm3299397/,/name/nm1146705/,/name/nm1228805/,/name/nm1902766/",207524.0,4105187.0,0.6595744680851064,0.041738610486098844
The Brothers Grimsby,tt3381008,2016.0,,"['Action', ' Adventure', ' Comedy']",6.2,/name/nm0504642/,"/name/nm0056187/,/name/nm0835016/,/name/nm2313103/,/name/nm7534357/",104994.0,6864016.0,0.36170212765957455,0.0019289420909685674
Rounders,tt0128442,1998.0,,"['Crime', ' Drama']",7.3,/name/nm0001093/,"/name/nm0000354/,/name/nm0001570/,/name/nm0001543/,/name/nm0000518/",153841.0,22905674.0,0.5957446808510639,0.02089493128532074
Entrapment,tt0137494,1999.0,,"['Action', ' Crime', ' Romance']",6.3,/name/nm0000750/,"/name/nm0000125/,/name/nm0001876/,/name/nm0000609/,/name/nm0001599/",118209.0,87704396.0,0.3829787234042553,0.007059974645749086
Carlito's Way,tt0106519,1993.0,,"['Crime', ' Drama', ' Thriller']",7.9,/name/nm0000361/,"/name/nm0000199/,/name/nm0000576/,/name/nm0000542/,/name/nm0000491/",221636.0,36948322.0,0.7234042553191491,0.047217924251748686
Lord of War,tt0399295,2005.0,,"['Crime', ' Drama']",7.6,/name/nm0629272/,"/name/nm0000115/,/name/nm0000160/,/name/nm0001467/,/name/nm0005256/",322510.0,24149632.0,0.6595744680851064,0.08638461194988944
Austin Powers in Goldmember,tt0295178,2002.0,,"['Action', ' Adventure', ' Comedy']",6.2,/name/nm0005366/,"/name/nm0000196/,/name/nm0461498/,/name/nm0001293/,/name/nm0001868/",213591.0,213307889.0,0.36170212765957455,0.04409426500822169
Ocean's Twelve,tt0349903,2004.0,,"['Crime', ' Thriller']",6.5,/name/nm0001752/,"/name/nm0000123/,/name/nm0000093/,/name/nm0000210/,/name/nm0001876/",396013.0,125544280.0,0.4255319148936171,0.11492386929941895
In the Line of Fire,tt0107206,1993.0,,"['Action', ' Crime', ' Drama']",7.2,/name/nm0000583/,"/name/nm0000142/,/name/nm0000518/,/name/nm0000623/,/name/nm0001518/",106529.0,102314283.0,0.5744680851063831,0.002524941710460667
Hitman,tt0465494,2007.0,,"['Action', ' Crime', ' Thriller']",6.2,/name/nm1164755/,"/name/nm0648249/,/name/nm0779084/,/name/nm1385871/,/name/nm0460694/",172388.0,39687694.0,0.36170212765957455,0.028096237436929846
Cool Hand Luke,tt0061512,1967.0,,"['Crime', ' Drama']",8.1,/name/nm0742341/,"/name/nm0000056/,/name/nm0001421/,/name/nm0001510/,/name/nm0134201/",179300.0,16217773.0,0.7659574468085106,0.030779982954799157
Before the Devil Knows You're Dead,tt0292963,2007.0,,"['Crime', ' Drama', ' Thriller']",7.3,/name/nm0001486/,"/name/nm0000450/,/name/nm0000160/,/name/nm0001215/,/name/nm0000673/",106055.0,7083025.0,0.5957446808510639,0.0023409001341484484
The Last Boy Scout,tt0102266,1991.0,,"['Action', ' Comedy', ' Crime']",7.0,/name/nm0001716/,"/name/nm0000246/,/name/nm0001834/,/name/nm0001210/,/name/nm0932244/",105716.0,59509925.0,0.5319148936170214,0.0022092754624821152
Alpha Dog,tt0426883,2006.0,,"['Biography', ' Crime', ' Drama']",6.9,/name/nm0001024/,"/name/nm0386472/,/name/nm0005493/,/name/nm0947338/,/name/nm0000246/",104669.0,15229325.0,0.5106382978723406,0.001802753246450696
Fracture,tt0488120,2007.0,,"['Crime', ' Drama', ' Thriller']",7.2,/name/nm0387706/,"/name/nm0000164/,/name/nm0331516/,/name/nm0000657/,/name/nm0683253/",208940.0,39015018.0,0.5744680851063831,0.04228840557482901
Crank,tt0479884,2006.0,,"['Action', ' Crime', ' Thriller']",6.9,/name/nm0004410/,"/name/nm0962729/,/name/nm0005458/,/name/nm0005442/,/name/nm0764430/,/name/nm1504678/",253031.0,27829874.0,0.5106382978723406,0.05940776663217505
Kiss Kiss Bang Bang,tt0373469,2005.0,,"['Comedy', ' Crime', ' Mystery']",7.5,/name/nm0000948/,"/name/nm0000375/,/name/nm0000174/,/name/nm1157358/,/name/nm0000929/",229766.0,4243756.0,0.6382978723404257,0.05037458673153421
The French Connection,tt0067116,1971.0,,"['Action', ' Crime', ' Drama']",7.7,/name/nm0001243/,"/name/nm0000432/,/name/nm0001702/,/name/nm0721073/,/name/nm0516215/",125403.0,15630710.0,0.6808510638297873,0.009853213253323135
Bolt,tt0397892,2008.0,,"['Animation', ' Adventure', ' Comedy']",6.8,/name/nm0397174/,"/name/nm0930261/,/name/nm0000237/,/name/nm1415323/,/name/nm0261435/,/name/nm0910559/",215435.0,114053579.0,0.4893617021276596,0.044810241098347706
The Girl with the Dragon Tattoo,tt1132620,2009.0,,"['Crime', ' Drama', ' Mystery']",7.8,/name/nm0649117/,"/name/nm0638824/,/name/nm0636426/,/name/nm0297083/,/name/nm0256890/",218502.0,10095170.0,0.7021276595744681,0.04600107551722866
Charlie's Angels,tt0160127,2000.0,,"['Action', ' Adventure', ' Comedy']",5.6,/name/nm0629334/,"/name/nm0000139/,/name/nm0000106/,/name/nm0005154/,/name/nm0000195/",189528.0,125305545.0,0.2340425531914893,0.0347512429601185
Serpico,tt0070666,1973.0,,"['Biography', ' Crime', ' Drama']",7.7,/name/nm0001486/,"/name/nm0000199/,/name/nm0709907/,/name/nm0444955/,/name/nm0570161/",125806.0,29800000.0,0.6808510638297873,0.010009687420525295
Inherent Vice,tt1791528,2014.0,,"['Comedy', ' Crime', ' Drama']",6.6,/name/nm0000759/,"/name/nm0001618/,/name/nm0000982/,/name/nm0005562/,/name/nm2239702/",106368.0,8110975.0,0.44680851063829785,0.002462429698253352
The Transporter,tt0293662,2002.0,,"['Action', ' Crime', ' Thriller']",6.8,/name/nm0504642/,"/name/nm0477035/,/name/nm0005458/,/name/nm0795517/,/name/nm0776580/,/name/nm0075710/",307690.0,25296447.0,0.4893617021276596,0.0806304006398745
RoboCop,tt1234721,2014.0,,"['Action', ' Crime', ' Sci-Fi']",6.1,/name/nm0655683/,"/name/nm1172478/,/name/nm0000198/,/name/nm0000474/,/name/nm0180411/",231451.0,58607007.0,0.3404255319148936,0.0510288273561884
Ocean's Thirteen,tt0496806,2007.0,,"['Crime', ' Thriller']",6.9,/name/nm0001752/,"/name/nm0000123/,/name/nm0000093/,/name/nm0000354/,/name/nm0544067/",352066.0,117154724.0,0.5106382978723406,0.09786041960702853
Ghost in the Shell,tt0113568,1995.0,,"['Animation', ' Action', ' Crime']",7.9,/name/nm0651900/,"/name/nm0848968/,/name/nm0443509/,/name/nm0960033/,/name/nm0945290/",145927.0,515905.0,0.7234042553191491,0.01782213585296864
Frequency,tt0186151,2000.0,,"['Crime', ' Drama', ' Mystery']",7.4,/name/nm0387706/,"/name/nm0000598/,/name/nm0001029/,/name/nm0236495/,/name/nm0593310/",110342.0,45010278.0,0.6170212765957448,0.004005428061681107
Ronin,tt0122690,1998.0,,"['Action', ' Crime', ' Thriller']",7.2,/name/nm0001239/,"/name/nm0000134/,/name/nm0000606/,/name/nm0001523/,/name/nm0001745/",186596.0,41616262.0,0.5744680851063831,0.033612825445883426
In the Name of the Father,tt0107207,1993.0,,"['Biography', ' Crime', ' Drama']",8.1,/name/nm0006487/,"/name/nm0000358/,/name/nm0000592/,/name/nm0188949/,/name/nm2535022/",177546.0,25010410.0,0.7659574468085106,0.030098951467770398
The Family,tt2404311,2013.0,,"['Comedy', ' Crime', ' Thriller']",6.3,/name/nm0000108/,"/name/nm0000134/,/name/nm0000201/,/name/nm1872698/,/name/nm2649720/",118459.0,36918811.0,0.3829787234042553,0.00715704298768591
Killing Them Softly,tt1764234,2012.0,,"['Crime', ' Drama', ' Thriller']",6.2,/name/nm0231596/,"/name/nm0000093/,/name/nm0000501/,/name/nm0420955/,/name/nm1058940/",147076.0,15026056.0,0.36170212765957455,0.018268261952510283
The Best Offer,tt1924396,2013.0,,"['Crime', ' Drama', ' Mystery']",7.8,/name/nm0868153/,"/name/nm0001691/,/name/nm0836343/,/name/nm1679778/,/name/nm0000661/",121589.0,85433.0,0.7021276595744681,0.008372338628734948
The Taking of Pelham 123,tt1111422,2009.0,,"['Action', ' Crime', ' Thriller']",6.4,/name/nm0001716/,"/name/nm0000243/,/name/nm0000237/,/name/nm0350079/,/name/nm2963873/",200184.0,65452312.0,0.4042553191489363,0.03888868396683369
Pain & Gain,tt1980209,2013.0,,"['Action', ' Comedy', ' Crime']",6.4,/name/nm0000881/,"/name/nm0000242/,/name/nm0425005/,/name/nm1107001/,/name/nm0001724/",220536.0,49875291.0,0.4042553191489363,0.04679082354722666
You Were Never Really Here,tt5742374,2017.0,,"['Crime', ' Drama']",6.7,/name/nm0708903/,"/name/nm0001618/,/name/nm0731286/,/name/nm6191250/,/name/nm0231283/",121506.0,2523610.0,0.46808510638297884,0.00834011193921192
Home Alone 2: Lost in New York,tt0104431,1992.0,,"['Adventure', ' Comedy', ' Crime']",6.8,/name/nm0001060/,"/name/nm0000346/,/name/nm0000582/,/name/nm0827663/,/name/nm0001573/",370693.0,173585516.0,0.4893617021276596,0.1050927876280574
M,tt0022100,1931.0,,"['Crime', ' Mystery', ' Thriller']",8.3,/name/nm0000485/,"/name/nm0000048/,/name/nm0927145/,/name/nm0484737/,/name/nm0921532/",159733.0,28877.0,0.8085106382978726,0.02318263796808781
Bonnie and Clyde,tt0061418,1967.0,,"['Action', ' Biography', ' Crime']",7.7,/name/nm0671957/,"/name/nm0000886/,/name/nm0001159/,/name/nm0689488/,/name/nm0000432/",115049.0,5017971.0,0.6808510638297873,0.00583303080366763
Kick-Ass 2,tt1650554,2013.0,,"['Action', ' Comedy', ' Crime']",6.5,/name/nm0905592/,"/name/nm1093951/,/name/nm1631269/,/name/nm2395586/,/name/nm0000120/",276657.0,28795985.0,0.4255319148936171,0.06858111321857267
Horrible Bosses 2,tt2170439,2014.0,,"['Comedy', ' Crime']",6.3,/name/nm1890845/,"/name/nm0000867/,/name/nm0837177/,/name/nm0206359/,/name/nm0000098/",176082.0,54445357.0,0.3829787234042553,0.029530519257388355
Chappie,tt1823672,2015.0,,"['Action', ' Crime', ' Drama']",6.8,/name/nm0088955/,"/name/nm1663205/,/name/nm2353862/,/name/nm0413168/,/name/nm0000244/",256054.0,31569268.0,0.4893617021276596,0.06058151702287513
Clear and Present Danger,tt0109444,1994.0,,"['Action', ' Crime', ' Drama']",6.9,/name/nm0637518/,"/name/nm0000148/,/name/nm0000353/,/name/nm0000271/,/name/nm0021835/",102231.0,122187717.0,0.5106382978723406,0.0008561427758827881
Miami Vice,tt0430357,2006.0,,"['Action', ' Adventure', ' Crime']",6.0,/name/nm0000520/,"/name/nm0268199/,/name/nm0004937/,/name/nm0000084/,/name/nm0365140/",118989.0,63450470.0,0.31914893617021284,0.007362827872591977
The Judge,tt1872194,2014.0,,"['Crime', ' Drama']",7.4,/name/nm0229694/,"/name/nm0000375/,/name/nm0000380/,/name/nm0267812/,/name/nm0000671/",194028.0,47119388.0,0.6170212765957448,0.036498473114981334
Brick,tt0393109,2005.0,,"['Crime', ' Drama', ' Mystery']",7.2,/name/nm0426059/,"/name/nm0330687/,/name/nm0001305/,/name/nm0211087/,/name/nm0328709/",107520.0,2060589.0,0.5744680851063831,0.0029097206178982375
Witness for the Prosecution,tt0051201,1957.0,,"['Crime', ' Drama', ' Mystery']",8.4,/name/nm0000697/,"/name/nm0000061/,/name/nm0000017/,/name/nm0001452/,/name/nm0006471/",127247.0,8175000.0,0.8297872340425534,0.010569189343449149
Raising Arizona,tt0093822,1987.0,,"['Comedy', ' Crime']",7.3,/name/nm0001054/,"/name/nm0001053/,/name/nm0000115/,/name/nm0000456/,/name/nm0934254/,/name/nm0000422/",141984.0,22847564.0,0.5957446808510639,0.01629117396394105
Despicable Me 2,tt1690953,2013.0,,"['Animation', ' Adventure', ' Comedy']",7.3,/name/nm1853544/,"/name/nm0719208/,/name/nm0136797/,/name/nm1325419/,/name/nm0000973/,/name/nm1388927/",405492.0,368061265.0,0.5957446808510639,0.11860431255229557
21 Grams,tt0315733,2003.0,,"['Crime', ' Drama', ' Thriller']",7.6,/name/nm0327944/,"/name/nm0000576/,/name/nm0001125/,/name/nm0915208/,/name/nm0396812/",239589.0,16290476.0,0.6595744680851064,0.0541885960229159
The Next Three Days,tt1458175,2010.0,,"['Action', ' Crime', ' Drama']",7.3,/name/nm0353673/,"/name/nm0000128/,/name/nm0006969/,/name/nm0000553/,/name/nm0119633/",199332.0,21148651.0,0.5957446808510639,0.03855787505751299
The Number 23,tt0481369,2007.0,,"['Crime', ' Mystery', ' Thriller']",6.4,/name/nm0001708/,"/name/nm0000120/,/name/nm0000515/,/name/nm0503567/,/name/nm0396812/",205406.0,35193167.0,0.4042553191489363,0.04091624749321007
Identity Thief,tt2024432,2013.0,,"['Comedy', ' Crime', ' Drama']",5.7,/name/nm1164861/,"/name/nm0000867/,/name/nm0565250/,/name/nm0158626/,/name/nm0001605/",135645.0,134506920.0,0.2553191489361703,0.013829909085790942
Halloween,tt1502407,2018.0,,"['Crime', ' Horror', ' Thriller']",6.5,/name/nm0337773/,"/name/nm0000130/,/name/nm0339460/,/name/nm5506858/,/name/nm0183921/",157972.0,159342015.0,0.4255319148936171,0.022498888567484825
Green Street Hooligans,tt0385002,2005.0,,"['Crime', ' Drama', ' Sport']",7.4,/name/nm0591994/,"/name/nm0000704/,/name/nm0402271/,/name/nm0001231/,/name/nm0912938/",153546.0,344095.0,0.6170212765957448,0.02078039064183529
The Bone Collector,tt0145681,1999.0,,"['Crime', ' Drama', ' Mystery']",6.7,/name/nm0637518/,"/name/nm0000243/,/name/nm0001401/,/name/nm0001451/,/name/nm0740264/",173686.0,66518655.0,0.46808510638297884,0.028600216268265834
Machete,tt0985694,2010.0,,"['Action', ' Crime', ' Thriller']",6.6,/name/nm0542450/,"/name/nm0001675/,/name/nm0001803/,/name/nm0735442/,/name/nm0000134/,/name/nm0004695/",199343.0,26593646.0,0.44680851063829785,0.03856214606455821
Panic Room,tt0258000,2002.0,,"['Crime', ' Drama', ' Thriller']",6.8,/name/nm0000399/,"/name/nm0000149/,/name/nm0829576/,/name/nm0001845/,/name/nm0948267/",283610.0,96397334.0,0.4893617021276596,0.07128077794451962
Once Upon a Time in Mexico,tt0285823,2003.0,,"['Action', ' Crime', ' Thriller']",6.3,/name/nm0001675/,"/name/nm0000104/,/name/nm0000161/,/name/nm0000136/,/name/nm0000353/",164413.0,56359780.0,0.3829787234042553,0.024999757329145156
Lethal Weapon 4,tt0122151,1998.0,,"['Action', ' Crime', ' Thriller']",6.6,/name/nm0001149/,"/name/nm0000154/,/name/nm0000418/,/name/nm0000582/,/name/nm0000623/",165845.0,130444603.0,0.44680851063829785,0.025555764791759285
Papillon,tt0070511,1973.0,,"['Biography', ' Crime', ' Drama']",8.0,/name/nm0769874/,"/name/nm0000537/,/name/nm0000163/,/name/nm0430460/,/name/nm0330150/",132575.0,53267000.0,0.7446808510638299,0.012637909846806742
101 Dalmatians,tt0115433,1996.0,,"['Adventure', ' Comedy', ' Crime']",5.7,/name/nm0378893/,"/name/nm0000335/,/name/nm0001099/,/name/nm0000613/,/name/nm0687506/",113025.0,136189294.0,0.2553191489361703,0.005047165507347103
The Maltese Falcon,tt0033870,1941.0,,"['Crime', ' Film-Noir', ' Mystery']",8.0,/name/nm0001379/,"/name/nm0000007/,/name/nm0000802/,/name/nm0313438/,/name/nm0000048/",160676.0,2108060.0,0.7446808510638299,0.02354877975387351
Tower Heist,tt0471042,2011.0,,"['Action', ' Comedy', ' Crime']",6.2,/name/nm0711840/,"/name/nm0000552/,/name/nm0001774/,/name/nm0000729/,/name/nm0000257/",146521.0,78046570.0,0.36170212765957455,0.018052770233410537
Despicable Me 3,tt3469046,2017.0,,"['Animation', ' Adventure', ' Comedy']",6.2,/name/nm0049633/,"/name/nm1853544/,/name/nm3210494/,/name/nm0136797/,/name/nm1325419/,/name/nm0005295/,/name/nm1388927/",139471.0,264624300.0,0.36170212765957455,0.015315442990792096
Phone Booth,tt0183649,2002.0,,"['Crime', ' Thriller']",7.1,/name/nm0001708/,"/name/nm0268199/,/name/nm0000662/,/name/nm0001845/,/name/nm0593664/",273162.0,46566212.0,0.5531914893617021,0.06722409779829587
Mean Streets,tt0070379,1973.0,,"['Crime', ' Drama', ' Thriller']",7.2,/name/nm0000217/,"/name/nm0000134/,/name/nm0000172/,/name/nm0698998/,/name/nm0732364/",111657.0,3132645.0,0.5744680851063831,0.004516007540268802
RED 2,tt1821694,2013.0,,"['Action', ' Comedy', ' Crime']",6.6,/name/nm0661751/,"/name/nm0000246/,/name/nm0000545/,/name/nm0000518/,/name/nm0000164/",173809.0,53262560.0,0.44680851063829785,0.028647973892498752
Enter the Dragon,tt0070034,1973.0,,"['Action', ' Crime', ' Drama']",7.6,/name/nm0167195/,"/name/nm0000045/,/name/nm0768334/,/name/nm0446485/,/name/nm0135622/",106342.0,25000000.0,0.6595744680851064,0.0024523345906919225
Analyze This,tt0122933,1999.0,,"['Comedy', ' Crime']",6.7,/name/nm0000601/,"/name/nm0000134/,/name/nm0000345/,/name/nm0001435/,/name/nm0001590/",156563.0,106885658.0,0.46808510638297884,0.021951811392328883
The Whole Nine Yards,tt0190138,2000.0,,"['Comedy', ' Crime']",6.7,/name/nm0528718/,"/name/nm0000246/,/name/nm0001612/,/name/nm0000275/,/name/nm0003817/",123143.0,57262492.0,0.46808510638297884,0.008975715442214245
Man on a Ledge,tt1568338,2012.0,,"['Action', ' Crime', ' Thriller']",6.6,/name/nm1300606/,"/name/nm0941777/,/name/nm0006969/,/name/nm0068260/,/name/nm1861781/",154477.0,18620000.0,0.44680851063829785,0.021141873147208022
Disturbia,tt0486822,2007.0,,"['Crime', ' Drama', ' Mystery']",6.8,/name/nm0142286/,"/name/nm0479471/,/name/nm0001556/,/name/nm0005251/,/name/nm2105255/",238535.0,80209692.0,0.4893617021276596,0.053779355893310246
The Mechanic,tt0472399,2011.0,,"['Action', ' Crime', ' Thriller']",6.5,/name/nm0922346/,"/name/nm0005458/,/name/nm0004936/,/name/nm0000661/,/name/nm0001282/",163260.0,29121498.0,0.4255319148936171,0.024552078136132527
On the Waterfront,tt0047296,1954.0,,"['Crime', ' Drama', ' Thriller']",8.1,/name/nm0001415/,"/name/nm0000008/,/name/nm0001500/,/name/nm0002011/,/name/nm0001768/",156754.0,9600000.0,0.7659574468085106,0.022025971605568618
The Raid 2,tt2265171,2014.0,,"['Action', ' Crime', ' Thriller']",7.9,/name/nm2153088/,"/name/nm3299397/,/name/nm3345670/,/name/nm3022653/,/name/nm2680798/",125375.0,2627209.0,0.7234042553191491,0.00984234159902621
Homefront,tt2312718,2013.0,,"['Action', ' Crime', ' Thriller']",6.5,/name/nm0001219/,"/name/nm0005458/,/name/nm0290556/,/name/nm0000213/,/name/nm0098378/",122650.0,20158492.0,0.4255319148936171,0.008784296671914828
Gangster Squad,tt1321870,2013.0,,"['Action', ' Crime', ' Drama']",6.7,/name/nm0281508/,"/name/nm0000576/,/name/nm0331516/,/name/nm1297015/,/name/nm0000610/",217680.0,46000903.0,0.46808510638297884,0.045681914808940384
Snowden,tt3774114,2016.0,,"['Biography', ' Crime', ' Drama']",7.3,/name/nm0000231/,"/name/nm0330687/,/name/nm0940362/,/name/nm0502425/,/name/nm0704270/",154782.0,21587519.0,0.5957446808510639,0.021260296524370947
Rush Hour 2,tt0266915,2001.0,,"['Action', ' Comedy', ' Crime']",6.6,/name/nm0711840/,"/name/nm0000329/,/name/nm0000676/,/name/nm0518821/,/name/nm0955471/",224912.0,226164286.0,0.44680851063829785,0.04848990780448883
Nerve,tt3531824,2016.0,,"['Action', ' Adventure', ' Crime']",6.5,/name/nm1160962/,"/name/nm1413364/,/name/nm0731075/,/name/nm2002649/,/name/nm2007030/,/name/nm1851028/",133150.0,38583626.0,0.4255319148936171,0.012861167033261438
This Is England,tt0480025,2006.0,,"['Crime', ' Drama']",7.7,/name/nm0276349/,"/name/nm2129938/,/name/nm0334318/,/name/nm0366846/,/name/nm0793532/",123946.0,327919.0,0.6808510638297873,0.009287498956515323
8MM,tt0134273,1999.0,,"['Crime', ' Drama', ' Mystery']",6.5,/name/nm0001708/,"/name/nm0000115/,/name/nm0001618/,/name/nm0001254/,/name/nm0001780/",135522.0,36663315.0,0.4255319148936171,0.013782151461558024
The Devil's Rejects,tt0395584,2005.0,,"['Crime', ' Horror', ' Western']",6.7,/name/nm0957772/,"/name/nm0354085/,/name/nm0600667/,/name/nm0608405/,/name/nm0001235/",102036.0,17044981.0,0.46808510638297884,0.0007804294691720653
A Scanner Darkly,tt0405296,2006.0,,"['Animation', ' Comedy', ' Crime']",7.0,/name/nm0000500/,"/name/nm0000206/,/name/nm0000213/,/name/nm0000375/,/name/nm0168262/",113426.0,5501616.0,0.5319148936170214,0.0052028631278137685
Exam,tt1258197,2009.0,,"['Crime', ' Horror', ' Mystery']",6.8,/name/nm0371955/,"/name/nm3065862/,/name/nm2110418/,/name/nm1812523/,/name/nm1125878/",118287.0,5017971.0,0.4893617021276596,0.007090259968433375
30 Minutes or Less,tt1622547,2011.0,,"['Action', ' Comedy', ' Crime']",6.1,/name/nm0281508/,"/name/nm0251986/,/name/nm1144419/,/name/nm0841910/,/name/nm2106637/",103028.0,37053924.0,0.3404255319148936,0.001165596649977383
Tango & Cash,tt0098439,1989.0,,"['Action', ' Comedy', ' Crime']",6.4,/name/nm0464846/,"/name/nm0536299/,/name/nm0000230/,/name/nm0000621/,/name/nm0000159/,/name/nm0001588/",108062.0,63408614.0,0.4042553191489363,0.0031201647832172718
The Score,tt0227445,2001.0,,"['Action', ' Crime', ' Drama']",6.8,/name/nm0000568/,"/name/nm0000134/,/name/nm0001570/,/name/nm0000008/,/name/nm0000291/",129863.0,71069884.0,0.4893617021276596,0.011584912473476075
Double Indemnity,tt0036775,1944.0,,"['Crime', ' Drama', ' Film-Noir']",8.3,/name/nm0000697/,"/name/nm0534045/,/name/nm0001766/,/name/nm0000064/,/name/nm0056477/",158963.0,5720000.0,0.8085106382978726,0.022883667474922393
The Texas Chainsaw Massacre,tt0324216,2003.0,,"['Crime', ' Horror']",6.2,/name/nm1197971/,"/name/nm0004754/,/name/nm0006958/,/name/nm0117420/,/name/nm0498713/",145291.0,80571655.0,0.36170212765957455,0.017575193991081362
Let's Be Cops,tt1924435,2014.0,,"['Action', ' Comedy', ' Crime']",6.4,/name/nm0339004/,"/name/nm2159926/,/name/nm0915458/,/name/nm1443527/,/name/nm2400045/",136044.0,82390774.0,0.4042553191489363,0.013984830159522113
The Losers,tt0480255,2010.0,,"['Action', ' Adventure', ' Comedy']",6.2,/name/nm1234893/,"/name/nm0252961/,/name/nm0757855/,/name/nm0604742/,/name/nm0262635/",103656.0,23580735.0,0.36170212765957455,0.001409432324922685
Only God Forgives,tt1602613,2013.0,,"['Action', ' Crime', ' Drama']",5.7,/name/nm0716347/,"/name/nm0331516/,/name/nm0000218/,/name/nm3307918/,/name/nm1446625/",114199.0,778565.0,0.2553191489361703,0.005502998441082429
A Single Man,tt1315981,2009.0,,"['Crime', ' Drama', ' Romance']",7.5,/name/nm1053530/,"/name/nm0000147/,/name/nm0000194/,/name/nm0328828/,/name/nm0396558/",114035.0,9166863.0,0.6382978723404257,0.005439321608771872
Dancer in the Dark,tt0168629,2000.0,,"['Crime', ' Drama', ' Musical']",7.9,/name/nm0001885/,"/name/nm0001951/,/name/nm0000366/,/name/nm0001556/,/name/nm0001780/",111698.0,4184036.0,0.7234042553191491,0.004531926748346441
Rashomon,tt0042876,1950.0,,"['Crime', ' Drama', ' Mystery']",8.2,/name/nm0000041/,"/name/nm0001536/,/name/nm0477553/,/name/nm0605270/,/name/nm0793766/",170473.0,96568.0,0.7872340425531914,0.027352693937693774
Snakes on a Plane,tt0417148,2006.0,,"['Action', ' Adventure', ' Crime']",5.5,/name/nm0254786/,"/name/nm0000168/,/name/nm0000523/,/name/nm0680667/,/name/nm0004761/",141014.0,34020814.0,0.21276595744680854,0.015914548797226175
Swordfish,tt0244244,2001.0,,"['Action', ' Crime', ' Thriller']",6.5,/name/nm0784061/,"/name/nm0000237/,/name/nm0413168/,/name/nm0000932/,/name/nm0000332/",189958.0,69772969.0,0.4255319148936171,0.03491820050824984
Changeling,tt0824747,2008.0,,"['Biography', ' Crime', ' Drama']",7.8,/name/nm0000142/,"/name/nm0001401/,/name/nm0272173/,/name/nm0752407/,/name/nm1072959/",258051.0,35739802.0,0.7021276595744681,0.06135689893826648
The Ghost Writer,tt1139328,2010.0,,"['Crime', ' Drama', ' Mystery']",7.2,/name/nm0000591/,"/name/nm0000191/,/name/nm0000112/,/name/nm0931404/,/name/nm1256532/",166033.0,15541549.0,0.5744680851063831,0.025628760184895776
Michael Clayton,tt0465538,2007.0,,"['Crime', ' Drama', ' Mystery']",7.2,/name/nm0006904/,"/name/nm0000123/,/name/nm0842770/,/name/nm0929489/,/name/nm0001574/",168247.0,49033882.0,0.5744680851063831,0.026488397421088293
K.G.F: Chapter 2,tt10698680,2022.0,,"['Action', ' Crime', ' Drama']",8.3,/name/nm6073824/,"/name/nm5232139/,/name/nm0004569/,/name/nm0849199/,/name/nm8635807/",136759.0,5017971.0,0.8085106382978726,0.01426244561746143
Miller's Crossing,tt0100150,1990.0,,"['Crime', ' Drama', ' Thriller']",7.7,/name/nm0001054/,"/name/nm0001053/,/name/nm0000321/,/name/nm0001215/,/name/nm0001806/,/name/nm0001315/",137078.0,5080409.0,0.6808510638297873,0.014386304821772817
A Walk Among the Tombstones,tt0365907,2014.0,,"['Action', ' Crime', ' Drama']",6.5,/name/nm0291082/,"/name/nm0000553/,/name/nm1405398/,/name/nm1092086/,/name/nm2933542/",123262.0,26307600.0,0.4255319148936171,0.009021919972976173
Capote,tt0379725,2005.0,,"['Biography', ' Crime', ' Drama']",7.3,/name/nm0587955/,"/name/nm0000450/,/name/nm0004286/,/name/nm0001416/,/name/nm1738584/",135259.0,28747570.0,0.5957446808510639,0.013680035565840486
The Hangover Part III,tt1951261,2013.0,,"['Comedy', ' Crime']",5.8,/name/nm0680846/,"/name/nm0177896/,/name/nm0302108/,/name/nm1159180/,/name/nm0058581/",319237.0,112200072.0,0.2765957446808511,0.08511379321725254
Taken 2,tt1397280,2012.0,,"['Action', ' Crime', ' Thriller']",6.2,/name/nm0576298/,"/name/nm0000553/,/name/nm0000463/,/name/nm1192254/,/name/nm0650702/",310898.0,139854287.0,0.36170212765957455,0.08187598160360783
Run Lola Run,tt0130827,1998.0,,"['Action', ' Crime', ' Thriller']",7.7,/name/nm0878756/,"/name/nm0004376/,/name/nm0001953/,/name/nm0460578/,/name/nm0677899/",201046.0,7267585.0,0.6808510638297873,0.039223375609831856
Street Kings,tt0421073,2008.0,,"['Action', ' Crime', ' Thriller']",6.8,/name/nm0043742/,"/name/nm0000206/,/name/nm0001845/,/name/nm0491402/,/name/nm0262635/",115659.0,26418667.0,0.4893617021276596,0.006069877557993481
The Counselor,tt2193215,2013.0,,"['Crime', ' Drama', ' Thriller']",5.4,/name/nm0000631/,"/name/nm1055413/,/name/nm0004851/,/name/nm0000139/,/name/nm0000849/",102717.0,16973715.0,0.19148936170212777,0.001044843632607974
Filth,tt1450321,2013.0,,"['Action', ' Comedy', ' Crime']",7.0,/name/nm1580671/,"/name/nm0564215/,/name/nm0068260/,/name/nm0550371/,/name/nm1782299/",111120.0,34321.0,0.5319148936170214,0.004307504741788503
Patriots Day,tt4572514,2016.0,,"['Action', ' Crime', ' Drama']",7.3,/name/nm0000916/,"/name/nm0000242/,/name/nm1157358/,/name/nm0799777/,/name/nm0000422/",105220.0,31886361.0,0.5957446808510639,0.002016691872079456
Charlie's Angels: Full Throttle,tt0305357,2003.0,,"['Action', ' Adventure', ' Comedy']",4.9,/name/nm0629334/,"/name/nm0000106/,/name/nm0005154/,/name/nm0000139/,/name/nm0005170/",129404.0,100830111.0,0.0851063829787235,0.011406694997680067
Dial M for Murder,tt0046912,1954.0,,"['Crime', ' Thriller']",8.2,/name/nm0000033/,"/name/nm0001537/,/name/nm0000038/,/name/nm0191950/,/name/nm0002369/",178116.0,12562.0,0.7872340425531914,0.030320267287386356
Jai Bhim,tt15097216,2021.0,,"['Crime', ' Drama', ' Mystery']",8.8,/name/nm4377096/,"/name/nm1421814/,/name/nm7934649/,/name/nm8904193/,/name/nm8135195/",204164.0,5017971.0,0.9148936170212769,0.04043401197046793
Transporter 2,tt0388482,2005.0,,"['Action', ' Crime', ' Thriller']",6.3,/name/nm0504642/,"/name/nm0005458/,/name/nm0005520/,/name/nm1690331/,/name/nm0309348/",206228.0,43095600.0,0.3829787234042553,0.04123540820149835
Spy Game,tt0266987,2001.0,,"['Action', ' Crime', ' Thriller']",7.0,/name/nm0001716/,"/name/nm0000602/,/name/nm0000093/,/name/nm0001517/,/name/nm0226820/",159493.0,26871.0,0.5319148936170214,0.023089452359828462
The Life of David Gale,tt0289992,2003.0,,"['Crime', ' Drama', ' Thriller']",7.5,/name/nm0000570/,"/name/nm0000228/,/name/nm0000701/,/name/nm0001473/,/name/nm0454598/",122196.0,19593740.0,0.6382978723404257,0.008608020562957557
The 400 Blows,tt0053198,1959.0,,"['Crime', ' Drama']",8.1,/name/nm0000076/,"/name/nm0529543/,/name/nm0753716/,/name/nm0561158/,/name/nm0213948/",120198.0,5017971.0,0.7659574468085106,0.007832250374198458
Parker,tt1904996,2013.0,,"['Action', ' Crime', ' Thriller']",6.2,/name/nm0000431/,"/name/nm0005458/,/name/nm0000182/,/name/nm0004821/,/name/nm0000560/",124606.0,17616641.0,0.36170212765957455,0.00954375937922854
Killer Elite,tt1448755,2011.0,,"['Action', ' Crime', ' Thriller']",6.4,/name/nm1834213/,"/name/nm0005458/,/name/nm0654110/,/name/nm0000134/,/name/nm0700712/",131961.0,25124986.0,0.4042553191489363,0.012399509999009902
Home Alone 3,tt0119303,1997.0,,"['Action', ' Comedy', ' Crime']",4.5,/name/nm0331532/,"/name/nm0513281/,/name/nm0472762/,/name/nm0452748/,/name/nm0902188/",120254.0,30882515.0,0.0,0.007853993682792307
Taken 3,tt2446042,2014.0,,"['Action', ' Crime', ' Thriller']",6.0,/name/nm0576298/,"/name/nm0000553/,/name/nm0001845/,/name/nm1192254/,/name/nm0000463/",195688.0,89256424.0,0.31914893617021284,0.037143006905441846
The Man Who Wasn't There,tt0243133,2001.0,,"['Crime', ' Drama']",7.5,/name/nm0001054/,"/name/nm0000671/,/name/nm0000531/,/name/nm0045937/,/name/nm0001254/",111073.0,7494849.0,0.6382978723404257,0.00428925589350438
The Negotiator,tt0120768,1998.0,,"['Action', ' Crime', ' Drama']",7.3,/name/nm0336620/,"/name/nm0000168/,/name/nm0000228/,/name/nm0001556/,/name/nm0726492/",145707.0,44484065.0,0.5957446808510639,0.017736715712064238
Rush Hour 3,tt0293564,2007.0,,"['Action', ' Comedy', ' Crime']",6.2,/name/nm0711840/,"/name/nm0000329/,/name/nm0000676/,/name/nm0001884/,/name/nm0760796/",172507.0,140125968.0,0.36170212765957455,0.028142441967691775
The Jackal,tt0119395,1997.0,,"['Action', ' Crime', ' Drama']",6.4,/name/nm0001994/,"/name/nm0000246/,/name/nm0000152/,/name/nm0001627/,/name/nm0893204/",119245.0,54930280.0,0.4042553191489363,0.007462225854735285
Crank: High Voltage,tt1121931,2009.0,,"['Action', ' Crime', ' Thriller']",6.1,/name/nm0004410/,"/name/nm0962729/,/name/nm0005458/,/name/nm0005442/,/name/nm0004286/,/name/nm0948267/",152404.0,13630226.0,0.3404255319148936,0.020336982455867878
Ace Ventura: When Nature Calls,tt0112281,1995.0,,"['Adventure', ' Comedy', ' Crime']",6.4,/name/nm0644203/,"/name/nm0000120/,/name/nm0573862/,/name/nm0001003/,/name/nm0264330/",221934.0,108385533.0,0.4042553191489363,0.04733362971533738
Judge Dredd,tt0113492,1995.0,,"['Action', ' Crime', ' Sci-Fi']",5.6,/name/nm0134176/,"/name/nm0000230/,/name/nm0000800/,/name/nm0001705/,/name/nm0001638/",120065.0,34693481.0,0.2340425531914893,0.0077806100162880676
Rope,tt0040746,1948.0,,"['Crime', ' Drama', ' Mystery']",7.9,/name/nm0000033/,"/name/nm0000071/,/name/nm0197982/,/name/nm0335048/,/name/nm0389516/",146031.0,5017971.0,0.7234042553191491,0.01786251628321436
Date Night,tt1279935,2010.0,,"['Comedy', ' Crime', ' Romance']",6.3,/name/nm0506613/,"/name/nm0136797/,/name/nm0275486/,/name/nm0000242/,/name/nm0378245/",165187.0,98711404.0,0.3829787234042553,0.025300280915781567
Naked Gun 33 1/3: The Final Insult,tt0110622,1994.0,,"['Comedy', ' Crime']",6.5,/name/nm0781842/,"/name/nm0000558/,/name/nm0001636/,/name/nm0001421/,/name/nm0001740/",106461.0,51132598.0,0.4255319148936171,0.0024985391214538506
Matchstick Men,tt0325805,2003.0,,"['Comedy', ' Crime', ' Drama']",7.3,/name/nm0000631/,"/name/nm0000115/,/name/nm0517844/,/name/nm0005377/,/name/nm0022883/",133074.0,36906460.0,0.5957446808510639,0.012831658257312643
Unleashed,tt0342258,2005.0,,"['Action', ' Crime', ' Drama']",7.0,/name/nm0504642/,"/name/nm0001472/,/name/nm0001364/,/name/nm0000151/,/name/nm0174403/",104472.0,24520892.0,0.5319148936170214,0.0017262633930044788
Hannibal Rising,tt0367959,2007.0,,"['Adventure', ' Crime', ' Drama']",6.1,/name/nm0916424/,"/name/nm0880484/,/name/nm0406975/,/name/nm0000084/,/name/nm2049833/",111819.0,27670986.0,0.3404255319148936,0.004578907825843864
Get Hard,tt2561572,2015.0,,"['Comedy', ' Crime']",6.0,/name/nm1000113/,"/name/nm0002071/,/name/nm0366389/,/name/nm1555340/,/name/nm1939267/",139697.0,90411453.0,0.31914893617021284,0.015403192771902986
Starsky & Hutch,tt0335438,2004.0,,"['Comedy', ' Crime']",6.1,/name/nm0680846/,"/name/nm0001774/,/name/nm0005562/,/name/nm0004879/,/name/nm0000681/",149707.0,88237754.0,0.3404255319148936,0.01928980918305342
Infernal Affairs,tt0338564,2002.0,,"['Action', ' Crime', ' Drama']",8.0,/name/nm0490487/,"/name/nm0538320/,/name/nm0490489/,/name/nm0504897/,/name/nm0938893/,/name/nm0874676/",126451.0,169659.0,0.7446808510638299,0.010260123742722302
Hostage,tt0340163,2005.0,,"['Action', ' Crime', ' Drama']",6.5,/name/nm0802807/,"/name/nm0000246/,/name/nm0001629/,/name/nm0005583/,/name/nm1497548/",111558.0,34639939.0,0.4255319148936171,0.0044775684768618195
A Nightmare on Elm Street,tt1179056,2010.0,,"['Crime', ' Drama', ' Horror']",5.2,/name/nm1207904/,"/name/nm0355097/,/name/nm1913734/,/name/nm0973177/,/name/nm1556320/",102725.0,63075011.0,0.148936170212766,0.0010479498195499523
Safe,tt1656190,2012.0,,"['Action', ' Crime', ' Thriller']",6.5,/name/nm0945026/,"/name/nm0005458/,/name/nm4313845/,/name/nm0001697/,/name/nm0121559/",112392.0,17142080.0,0.4255319148936171,0.004801388465563064
Fun with Dick and Jane,tt0369441,2005.0,,"['Comedy', ' Crime']",6.2,/name/nm0661751/,"/name/nm0000120/,/name/nm0000495/,/name/nm0000285/,/name/nm0420955/",147923.0,110332737.0,0.36170212765957455,0.018597129494992246
Max Payne,tt0467197,2008.0,,"['Action', ' Crime', ' Drama']",5.3,/name/nm0601382/,"/name/nm0000242/,/name/nm0005109/,/name/nm0000977/,/name/nm0524839/",127387.0,40689393.0,0.1702127659574468,0.010623547614933771
Mr. Brooks,tt0780571,2007.0,,"['Crime', ' Drama', ' Thriller']",7.3,/name/nm0262595/,"/name/nm0000126/,/name/nm0000193/,/name/nm0000458/,/name/nm0176981/",152175.0,28476219.0,0.5957446808510639,0.02024806785465375
State of Play,tt0473705,2009.0,,"['Crime', ' Drama', ' Mystery']",7.1,/name/nm0531817/,"/name/nm0000128/,/name/nm1046097/,/name/nm0000255/,/name/nm0000545/",154467.0,37017955.0,0.5531914893617021,0.02113799041353055
Ride Along,tt1408253,2014.0,,"['Action', ' Comedy', ' Crime']",6.1,/name/nm1103162/,"/name/nm0001084/,/name/nm0366389/,/name/nm1754366/,/name/nm0000491/",116735.0,134938200.0,0.3404255319148936,0.006487659701689572
Touch of Evil,tt0052311,1958.0,,"['Crime', ' Drama', ' Film-Noir']",8.0,/name/nm0000080/,"/name/nm0000032/,/name/nm0000080/,/name/nm0001463/,/name/nm0130407/",105978.0,2237659.0,0.7446808510638299,0.002311003084831907
Saw III,tt0489270,2006.0,,"['Crime', ' Horror', ' Mystery']",6.2,/name/nm1135423/,"/name/nm0068551/,/name/nm0809938/,/name/nm0005171/,/name/nm1587232/",197215.0,80238724.0,0.36170212765957455,0.037735900337991964
Trance,tt1924429,2013.0,,"['Crime', ' Drama', ' Mystery']",6.9,/name/nm0000965/,"/name/nm0564215/,/name/nm0206257/,/name/nm0001993/,/name/nm0764527/",115175.0,2319187.0,0.5106382978723406,0.00588195324800379
Ransom,tt0117438,1996.0,,"['Action', ' Crime', ' Thriller']",6.7,/name/nm0000165/,"/name/nm0000154/,/name/nm0000641/,/name/nm0000623/,/name/nm0634509/",130399.0,136492681.0,0.46808510638297884,0.011793026998588627
The Naked Gun 2½: The Smell of Fear,tt0102510,1991.0,,"['Comedy', ' Crime']",6.9,/name/nm0001878/,"/name/nm0000558/,/name/nm0001636/,/name/nm0001421/,/name/nm0001740/",115883.0,86930411.0,0.5106382978723406,0.0061568507923688755
Bad Santa,tt0307987,2003.0,,"['Comedy', ' Crime', ' Drama']",7.1,/name/nm0959062/,"/name/nm0000671/,/name/nm0005170/,/name/nm0334179/,/name/nm0000615/",148114.0,60060328.0,0.5531914893617021,0.018671289708231977
Saw 3D,tt1477076,2010.0,,"['Crime', ' Horror', ' Mystery']",5.5,/name/nm0340436/,"/name/nm0068551/,/name/nm0541908/,/name/nm0751018/,/name/nm0000144/",100718.0,45710178.0,0.21276595744680854,0.00026868517048112895
Paul Blart: Mall Cop,tt1114740,2009.0,,"['Action', ' Comedy', ' Crime']",5.2,/name/nm0139867/,"/name/nm0416673/,/name/nm1218757/,/name/nm1724323/,/name/nm2263115/",112391.0,20819129.0,0.148936170212766,0.004801000192195317
Strangers on a Train,tt0044079,1951.0,,"['Crime', ' Drama', ' Film-Noir']",7.9,/name/nm0000033/,"/name/nm0335048/,/name/nm0908153/,/name/nm0738746/,/name/nm0001991/",135591.0,7630000.0,0.7234042553191491,0.013808942323932588
Eraser,tt0116213,1996.0,,"['Action', ' Crime', ' Thriller']",6.2,/name/nm0751080/,"/name/nm0000216/,/name/nm0001853/,/name/nm0001001/,/name/nm0000336/",113806.0,101295562.0,0.36170212765957455,0.0053504070075577415
Cellular,tt0337921,2004.0,,"['Action', ' Crime', ' Thriller']",6.5,/name/nm0254786/,"/name/nm0000107/,/name/nm0262635/,/name/nm0005458/,/name/nm0000513/",102359.0,32003620.0,0.4255319148936171,0.0009058417669544419
Premium Rush,tt1547234,2012.0,,"['Action', ' Crime', ' Thriller']",6.5,/name/nm0462895/,"/name/nm0330687/,/name/nm0788335/,/name/nm1268158/,/name/nm5217936/",115509.0,20275446.0,0.4255319148936171,0.0060116365528313865
Headhunters,tt1614989,2011.0,,"['Action', ' Crime', ' Thriller']",7.5,/name/nm0878763/,"/name/nm0377336/,/name/nm4033934/,/name/nm0182666/,/name/nm1274152/",103576.0,1196752.0,0.6382978723404257,0.0013783704555029013
Elite Squad,tt0861739,2007.0,,"['Action', ' Crime', ' Drama']",8.0,/name/nm0655683/,"/name/nm0609944/,/name/nm2386123/,/name/nm0432753/,/name/nm1141101/",105615.0,8060.0,0.7446808510638299,0.0021700598523396383
Run All Night,tt2199571,2015.0,,"['Action', ' Crime', ' Thriller']",6.6,/name/nm1429471/,"/name/nm0000553/,/name/nm0000438/,/name/nm1172478/,/name/nm0000352/",110922.0,26461644.0,0.44680851063829785,0.004230626614974539
Saw IV,tt0890870,2007.0,,"['Crime', ' Horror', ' Mystery']",5.9,/name/nm1135423/,"/name/nm0068551/,/name/nm0666398/,/name/nm0274371/,/name/nm0541908/",153384.0,63300095.0,0.297872340425532,0.020717490356260228
Vantage Point,tt0443274,2008.0,,"['Action', ' Crime', ' Drama']",6.6,/name/nm0871428/,"/name/nm0000598/,/name/nm0001845/,/name/nm0289142/,/name/nm0569226/",151562.0,72266306.0,0.44680851063829785,0.020010056280224654
The Green Hornet,tt0990407,2011.0,,"['Action', ' Comedy', ' Crime']",5.8,/name/nm0327273/,"/name/nm0736622/,/name/nm1727100/,/name/nm0910607/,/name/nm0000139/",161811.0,98780042.0,0.2765957446808511,0.023989470026266693
The Ladykillers,tt0335245,2004.0,,"['Comedy', ' Crime', ' Thriller']",6.2,/name/nm0001053/,"/name/nm0001054/,/name/nm0000158/,/name/nm0005541/,/name/nm0355659/,/name/nm0799777/",106103.0,39799191.0,0.36170212765957455,0.002359537255800319
From Paris with Love,tt1179034,2010.0,,"['Action', ' Crime', ' Thriller']",6.4,/name/nm0603628/,"/name/nm0000237/,/name/nm0001667/,/name/nm0810738/,/name/nm0243983/",118585.0,23979741.0,0.4042553191489363,0.007205965432022069
Money Monster,tt2241351,2016.0,,"['Crime', ' Drama', ' Mystery']",6.5,/name/nm0000149/,"/name/nm0000123/,/name/nm0000210/,/name/nm1925239/,/name/nm0922035/",101570.0,41012075.0,0.4255319148936171,0.0005994940798018253
Saw V,tt1132626,2008.0,,"['Crime', ' Horror', ' Thriller']",5.8,/name/nm0352524/,"/name/nm0666398/,/name/nm0541908/,/name/nm0068551/,/name/nm0751018/",127260.0,56746769.0,0.2765957446808511,0.010574236897229864
Contraband,tt1524137,2012.0,,"['Action', ' Crime', ' Drama']",6.4,/name/nm0466349/,"/name/nm0000242/,/name/nm0000610/,/name/nm0000295/,/name/nm0906301/",124023.0,66528000.0,0.4042553191489363,0.009317396005831867
The Interpreter,tt0373926,2005.0,,"['Crime', ' Mystery', ' Thriller']",6.4,/name/nm0001628/,"/name/nm0000173/,/name/nm0000576/,/name/nm0001416/,/name/nm0159802/",108574.0,72708161.0,0.4042553191489363,0.0033189607475038875
Rang De Basanti,tt0405508,2006.0,,"['Comedy', ' Crime', ' Drama']",8.1,/name/nm1018493/,"/name/nm0451148/,/name/nm1675786/,/name/nm1413459/,/name/nm0430817/",119861.0,2197331.0,0.7659574468085106,0.007701402249267619
The Menu,tt9764362,2022.0,,"['Horror', ' Thriller']",7.2,/name/nm0617042/,"/name/nm0000146/,/name/nm5896355/,/name/nm0396558/,/name/nm2186865/",232052.0,5017971.0,0.5744680851063831,0.05126217965020452
X,tt13560574,2022.0,,"['Horror', ' Mystery', ' Thriller']",6.6,/name/nm1488800/,"/name/nm5301405/,/name/nm4911194/,/name/nm0811242/,/name/nm3264596/",113560.0,5017971.0,0.44680851063829785,0.005254891759091906
Barbarian,tt15791034,2022.0,,"['Horror', ' Mystery', ' Thriller']",7.0,/name/nm1199107/,"/name/nm3569284/,/name/nm0803889/,/name/nm0519043/,/name/nm1830723/",131276.0,5017971.0,0.5319148936170214,0.012133542742103005
Smile,tt15474916,2022.0,,"['Horror', ' Mystery', ' Thriller']",6.6,/name/nm6475689/,"/name/nm1788739/,/name/nm1900772/,/name/nm0973177/,/name/nm0917848/",103422.0,5017971.0,0.44680851063829785,0.0013185763568698177
Nope,tt10954984,2022.0,,"['Horror', ' Mystery', ' Sci-Fi']",6.9,/name/nm1443502/,"/name/nm2257207/,/name/nm1551130/,/name/nm5155952/,/name/nm0000699/",200040.0,5017971.0,0.5106382978723406,0.03883277260187808
Scream,tt11245972,2022.0,,"['Horror', ' Mystery', ' Thriller']",6.3,/name/nm2366012/,"/name/nm2419470/,/name/nm4574440/,/name/nm0000117/,/name/nm0001073/,/name/nm0000274/",119827.0,5017971.0,0.3829787234042553,0.007688200954764211
Old,tt10954652,2021.0,,"['Drama', ' Horror', ' Mystery']",5.8,/name/nm0796117/,"/name/nm0305558/,/name/nm3043279/,/name/nm0001722/,/name/nm1842974/",125475.0,5017971.0,0.2765957446808511,0.00988116893580094
Midsommar,tt8772262,2019.0,,"['Drama', ' Horror', ' Mystery']",7.1,/name/nm4170048/,"/name/nm6073955/,/name/nm2930503/,/name/nm9859585/,/name/nm2860379/",335439.0,27331977.0,0.5531914893617021,0.09140459832149424
The Black Phone,tt7144666,2021.0,,"['Horror', ' Thriller']",6.9,/name/nm0220600/,"/name/nm9296746/,/name/nm6421259/,/name/nm0000160/,/name/nm0001111/",151936.0,90123230.0,0.5106382978723406,0.020155270519762142
Hereditary,tt7784604,2018.0,,"['Drama', ' Horror', ' Mystery']",7.3,/name/nm4170048/,"/name/nm0001057/,/name/nm8412536/,/name/nm0000321/,/name/nm1842974/",328830.0,44069456.0,0.5957446808510639,0.08883849963405235
Split,tt4972582,2016.0,,"['Horror', ' Thriller']",7.3,/name/nm0796117/,"/name/nm0564215/,/name/nm5896355/,/name/nm4726634/,/name/nm4088627/",508069.0,138291365.0,0.5957446808510639,0.15843222979570998
Get Out,tt5052448,2017.0,,"['Horror', ' Mystery', ' Thriller']",7.7,/name/nm1443502/,"/name/nm2257207/,/name/nm4129745/,/name/nm0925966/,/name/nm0001416/",624515.0,176040665.0,0.6808510638297873,0.20364511037641161
Scream,tt0117571,1996.0,,"['Horror', ' Mystery']",7.4,/name/nm0000127/,"/name/nm0000117/,/name/nm0001073/,/name/nm0000274/,/name/nm0000240/",349860.0,103046663.0,0.6170212765957448,0.09700388855777799
Doctor Strange in the Multiverse of Madness,tt9419884,2022.0,,"['Action', ' Adventure', ' Fantasy']",6.9,/name/nm0000600/,"/name/nm1212722/,/name/nm0647634/,/name/nm0252230/,/name/nm0938950/",425235.0,5017971.0,0.5106382978723406,0.12626999365173044
Alien,tt0078748,1979.0,,"['Horror', ' Sci-Fi']",8.5,/name/nm0000631/,"/name/nm0000244/,/name/nm0000643/,/name/nm0000457/,/name/nm0001021/",890417.0,78900000.0,0.8510638297872342,0.3068877754071532
Prey,tt11866324,2022.0,,"['Action', ' Adventure', ' Drama']",7.1,/name/nm0870469/,"/name/nm1690270/,/name/nm13396806/,/name/nm10867068/,/name/nm11901532/",199014.0,5017971.0,0.5531914893617021,0.03843440412656935
The Visit,tt3567288,2015.0,,"['Horror', ' Mystery', ' Thriller']",6.2,/name/nm0796117/,"/name/nm4609822/,/name/nm4590837/,/name/nm0241759/,/name/nm0574513/",138344.0,65206105.0,0.36170212765957455,0.014877858905340895
Last Night in Soho,tt9639470,2021.0,,"['Drama', ' Horror', ' Mystery']",7.0,/name/nm0942367/,"/name/nm5057169/,/name/nm5896355/,/name/nm1741002/,/name/nm0001671/",143962.0,5017971.0,0.5319148936170214,0.017059178685345205
The Cabin in the Woods,tt1259521,2011.0,,"['Horror', ' Mystery', ' Thriller']",7.0,/name/nm1206844/,"/name/nm1393354/,/name/nm1165110/,/name/nm0404307/,/name/nm0469823/",425201.0,42073277.0,0.5319148936170214,0.12625679235722703
Bone Tomahawk,tt2494362,2015.0,,"['Drama', ' Horror', ' Western']",7.1,/name/nm0951975/,"/name/nm0000621/,/name/nm0933940/,/name/nm0289142/,/name/nm0420955/",105055.0,5017971.0,0.5531914893617021,0.0019526267664011525
The Shining,tt0081505,1980.0,,"['Drama', ' Horror']",8.4,/name/nm0000040/,"/name/nm0000197/,/name/nm0001167/,/name/nm0515950/,/name/nm0001079/",1032203.0,44017374.0,0.8297872340425534,0.3619395031265713
A Quiet Place,tt6644200,2018.0,,"['Drama', ' Horror', ' Sci-Fi']",7.5,/name/nm1024677/,"/name/nm1289434/,/name/nm1024677/,/name/nm8075925/,/name/nm7415871/",538908.0,188024361.0,0.6382978723404257,0.17040619218366884
It,tt1396484,2017.0,,['Horror'],7.3,/name/nm0615592/,"/name/nm0803889/,/name/nm5897057/,/name/nm6016511/,/name/nm6096118/",557690.0,327481748.0,0.5957446808510639,0.17769874257669854
The Killing of a Sacred Deer,tt5715874,2017.0,,"['Drama', ' Horror', ' Mystery']",7.0,/name/nm0487166/,"/name/nm8467096/,/name/nm9300501/,/name/nm0131966/,/name/nm3864163/",159783.0,2291901.0,0.5319148936170214,0.023202051636475176
Glass,tt6823368,2019.0,,"['Drama', ' Horror', ' Sci-Fi']",6.6,/name/nm0796117/,"/name/nm0564215/,/name/nm0000246/,/name/nm0000168/,/name/nm5896355/",248618.0,111048468.0,0.44680851063829785,0.05769431626030623
Ready or Not,tt7798634,2019.0,,"['Action', ' Comedy', ' Horror']",6.8,/name/nm2366012/,"/name/nm2419470/,/name/nm3034977/,/name/nm0111013/,/name/nm1975628/,/name/nm0001089/",157715.0,28714231.0,0.4893617021276596,0.022399102311973767
The VVitch: A New-England Folktale,tt4263482,2015.0,,"['Drama', ' Fantasy', ' Horror']",6.9,/name/nm3211470/,"/name/nm5896355/,/name/nm0408591/,/name/nm0225483/,/name/nm0724995/",269793.0,25138705.0,0.5106382978723406,0.06591600482235523
Us,tt6857112,2019.0,,"['Horror', ' Mystery', ' Thriller']",6.8,/name/nm1443502/,"/name/nm2143282/,/name/nm6328300/,/name/nm0005253/,/name/nm1727367/",307179.0,175084580.0,0.4893617021276596,0.08043199294895564
Under the Skin,tt1441395,2013.0,,"['Drama', ' Horror', ' Mystery']",6.3,/name/nm0322242/,"/name/nm0424060/,/name/nm4835245/,/name/nm5860325/,/name/nm5860326/",147142.0,2605039.0,0.3829787234042553,0.018293887994781606
I Know What You Did Last Summer,tt0119345,1997.0,,"['Horror', ' Mystery']",5.8,/name/nm0318947/,"/name/nm0001349/,/name/nm0001264/,/name/nm0000162/,/name/nm0000202/",149773.0,72586134.0,0.2765957446808511,0.019315435225324744
The Conjuring,tt1457767,2013.0,,"['Horror', ' Mystery', ' Thriller']",7.5,/name/nm1490123/,"/name/nm0933940/,/name/nm0267812/,/name/nm0515296/,/name/nm0000666/",516522.0,137400141.0,0.6382978723404257,0.16171430457327787
Morbius,tt5108870,2022.0,,"['Action', ' Adventure', ' Horror']",5.2,/name/nm1174251/,"/name/nm0001467/,/name/nm1741002/,/name/nm5245722/,/name/nm0364813/",130990.0,5017971.0,0.148936170212766,0.012022496558927278
28 Days Later,tt0289043,2002.0,,"['Drama', ' Horror', ' Sci-Fi']",7.5,/name/nm0000965/,"/name/nm0614165/,/name/nm0365140/,/name/nm0001172/,/name/nm0658099/",420002.0,45064915.0,0.6382978723404257,0.12423815911830884
The Lost Boys,tt0093437,1987.0,,"['Comedy', ' Horror']",7.2,/name/nm0001708/,"/name/nm0000574/,/name/nm0000433/,/name/nm0001848/,/name/nm0400464/",147662.0,32222567.0,0.5744680851063831,0.0184957901460102
Jennifer's Body,tt1131734,2009.0,,"['Comedy', ' Horror']",5.4,/name/nm0476201/,"/name/nm1083271/,/name/nm1086543/,/name/nm0111013/,/name/nm2215447/",138764.0,16204793.0,0.19148936170212777,0.015040933719794758
Scream 4,tt1262416,2011.0,,"['Comedy', ' Horror', ' Mystery']",6.2,/name/nm0000127/,"/name/nm0000117/,/name/nm0001073/,/name/nm0000274/,/name/nm1423955/",153498.0,38180928.0,0.36170212765957455,0.02076175352018342
A Quiet Place Part II,tt8332922,2020.0,,"['Drama', ' Horror', ' Sci-Fi']",7.2,/name/nm1024677/,"/name/nm1289434/,/name/nm8075925/,/name/nm0614165/,/name/nm1024677/",237487.0,160072261.0,0.5744680851063831,0.053372445403911076
Orphan,tt1148204,2009.0,,"['Horror', ' Mystery', ' Thriller']",7.0,/name/nm1429471/,"/name/nm0267812/,/name/nm0765597/,/name/nm2265157/,/name/nm0001634/",235305.0,41596251.0,0.5319148936170214,0.052525232915486476
World War Z,tt0816711,2013.0,,"['Action', ' Adventure', ' Horror']",7.0,/name/nm0286975/,"/name/nm0000093/,/name/nm0257969/,/name/nm2020146/,/name/nm0197647/",676411.0,202359711.0,0.5319148936170214,0.2237949450690253
Annihilation,tt2798920,2018.0,,"['Adventure', ' Drama', ' Horror']",6.8,/name/nm0307497/,"/name/nm0000204/,/name/nm0000492/,/name/nm1935086/,/name/nm0938950/",332822.0,32732301.0,0.4893617021276596,0.09038848691809956
The Thing,tt0084787,1982.0,,"['Horror', ' Mystery', ' Sci-Fi']",8.2,/name/nm0000118/,"/name/nm0000621/,/name/nm0000979/,/name/nm0202966/,/name/nm0557956/",431046.0,13782838.0,0.7872340425531914,0.12852625019170996
The Mist,tt0884328,2007.0,,"['Horror', ' Sci-Fi', ' Thriller']",7.1,/name/nm0001104/,"/name/nm0005048/,/name/nm0001315/,/name/nm0390229/,/name/nm0105672/",316834.0,25594957.0,0.5531914893617021,0.08418077231455579
The Exorcist,tt0070047,1973.0,,['Horror'],8.1,/name/nm0001243/,"/name/nm0000995/,/name/nm0001884/,/name/nm0000304/,/name/nm0002011/",414031.0,232906145.0,0.7659574468085106,0.12191977883948973
Psycho,tt0054215,1960.0,,"['Horror', ' Mystery', ' Thriller']",8.5,/name/nm0000033/,"/name/nm0000578/,/name/nm0001463/,/name/nm0587256/,/name/nm0001260/",677535.0,32000000.0,0.8510638297872342,0.22423136433437327
Predator,tt0093773,1987.0,,"['Action', ' Adventure', ' Horror']",7.8,/name/nm0001532/,"/name/nm0000216/,/name/nm0001835/,/name/nm0001310/,/name/nm0001990/",428940.0,59735548.0,0.7021276595744681,0.12770854647923416
Event Horizon,tt0119081,1997.0,,"['Horror', ' Sci-Fi', ' Thriller']",6.6,/name/nm0027271/,"/name/nm0000401/,/name/nm0000554/,/name/nm0000599/,/name/nm0000613/",184843.0,26673242.0,0.44680851063829785,0.03293218223222242
The Platform,tt8228288,2019.0,,"['Horror', ' Sci-Fi', ' Thriller']",7.0,/name/nm2008067/,"/name/nm1293644/,/name/nm1445349/,/name/nm0760665/,/name/nm0117763/",234059.0,5017971.0,0.5319148936170214,0.05204144429927335
Mother!,tt5109784,2017.0,,"['Drama', ' Horror', ' Mystery']",6.6,/name/nm0004716/,"/name/nm2225369/,/name/nm0000849/,/name/nm0000438/,/name/nm0000201/",231020.0,17800004.0,0.44680851063829785,0.050861481534689314
Scream 2,tt0120082,1997.0,,"['Horror', ' Mystery']",6.3,/name/nm0000127/,"/name/nm0000117/,/name/nm0001073/,/name/nm0000274/,/name/nm0000586/",188405.0,101363301.0,0.3829787234042553,0.03431521196813829
Train to Busan,tt5700672,2016.0,,"['Action', ' Horror', ' Thriller']",7.6,/name/nm3613566/,"/name/nm1508003/,/name/nm1869756/,/name/nm3011350/,/name/nm1246724/",227586.0,2129768.0,0.6595744680851064,0.0495281507898451
Dawn of the Dead,tt0363547,2004.0,,"['Action', ' Horror']",7.3,/name/nm0811583/,"/name/nm0001631/,/name/nm0000609/,/name/nm0001616/,/name/nm0916617/",259372.0,59020957.0,0.5957446808510639,0.06186980805706065
Doctor Sleep,tt5606664,2019.0,,"['Drama', ' Fantasy', ' Horror']",7.3,/name/nm1093039/,"/name/nm0000191/,/name/nm0272581/,/name/nm7738797/,/name/nm0193295/",197683.0,31581712.0,0.5957446808510639,0.0379176122740977
Bird Box,tt2737304,2018.0,,"['Horror', ' Mystery', ' Sci-Fi']",6.6,/name/nm0081540/,"/name/nm0000113/,/name/nm5218990/,/name/nm0000518/,/name/nm0005299/",350291.0,5017971.0,0.44680851063829785,0.09717123437927708
Dracula,tt0103874,1992.0,,"['Drama', ' Fantasy', ' Horror']",7.4,/name/nm0000338/,"/name/nm0000198/,/name/nm0000213/,/name/nm0000164/,/name/nm0000206/",222102.0,82522790.0,0.6170212765957448,0.04739885964111892
Constantine,tt0360486,2005.0,,"['Action', ' Fantasy', ' Horror']",7.0,/name/nm1349376/,"/name/nm0000206/,/name/nm0001838/,/name/nm0005023/,/name/nm0479471/",352209.0,75976178.0,0.5319148936170214,0.09791594269861639
Life,tt5442430,2017.0,,"['Horror', ' Sci-Fi', ' Thriller']",6.6,/name/nm1174251/,"/name/nm0350453/,/name/nm0272581/,/name/nm0005351/,/name/nm0760796/",235817.0,30234022.0,0.44680851063829785,0.052724028879773094
Alien: Covenant,tt2316204,2017.0,,"['Horror', ' Sci-Fi', ' Thriller']",6.4,/name/nm0000631/,"/name/nm1055413/,/name/nm2239702/,/name/nm0001082/,/name/nm1144419/",285857.0,74262031.0,0.4042553191489363,0.07215322820184779
Sleepy Hollow,tt0162661,1999.0,,"['Fantasy', ' Horror', ' Mystery']",7.3,/name/nm0000318/,"/name/nm0000136/,/name/nm0000207/,/name/nm0001669/,/name/nm0002091/",366045.0,101071502.0,0.5957446808510639,0.10328809301476798
Searching,tt7668870,2018.0,,"['Drama', ' Horror', ' Mystery']",7.6,/name/nm3792134/,"/name/nm0158626/,/name/nm0005226/,/name/nm4334711/,/name/nm8045046/",166764.0,26020957.0,0.6595744680851064,0.02591258801671905
Interview with the Vampire: The Vampire Chronicles,tt0110148,1994.0,,"['Drama', ' Fantasy', ' Horror']",7.5,/name/nm0001403/,"/name/nm0000093/,/name/nm0000129/,/name/nm0000104/,/name/nm0000379/",328894.0,105264608.0,0.6382978723404257,0.08886334912958818
10 Cloverfield Lane,tt1179933,2016.0,,"['Drama', ' Horror', ' Mystery']",7.2,/name/nm0870469/,"/name/nm0000422/,/name/nm0935541/,/name/nm0302330/,/name/nm0341174/",334356.0,72082998.0,0.5744680851063831,0.0909840982642239
Zombieland,tt1156398,2009.0,,"['Action', ' Comedy', ' Horror']",7.6,/name/nm0281508/,"/name/nm0251986/,/name/nm1297015/,/name/nm0000437/,/name/nm1113550/",585822.0,75590286.0,0.6595744680851064,0.1886216489581655
The Evil Dead,tt0083907,1981.0,,['Horror'],7.4,/name/nm0000600/,"/name/nm0132257/,/name/nm0762445/,/name/nm0217822/,/name/nm0048260/",214239.0,2400000.0,0.6170212765957448,0.04434586615052194
Jeepers Creepers,tt0263488,2001.0,,"['Horror', ' Mystery']",6.2,/name/nm0759207/,"/name/nm0005312/,/name/nm0519043/,/name/nm0106534/,/name/nm0006970/",132626.0,37904175.0,0.36170212765957455,0.012657711788561855
Evil Dead,tt1288558,2013.0,,['Horror'],6.5,/name/nm1793079/,"/name/nm3994408/,/name/nm2057036/,/name/nm1140300/,/name/nm1086384/",176564.0,54239856.0,0.4255319148936171,0.029717667020642553
The Meg,tt4779682,2018.0,,"['Action', ' Horror', ' Sci-Fi']",5.6,/name/nm0005509/,"/name/nm0005458/,/name/nm0508356/,/name/nm0933988/,/name/nm0193295/",174788.0,143005856.0,0.2340425531914893,0.029028093519523356
Cloverfield,tt1060277,2008.0,,"['Action', ' Adventure', ' Horror']",7.0,/name/nm0716257/,"/name/nm1036181/,/name/nm1140300/,/name/nm0135221/,/name/nm2554352/",404292.0,80048433.0,0.5319148936170214,0.11813838451099881
Scream 3,tt0134084,2000.0,,"['Horror', ' Mystery']",5.6,/name/nm0000127/,"/name/nm0000274/,/name/nm0000117/,/name/nm0001073/,/name/nm0000630/",147177.0,89138076.0,0.2340425531914893,0.01830747756265276
A Cure for Wellness,tt4731136,2016.0,,"['Drama', ' Fantasy', ' Horror']",6.4,/name/nm0893659/,"/name/nm2851530/,/name/nm0005042/,/name/nm5301405/,/name/nm2166477/",101744.0,8106986.0,0.4042553191489363,0.0006670536457898548
Saw,tt0387564,2004.0,,"['Horror', ' Mystery', ' Thriller']",7.6,/name/nm1490123/,"/name/nm0000144/,/name/nm1191481/,/name/nm0000418/,/name/nm0504962/",428399.0,56000369.0,0.6595744680851064,0.12749849058728288
28 Weeks Later,tt0463854,2007.0,,"['Action', ' Adventure', ' Horror']",6.9,/name/nm0294379/,"/name/nm0719637/,/name/nm0126284/,/name/nm0001015/,/name/nm0674782/",280540.0,28638916.0,0.5106382978723406,0.07008877870553543
The Skin I Live In,tt1189073,2011.0,,"['Drama', ' Horror', ' Mystery']",7.6,/name/nm0000264/,"/name/nm0000104/,/name/nm0025745/,/name/nm1693432/,/name/nm0004650/",155843.0,3185812.0,0.6595744680851064,0.02167225456755083
It Follows,tt3235888,2014.0,,"['Horror', ' Mystery', ' Thriller']",6.8,/name/nm1379002/,"/name/nm2140860/,/name/nm1507857/,/name/nm3459140/,/name/nm2714273/",248135.0,14674077.0,0.4893617021276596,0.05750678022368429
The Faculty,tt0133751,1998.0,,"['Horror', ' Mystery', ' Sci-Fi']",6.6,/name/nm0001675/,"/name/nm0108287/,/name/nm0245112/,/name/nm0364977/,/name/nm0001326/",126468.0,40064955.0,0.44680851063829785,0.010266724389974006
I Am Legend,tt0480249,2007.0,,"['Action', ' Drama', ' Horror']",7.2,/name/nm1349376/,"/name/nm0000226/,/name/nm0103797/,/name/nm2253071/,/name/nm0724757/",768223.0,256386216.0,0.5744680851063831,0.25944309950864003
What We Do in the Shadows,tt3416742,2014.0,,"['Comedy', ' Horror']",7.6,/name/nm1318596/,"/name/nm0169806/,/name/nm1318596/,/name/nm0169806/,/name/nm1129962/,/name/nm1591353/",187524.0,3333000.0,0.6595744680851064,0.03397314313115292
The Rocky Horror Picture Show,tt0073629,1975.0,,"['Comedy', ' Horror', ' Musical']",7.4,/name/nm0788940/,"/name/nm0000347/,/name/nm0000215/,/name/nm0000960/,/name/nm0639782/",155842.0,139876417.0,0.6170212765957448,0.021671866294183082
Scary Movie 2,tt0257106,2001.0,,"['Comedy', ' Horror']",5.3,/name/nm0005540/,"/name/nm0267506/,/name/nm0005541/,/name/nm0009919/,/name/nm0057221/",165050.0,71308997.0,0.1702127659574468,0.025247087464400186
The Mummy,tt2345759,2017.0,,"['Action', ' Adventure', ' Fantasy']",5.4,/name/nm0476064/,"/name/nm0000129/,/name/nm1154749/,/name/nm1834115/,/name/nm0000128/",193552.0,80101125.0,0.19148936170212777,0.03631365499193362
Gerald's Game,tt3748172,2017.0,,"['Drama', ' Horror', ' Thriller']",6.5,/name/nm1093039/,"/name/nm0001303/,/name/nm0339304/,/name/nm5988570/,/name/nm0835393/",113785.0,5017971.0,0.4255319148936171,0.005342253266835048
Escape Room,tt5886046,2019.0,,"['Action', ' Adventure', ' Horror']",6.4,/name/nm0733263/,"/name/nm5347988/,/name/nm2383250/,/name/nm1337350/,/name/nm0479527/",126395.0,57005601.0,0.4042553191489363,0.010238380434128452
Antichrist,tt0870984,2009.0,,"['Drama', ' Horror', ' Thriller']",6.5,/name/nm0001885/,"/name/nm0000353/,/name/nm0001250/,/name/nm3527143/",129239.0,397070.0,0.4255319148936171,0.011342629892001762
The Descent,tt0435625,2005.0,,"['Adventure', ' Horror', ' Thriller']",7.2,/name/nm0551076/,"/name/nm0531933/,/name/nm0413238/,/name/nm0717157/,/name/nm0611731/",229770.0,26024456.0,0.5744680851063831,0.050376139825005196
It Chapter Two,tt7349950,2019.0,,"['Drama', ' Fantasy', ' Horror']",6.5,/name/nm0615592/,"/name/nm1567113/,/name/nm0564215/,/name/nm0352778/,/name/nm2248149/",272179.0,211593228.0,0.4255319148936171,0.06684242507780028
The Hunt,tt8244784,2020.0,,"['Action', ' Horror', ' Thriller']",6.5,/name/nm0957505/,"/name/nm2365811/,/name/nm0005476/,/name/nm0054697/,/name/nm0245145/",117239.0,5017971.0,0.4255319148936171,0.006683349479034209
They Live,tt0096256,1988.0,,"['Action', ' Horror', ' Sci-Fi']",7.2,/name/nm0000118/,"/name/nm0684929/,/name/nm0202966/,/name/nm0001236/,/name/nm0002668/",133549.0,13008928.0,0.5744680851063831,0.01301608810699261
Sinister,tt1922777,2012.0,,"['Horror', ' Mystery', ' Thriller']",6.8,/name/nm0220600/,"/name/nm0000160/,/name/nm1628115/,/name/nm0710447/,/name/nm0000669/",258524.0,48086903.0,0.4893617021276596,0.061540552241210945
Blade,tt0120611,1998.0,,"['Action', ' Horror', ' Sci-Fi']",7.1,/name/nm0635759/,"/name/nm0000648/,/name/nm0001151/,/name/nm0001434/,/name/nm0942668/",279833.0,70087718.0,0.5531914893617021,0.06981426943453808
Wrong Turn,tt0295700,2003.0,,"['Horror', ' Thriller']",6.1,/name/nm0003343/,"/name/nm0244630/,/name/nm0005438/,/name/nm0004825/,/name/nm0004993/",123491.0,15417771.0,0.3404255319148936,0.009110834574190305
The Fly,tt0091064,1986.0,,"['Drama', ' Horror', ' Sci-Fi']",7.6,/name/nm0000343/,"/name/nm0000156/,/name/nm0000133/,/name/nm0315288/,/name/nm0100205/",187373.0,40456565.0,0.6595744680851064,0.03391451385262308
Pitch Black,tt0134847,2000.0,,"['Action', ' Horror', ' Sci-Fi']",7.1,/name/nm0878638/,"/name/nm0593664/,/name/nm0369513/,/name/nm0004874/,/name/nm0202966/",243294.0,39240659.0,0.5531914893617021,0.055627148850419625
Poltergeist,tt0084516,1982.0,,"['Horror', ' Thriller']",7.3,/name/nm0001361/,"/name/nm0001851/,/name/nm0001576/,/name/nm0005266/,/name/nm0833152/",168169.0,76606280.0,0.5957446808510639,0.026458112098404003
The Mummy: Tomb of the Dragon Emperor,tt0859163,2008.0,,"['Action', ' Adventure', ' Fantasy']",5.2,/name/nm0003418/,"/name/nm0000409/,/name/nm0001472/,/name/nm0004742/,/name/nm0000706/",163838.0,102491776.0,0.148936170212766,0.024776500142690464
Carrie,tt0074285,1976.0,,"['Horror', ' Mystery']",7.4,/name/nm0000361/,"/name/nm0000651/,/name/nm0001453/,/name/nm0001388/,/name/nm0000237/",191890.0,33800000.0,0.6170212765957448,0.035668344654737616
The Nun,tt5814060,2018.0,,"['Horror', ' Mystery', ' Thriller']",5.3,/name/nm2379028/,"/name/nm0065007/,/name/nm3920288/,/name/nm2997552/,/name/nm0007491/",144666.0,117450119.0,0.1702127659574468,0.0173325231362393
Resident Evil,tt0120804,2002.0,,"['Action', ' Horror', ' Sci-Fi']",6.6,/name/nm0027271/,"/name/nm0000170/,/name/nm0735442/,/name/nm1011675/,/name/nm0668994/",275282.0,40119709.0,0.44680851063829785,0.06804723733792013
Shaun of the Dead,tt0365748,2004.0,,"['Comedy', ' Horror']",7.9,/name/nm0942367/,"/name/nm0670408/,/name/nm0296545/,/name/nm0038918/,/name/nm0205063/",564467.0,13542874.0,0.7234042553191491,0.18033007118992198
Legion,tt1038686,2010.0,,"['Action', ' Fantasy', ' Horror']",5.2,/name/nm0829820/,"/name/nm0079273/,/name/nm0000598/,/name/nm0001165/,/name/nm0085407/",106827.0,40168080.0,0.148936170212766,0.002640647174049361
The Conjuring 2,tt3065204,2016.0,,"['Horror', ' Mystery', ' Thriller']",7.3,/name/nm1490123/,"/name/nm0267812/,/name/nm0933940/,/name/nm4068901/,/name/nm0640323/",276405.0,102470008.0,0.5957446808510639,0.06848326832990034
Rosemary's Baby,tt0063522,1968.0,,"['Drama', ' Horror']",8.0,/name/nm0000591/,"/name/nm0001201/,/name/nm0001023/,/name/nm0002106/,/name/nm0085782/",220661.0,5017971.0,0.7446808510638299,0.04683935771819507
Halloween,tt0077651,1978.0,,"['Horror', ' Thriller']",7.7,/name/nm0000118/,"/name/nm0000587/,/name/nm0000130/,/name/nm0602985/,/name/nm0477341/",284929.0,47000000.0,0.6808510638297873,0.0717929105165783
The Others,tt0230600,2001.0,,"['Horror', ' Mystery', ' Thriller']",7.6,/name/nm0024622/,"/name/nm0000173/,/name/nm0001172/,/name/nm0001217/,/name/nm0542635/",372153.0,96522687.0,0.6595744680851064,0.10565966674496846
The Ring,tt0298130,2002.0,,"['Horror', ' Mystery']",7.1,/name/nm0893659/,"/name/nm0915208/,/name/nm0376540/,/name/nm0004051/,/name/nm0233562/",355393.0,129128133.0,0.5531914893617021,0.09915220510152378
The Babadook,tt2321549,2014.0,,"['Horror', ' Mystery']",6.8,/name/nm0448768/,"/name/nm0204583/,/name/nm5231168/,/name/nm2989873/,/name/nm0568399/",229676.0,924279.0,0.4893617021276596,0.050339642128436946
A Nightmare on Elm Street,tt0087800,1984.0,,['Horror'],7.4,/name/nm0000127/,"/name/nm0000486/,/name/nm0000136/,/name/nm0000387/,/name/nm0768334/",244554.0,25504513.0,0.6170212765957448,0.05611637329378122
Insidious,tt1591095,2010.0,,"['Horror', ' Mystery', ' Thriller']",6.8,/name/nm1490123/,"/name/nm0933940/,/name/nm0126284/,/name/nm1339223/,/name/nm0005417/",313971.0,54009150.0,0.4893617021276596,0.08306914566269527
The Invisible Man,tt1051906,2020.0,,"['Drama', ' Horror', ' Mystery']",7.1,/name/nm1191481/,"/name/nm0005253/,/name/nm2719825/,/name/nm2976830/,/name/nm0388038/",232647.0,70410000.0,0.5531914893617021,0.05149320230401416
Dracula Untold,tt0829150,2014.0,,"['Action', ' Drama', ' Fantasy']",6.2,/name/nm2411495/,"/name/nm1812656/,/name/nm1002641/,/name/nm0300589/,/name/nm3280686/",199059.0,56280355.0,0.36170212765957455,0.03845187642811798
Friday the 13th,tt0080761,1980.0,,"['Horror', ' Mystery', ' Thriller']",6.4,/name/nm0192446/,"/name/nm0658133/,/name/nm0454415/,/name/nm0852551/,/name/nm0604987/",143954.0,39754601.0,0.4042553191489363,0.017056072498403227
Alien³,tt0103644,1992.0,,"['Action', ' Horror', ' Sci-Fi']",6.4,/name/nm0000399/,"/name/nm0000244/,/name/nm0001165/,/name/nm0001097/,/name/nm0001524/",304323.0,55473600.0,0.4042553191489363,0.07932308421066936
The Conjuring: The Devil Made Me Do It,tt7069210,2021.0,,"['Horror', ' Mystery', ' Thriller']",6.3,/name/nm1980431/,"/name/nm0933940/,/name/nm0267812/,/name/nm4754741/,/name/nm7511512/",119597.0,65631050.0,0.3829787234042553,0.007598898080182333
The Cloverfield Paradox,tt2548396,2018.0,,"['Action', ' Adventure', ' Horror']",5.5,/name/nm1564809/,"/name/nm1813221/,/name/nm0654648/,/name/nm0117709/,/name/nm0651159/",107418.0,5017971.0,0.21276595744680854,0.0028701167343880133
Final Destination,tt0195714,2000.0,,"['Horror', ' Thriller']",6.7,/name/nm0939128/,"/name/nm0001701/,/name/nm0005123/,/name/nm0005445/,/name/nm0167028/",260834.0,53331147.0,0.46808510638297884,0.0624374637207072
An American Werewolf in London,tt0082010,1981.0,,"['Comedy', ' Horror']",7.5,/name/nm0000484/,"/name/nm0622544/,/name/nm0000256/,/name/nm0067643/,/name/nm0001162/",110984.0,30565292.0,0.6382978723404257,0.004254699563774871
Hostel,tt0450278,2005.0,,['Horror'],5.9,/name/nm0744834/,"/name/nm0379596/,/name/nm1277177/,/name/nm1898448/,/name/nm1319676/",183230.0,47326473.0,0.297872340425532,0.03230589729004603
Brightburn,tt7752126,2019.0,,"['Drama', ' Horror', ' Mystery']",6.1,/name/nm0946521/,"/name/nm0006969/,/name/nm0219292/,/name/nm6676262/,/name/nm6561765/",100548.0,17300439.0,0.3404255319148936,0.0002026786979640886
The Texas Chain Saw Massacre,tt0072271,1974.0,,['Horror'],7.4,/name/nm0001361/,"/name/nm0122782/,/name/nm0623605/,/name/nm0200758/,/name/nm0663935/",167043.0,30859000.0,0.6170212765957448,0.026020916286320545
The Autopsy of Jane Doe,tt3289956,2016.0,,"['Horror', ' Mystery', ' Thriller']",6.8,/name/nm0004217/,"/name/nm0004051/,/name/nm0386472/,/name/nm1166041/,/name/nm0568385/",122648.0,10474.0,0.4893617021276596,0.008783520125179333
Eraserhead,tt0074486,1977.0,,"['Fantasy', ' Horror']",7.3,/name/nm0000186/,"/name/nm0620756/,/name/nm0829270/,/name/nm0430535/,/name/nm0060931/",119224.0,7000000.0,0.5957446808510639,0.007454072114012592
Hush,tt5022702,2016.0,,"['Horror', ' Thriller']",6.6,/name/nm1093039/,"/name/nm0302330/,/name/nm2318089/,/name/nm0873998/,/name/nm1418096/",140122.0,5017971.0,0.44680851063829785,0.015568208953195587
1408,tt0450385,2007.0,,"['Fantasy', ' Horror', ' Mystery']",6.8,/name/nm0405632/,"/name/nm0000131/,/name/nm0000168/,/name/nm0005203/,/name/nm0001724/",278642.0,71985628.0,0.4893617021276596,0.06935183585355105
Tremors,tt0100814,1990.0,,"['Comedy', ' Horror']",7.1,/name/nm0881038/,"/name/nm0000102/,/name/nm0911542/,/name/nm0141617/,/name/nm0343447/",141334.0,16667084.0,0.5531914893617021,0.01603879627490531
The Purge,tt2184339,2013.0,,"['Horror', ' Sci-Fi', ' Thriller']",5.7,/name/nm0218621/,"/name/nm0000160/,/name/nm0372176/,/name/nm1370269/,/name/nm2560043/",227662.0,64473115.0,0.2553191489361703,0.049557659565793895
The Crazies,tt0455407,2010.0,,"['Adventure', ' Horror']",6.5,/name/nm0252135/,"/name/nm0593664/,/name/nm0648249/,/name/nm1263939/,/name/nm1725848/",123367.0,39123589.0,0.4255319148936171,0.00906268867658964
The Hills Have Eyes,tt0454841,2006.0,,"['Horror', ' Thriller']",6.4,/name/nm0014960/,"/name/nm0505971/,/name/nm0000599/,/name/nm0126004/,/name/nm0211087/",174545.0,41778863.0,0.4042553191489363,0.028933743091160764
Sweeney Todd: The Demon Barber of Fleet Street,tt0408236,2007.0,,"['Drama', ' Horror', ' Musical']",7.3,/name/nm0000318/,"/name/nm0000136/,/name/nm0000307/,/name/nm0000614/,/name/nm0001758/",373078.0,52898073.0,0.5957446808510639,0.1060188196101347
Hellboy,tt0167190,2004.0,,"['Action', ' Adventure', ' Fantasy']",6.8,/name/nm0868219/,"/name/nm0000579/,/name/nm0427964/,/name/nm0004757/,/name/nm0000457/",334281.0,59623958.0,0.4893617021276596,0.09095497776164287
Planet Terror,tt1077258,2007.0,,"['Action', ' Comedy', ' Horror']",7.1,/name/nm0001675/,"/name/nm0000535/,/name/nm0135585/,/name/nm0000982/,/name/nm0005420/",214239.0,5017971.0,0.5531914893617021,0.04434586615052194
Hellraiser,tt0093177,1987.0,,"['Horror', ' Thriller']",6.9,/name/nm0000850/,"/name/nm0732367/,/name/nm0383354/,/name/nm0491090/,/name/nm0152521/",130451.0,14564027.0,0.5106382978723406,0.011813217213711485
Devil,tt1314655,2010.0,,"['Horror', ' Mystery', ' Thriller']",6.3,/name/nm0235719/,"/name/nm0582149/,/name/nm0223518/,/name/nm0940158/,/name/nm1334869/",149382.0,33583175.0,0.3829787234042553,0.01916362033853555
Silent Hill,tt0384537,2006.0,,"['Horror', ' Mystery']",6.5,/name/nm0304521/,"/name/nm0593664/,/name/nm0390229/,/name/nm0000293/,/name/nm0000679/",233935.0,46982632.0,0.4255319148936171,0.05199329840167268
Tucker and Dale vs Evil,tt1465522,2010.0,,"['Comedy', ' Horror']",7.5,/name/nm0185848/,"/name/nm0479527/,/name/nm0876138/,/name/nm2197298/,/name/nm1536605/",183686.0,223838.0,0.6382978723404257,0.0324829499457388
The Blair Witch Project,tt0185937,1999.0,,"['Horror', ' Mystery']",6.5,/name/nm0617130/,"/name/nm0844896/,/name/nm0231946/,/name/nm0931321/,/name/nm0502671/,/name/nm1482809/",266695.0,140539099.0,0.4255319148936171,0.0647131339290741
The Birds,tt0056869,1963.0,,"['Drama', ' Horror', ' Mystery']",7.6,/name/nm0000033/,"/name/nm0001792/,/name/nm0001335/,/name/nm0001788/,/name/nm0687189/",192653.0,11403529.0,0.6595744680851064,0.0359645972343288
The Strangers,tt0482606,2008.0,,"['Horror', ' Mystery', ' Thriller']",6.1,/name/nm1052162/,"/name/nm0005454/,/name/nm0000239/,/name/nm1801841/,/name/nm2899650/",134156.0,52597610.0,0.3404255319148936,0.013251770041215218
Zombieland: Double Tap,tt1560220,2019.0,,"['Action', ' Comedy', ' Horror']",6.7,/name/nm0281508/,"/name/nm0000437/,/name/nm0251986/,/name/nm1297015/,/name/nm1113550/",184181.0,73123082.0,0.46808510638297884,0.03267514526277371
REC,tt1038988,2007.0,,"['Horror', ' Mystery', ' Thriller']",7.4,/name/nm0049371/,"/name/nm0687042/,/name/nm0892299/,/name/nm0970337/,/name/nm1970851/,/name/nm0744485/",184461.0,5017971.0,0.6170212765957448,0.03278386180574295
Hotel Transylvania,tt0837562,2012.0,,"['Animation', ' Adventure', ' Comedy']",7.0,/name/nm0850733/,"/name/nm0001191/,/name/nm0416673/,/name/nm1676221/,/name/nm1411125/",261000.0,148313048.0,0.5319148936170214,0.06250191709975325
Evil Dead II,tt0092991,1987.0,,"['Comedy', ' Horror']",7.7,/name/nm0000600/,"/name/nm0132257/,/name/nm0077670/,/name/nm0382830/,/name/nm0219990/",168176.0,5923044.0,0.6808510638297873,0.026460830011978232
Mama,tt2023587,2013.0,,"['Fantasy', ' Horror', ' Thriller']",6.2,/name/nm0615592/,"/name/nm1567113/,/name/nm0182666/,/name/nm2743784/,/name/nm4719471/",184084.0,71628180.0,0.36170212765957455,0.032637482746102224
Alien: Resurrection,tt0118583,1997.0,,"['Action', ' Horror', ' Sci-Fi']",6.2,/name/nm0000466/,"/name/nm0000244/,/name/nm0000213/,/name/nm0684500/,/name/nm0000579/",251291.0,47748610.0,0.36170212765957455,0.05873217097229475
Gremlins,tt0087363,1984.0,,"['Comedy', ' Fantasy', ' Horror']",7.3,/name/nm0001102/,"/name/nm0002090/,/name/nm0000121/,/name/nm0001924/,/name/nm0521829/",231094.0,148170000.0,0.5957446808510639,0.05089021376390261
The Ritual,tt5638642,2017.0,,"['Horror', ' Mystery', ' Thriller']",6.3,/name/nm1410159/,"/name/nm1245863/,/name/nm2468782/,/name/nm1674947/,/name/nm0873744/",104927.0,5017971.0,0.3829787234042553,0.0019029277753294985
Hocus Pocus,tt0107120,1993.0,,"['Comedy', ' Family', ' Fantasy']",6.9,/name/nm0650905/,"/name/nm0000541/,/name/nm0000572/,/name/nm0001562/,/name/nm0441814/",144663.0,39514713.0,0.5106382978723406,0.01733135831613606
Ghost Ship,tt0288477,2002.0,,['Horror'],5.5,/name/nm0065284/,"/name/nm0000523/,/name/nm0000321/,/name/nm0253035/,/name/nm0004993/",102977.0,30113491.0,0.21276595744680854,0.0011457947082222709
Warm Bodies,tt1588173,2013.0,,"['Comedy', ' Horror', ' Romance']",6.8,/name/nm1349522/,"/name/nm0396558/,/name/nm1954240/,/name/nm0000518/,/name/nm3006818/",234448.0,66380662.0,0.4893617021276596,0.05219248263932705
Army of Darkness,tt0106308,1992.0,,"['Comedy', ' Horror']",7.4,/name/nm0000600/,"/name/nm0132257/,/name/nm0001110/,/name/nm0317956/,/name/nm0000718/",181785.0,11502976.0,0.6170212765957448,0.03174484227365119
Night of the Living Dead,tt0063350,1968.0,,"['Horror', ' Thriller']",7.8,/name/nm0001681/,"/name/nm0427977/,/name/nm0640621/,/name/nm0362457/,/name/nm0247659/",131697.0,89029.0,0.7021276595744681,0.012297005829924617
The Invitation,tt2400463,2015.0,,"['Drama', ' Horror', ' Mystery']",6.6,/name/nm0476201/,"/name/nm1334869/,/name/nm1538675/,/name/nm0401264/,/name/nm0087109/",112084.0,231703.0,0.44680851063829785,0.004681800268296897
Crimson Peak,tt2554274,2015.0,,"['Drama', ' Horror', ' Mystery']",6.5,/name/nm0868219/,"/name/nm1985859/,/name/nm1567113/,/name/nm1089991/,/name/nm0402271/",151165.0,31090320.0,0.4255319148936171,0.01985591175322898
Predator 2,tt0100403,1990.0,,"['Action', ' Horror', ' Sci-Fi']",6.3,/name/nm0394280/,"/name/nm0000418/,/name/nm0000997/,/name/nm0001310/,/name/nm0001952/",172089.0,30669413.0,0.3829787234042553,0.027980143699973405
House of Wax,tt0397065,2005.0,,"['Horror', ' Thriller']",5.4,/name/nm1429471/,"/name/nm0614877/,/name/nm0385296/,/name/nm0193846/,/name/nm0887144/",127231.0,32064800.0,0.19148936170212777,0.010562976969565192
Friday the 13th,tt0758746,2009.0,,"['Horror', ' Mystery', ' Thriller']",5.5,/name/nm1197971/,"/name/nm0655585/,/name/nm1119462/,/name/nm0575216/,/name/nm1263939/",110393.0,65002019.0,0.21276595744680854,0.0040252300034362195
The Mortal Instruments: City of Bones,tt1538403,2013.0,,"['Action', ' Adventure', ' Fantasy']",5.8,/name/nm0958969/,"/name/nm2934314/,/name/nm2570429/,/name/nm1588066/,/name/nm0922136/",135713.0,31165421.0,0.2765957446808511,0.013856311674797759
Child's Play,tt0094862,1988.0,,"['Horror', ' Thriller']",6.6,/name/nm0276169/,"/name/nm0382819/,/name/nm0001697/,/name/nm0898571/,/name/nm0000374/",106487.0,33244684.0,0.44680851063829785,0.0025086342290152803
Annabelle,tt3322940,2014.0,,"['Horror', ' Mystery', ' Thriller']",5.4,/name/nm0502954/,"/name/nm1782235/,/name/nm1834115/,/name/nm0005569/,/name/nm0024593/",162899.0,84273813.0,0.19148936170212777,0.024411911450375752
Let the Right One In,tt1139797,2008.0,,"['Drama', ' Fantasy', ' Horror']",7.9,/name/nm0019247/,"/name/nm2968765/,/name/nm2968351/,/name/nm0706537/,/name/nm0196928/",219996.0,2122065.0,0.7234042553191491,0.04658115592864312
Jacob's Ladder,tt0099871,1990.0,,"['Drama', ' Horror', ' Mystery']",7.4,/name/nm0001490/,"/name/nm0000209/,/name/nm0001615/,/name/nm0000732/,/name/nm0002023/",110901.0,26118851.0,0.6170212765957448,0.004222472874251846
Happy Death Day,tt5308322,2017.0,,"['Comedy', ' Horror', ' Mystery']",6.6,/name/nm0484907/,"/name/nm1557329/,/name/nm3441152/,/name/nm4384329/,/name/nm2531628/",147279.0,55683845.0,0.44680851063829785,0.018347081446162986
Take Shelter,tt1675192,2011.0,,"['Drama', ' Horror', ' Sci-Fi']",7.3,/name/nm2158772/,"/name/nm0788335/,/name/nm1567113/,/name/nm0924154/,/name/nm3964962/",102505.0,1729969.0,0.5957446808510639,0.0009625296786455471
30 Days of Night,tt0389722,2007.0,,"['Action', ' Adventure', ' Horror']",6.6,/name/nm1720541/,"/name/nm0001326/,/name/nm0313534/,/name/nm0396812/,/name/nm0004936/",180265.0,39568996.0,0.44680851063829785,0.031154666754675295
Cube,tt0123755,1997.0,,"['Drama', ' Horror', ' Mystery']",7.2,/name/nm0622112/,"/name/nm0207498/,/name/nm0935659/,/name/nm0382110/,/name/nm0587884/",235064.0,501818.0,0.5744680851063831,0.05243165903385938
Death Becomes Her,tt0104070,1992.0,,"['Comedy', ' Fantasy', ' Horror']",6.6,/name/nm0000709/,"/name/nm0000658/,/name/nm0000246/,/name/nm0000443/,/name/nm0000618/",122513.0,58422650.0,0.44680851063829785,0.00873110322053345
Only Lovers Left Alive,tt1714915,2013.0,,"['Comedy', ' Drama', ' Fantasy']",7.2,/name/nm0000464/,"/name/nm0842770/,/name/nm1089991/,/name/nm1985859/,/name/nm0000457/",102766.0,1879534.0,0.5744680851063831,0.0010638690276275915
The Shallows,tt4052882,2016.0,,"['Action', ' Drama', ' Horror']",6.3,/name/nm1429471/,"/name/nm0515116/,/name/nm1049982/,/name/nm8395137/,/name/nm8238078/",135874.0,55124043.0,0.3829787234042553,0.013918823687005073
You're Next,tt1853739,2011.0,,"['Horror', ' Thriller']",6.6,/name/nm1417392/,"/name/nm1801800/,/name/nm1846132/,/name/nm1410105/,/name/nm2431167/",102074.0,18474268.0,0.44680851063829785,0.0007951838571464625
Final Destination 3,tt0414982,2006.0,,"['Horror', ' Thriller']",5.8,/name/nm0939128/,"/name/nm0935541/,/name/nm0581365/,/name/nm0501210/,/name/nm0424481/",145411.0,54098051.0,0.2765957446808511,0.017621786795211036
Hansel & Gretel: Witch Hunters,tt1428538,2013.0,,"['Action', ' Fantasy', ' Horror']",6.1,/name/nm2482088/,"/name/nm0719637/,/name/nm2605345/,/name/nm0001780/,/name/nm0000463/",209366.0,55703475.0,0.3404255319148936,0.042453810029489364
Grindhouse,tt0462322,2007.0,,"['Action', ' Horror', ' Thriller']",7.5,/name/nm0001675/,"/name/nm0744834/,/name/nm0000233/,/name/nm0942367/,/name/nm0957772/,/name/nm0000621/,/name/nm0000535/,/name/nm0001803/,/name/nm1057928/",186310.0,25037897.0,0.6382978723404257,0.033501779262707705
Hollow Man,tt0164052,2000.0,,"['Action', ' Horror', ' Sci-Fi']",5.8,/name/nm0000682/,"/name/nm0000102/,/name/nm0000223/,/name/nm0000982/,/name/nm0225332/",133313.0,73209340.0,0.2765957446808511,0.012924455592204247
Anaconda,tt0118615,1997.0,,"['Action', ' Adventure', ' Horror']",4.8,/name/nm0515891/,"/name/nm0000685/,/name/nm0000182/,/name/nm0000655/,/name/nm0001084/",106603.0,65885767.0,0.06382978723404252,0.002553673939673967
Lights Out,tt4786282,2016.0,,"['Horror', ' Mystery']",6.3,/name/nm2497546/,"/name/nm1954240/,/name/nm5145655/,/name/nm0004742/,/name/nm0121605/",132823.0,67268835.0,0.3829787234042553,0.012734201642008072
Let Me In,tt1228987,2010.0,,"['Drama', ' Fantasy', ' Horror']",7.1,/name/nm0716257/,"/name/nm2240346/,/name/nm1631269/,/name/nm0420955/,/name/nm0120648/",123526.0,12134420.0,0.5531914893617021,0.00912442414206146
Paranormal Activity,tt1179904,2007.0,,"['Horror', ' Mystery']",6.3,/name/nm2305431/,"/name/nm2209370/,/name/nm2913790/,/name/nm2104166/,/name/nm2910808/",244110.0,107918810.0,0.3829787234042553,0.05594397991850142
The Thing,tt0905372,2011.0,,"['Horror', ' Mystery', ' Sci-Fi']",6.2,/name/nm0374048/,"/name/nm0935541/,/name/nm0249291/,/name/nm0860947/,/name/nm0647638/",135374.0,16928670.0,0.36170212765957455,0.013724687003131425
Alien vs. Predator,tt0370263,2004.0,,"['Action', ' Adventure', ' Horror']",5.6,/name/nm0027271/,"/name/nm0005125/,/name/nm0000448/,/name/nm0100556/,/name/nm0001971/",203623.0,80282231.0,0.2340425531914893,0.04022395607851664
Oculus,tt2388715,2013.0,,"['Horror', ' Mystery', ' Thriller']",6.5,/name/nm1093039/,"/name/nm2394794/,/name/nm4154798/,/name/nm0755267/,/name/nm0168262/",132070.0,27695246.0,0.4255319148936171,0.012441831796094358
Drag Me to Hell,tt1127180,2009.0,,['Horror'],6.6,/name/nm0000600/,"/name/nm0517844/,/name/nm0519043/,/name/nm0515207/,/name/nm0712404/",207230.0,42100625.0,0.44680851063829785,0.04162445811598114
Pandorum,tt1188729,2009.0,,"['Action', ' Horror', ' Mystery']",6.7,/name/nm0023355/,"/name/nm0000598/,/name/nm0004936/,/name/nm1544217/,/name/nm1662644/",153543.0,10330853.0,0.46808510638297884,0.02077922582173205
Blade II,tt0187738,2002.0,,"['Action', ' Horror', ' Sci-Fi']",6.7,/name/nm0868219/,"/name/nm0000648/,/name/nm0001434/,/name/nm0000579/,/name/nm0007237/",222712.0,82348319.0,0.46808510638297884,0.047635706395444774
Blade: Trinity,tt0359013,2004.0,,"['Action', ' Horror', ' Sci-Fi']",5.8,/name/nm0275286/,"/name/nm0000648/,/name/nm0001434/,/name/nm0000205/,/name/nm0005351/",180756.0,52411906.0,0.2765957446808511,0.03134530897823922
Dark Shadows,tt1077368,2012.0,,"['Comedy', ' Fantasy', ' Horror']",6.2,/name/nm0000318/,"/name/nm0000136/,/name/nm0000201/,/name/nm1200692/,/name/nm0000307/",270929.0,79727149.0,0.36170212765957455,0.06635708336811616
Overlord,tt4530422,2018.0,,"['Action', ' Horror', ' Sci-Fi']",6.6,/name/nm1170339/,"/name/nm5381254/,/name/nm0751518/,/name/nm7230577/,/name/nm1561982/",101165.0,21704844.0,0.44680851063829785,0.00044224336586417033
From Hell,tt0120681,2001.0,,"['Horror', ' Mystery', ' Thriller']",6.7,/name/nm0400436/,"/name/nm0400441/,/name/nm0000136/,/name/nm0001287/,/name/nm0000453/,/name/nm0001059/",158212.0,31602566.0,0.46808510638297884,0.022592074175744173
Pet Sematary,tt0098084,1989.0,,"['Fantasy', ' Horror', ' Thriller']",6.5,/name/nm0005116/,"/name/nm0001535/,/name/nm0000344/,/name/nm0001304/,/name/nm0339159/",107336.0,57469467.0,0.4255319148936171,0.002838278318232735
The Skeleton Key,tt0397101,2005.0,,"['Drama', ' Horror', ' Mystery']",6.5,/name/nm0812200/,"/name/nm0005028/,/name/nm0765597/,/name/nm0117146/,/name/nm0001687/",117490.0,47806295.0,0.4255319148936171,0.00678080609433878
Pi,tt0138704,1998.0,,"['Drama', ' Horror', ' Mystery']",7.3,/name/nm0004716/,"/name/nm0347797/,/name/nm0546797/,/name/nm0791570/,/name/nm0366466/",180762.0,3216970.0,0.5957446808510639,0.0313476386184457
Annabelle: Creation,tt5140878,2017.0,,"['Horror', ' Mystery', ' Thriller']",6.5,/name/nm2497546/,"/name/nm0001439/,/name/nm5343317/,/name/nm0001584/,/name/nm0339159/",138175.0,102092201.0,0.4255319148936171,0.0148122407061916
Carrie,tt1939659,2013.0,,"['Drama', ' Horror']",5.8,/name/nm0005303/,"/name/nm1631269/,/name/nm0000194/,/name/nm3538539/,/name/nm0234668/",142578.0,35266619.0,0.2765957446808511,0.016521808344382945
Halloween,tt0373883,2007.0,,['Horror'],6.0,/name/nm0957772/,"/name/nm0174021/,/name/nm0000532/,/name/nm0541932/,/name/nm0000374/",124518.0,58272029.0,0.31914893617021284,0.009509591322866778
The Omen,tt0075005,1976.0,,"['Horror', ' Mystery']",7.5,/name/nm0001149/,"/name/nm0000060/,/name/nm0001665/,/name/nm0827032/,/name/nm0001831/",122748.0,4273886.0,0.6382978723404257,0.008822347461954063
Final Destination 2,tt0309593,2003.0,,"['Horror', ' Thriller']",6.2,/name/nm0254786/,"/name/nm0176882/,/name/nm0005123/,/name/nm0865302/,/name/nm0484678/",170987.0,46961214.0,0.36170212765957455,0.027552266448715883
What Lies Beneath,tt0161081,2000.0,,"['Drama', ' Horror', ' Mystery']",6.6,/name/nm0000709/,"/name/nm0000148/,/name/nm0000201/,/name/nm0870007/,/name/nm0001584/",128986.0,155464351.0,0.44680851063829785,0.011244396729961697
Dawn of the Dead,tt0077402,1978.0,,"['Horror', ' Thriller']",7.8,/name/nm0001681/,"/name/nm0256361/,/name/nm0286010/,/name/nm0718203/,/name/nm0743417/",122967.0,5100000.0,0.7021276595744681,0.008907379329490721
The Amityville Horror,tt0384806,2005.0,,['Horror'],5.9,/name/nm1497918/,"/name/nm0005351/,/name/nm0313534/,/name/nm1497548/,/name/nm0416596/",113700.0,65233369.0,0.297872340425532,0.005309250030576528
Hellboy II: The Golden Army,tt0411477,2008.0,,"['Action', ' Adventure', ' Fantasy']",7.0,/name/nm0868219/,"/name/nm0000579/,/name/nm0004757/,/name/nm0427964/,/name/nm0018515/",275593.0,75754670.0,0.5319148936170214,0.06816799035528955
Resident Evil: Apocalypse,tt0318627,2004.0,,"['Action', ' Horror', ' Sci-Fi']",6.1,/name/nm0936838/,"/name/nm0000170/,/name/nm0347149/,/name/nm0531095/,/name/nm0004912/",202486.0,51201453.0,0.3404255319148936,0.03978248925938797
Freddy vs. Jason,tt0329101,2003.0,,"['Action', ' Horror']",5.7,/name/nm0950553/,"/name/nm0000387/,/name/nm0457090/,/name/nm0746714/,/name/nm0444621/",121676.0,82622655.0,0.2553191489361703,0.008406118411728962
The Host,tt0468492,2006.0,,"['Drama', ' Horror', ' Sci-Fi']",7.1,/name/nm0094435/,"/name/nm0814280/,/name/nm1322404/,/name/nm1310960/,/name/nm0046277/",124442.0,2201923.0,0.5531914893617021,0.009480082546917984
Pacific Rim: Uprising,tt2557478,2018.0,,"['Action', ' Adventure', ' Fantasy']",5.6,/name/nm0215299/,"/name/nm3915784/,/name/nm2207222/,/name/nm8314228/,/name/nm1218607/",119674.0,59874525.0,0.2340425531914893,0.007628795129498875
Saw II,tt0432348,2005.0,,"['Horror', ' Mystery']",6.6,/name/nm1135423/,"/name/nm0005531/,/name/nm0005238/,/name/nm1065281/,/name/nm0891275/",256962.0,87039965.0,0.44680851063829785,0.06093406924078967
The Brothers Grimm,tt0355295,2005.0,,"['Action', ' Adventure', ' Comedy']",5.9,/name/nm0000416/,"/name/nm0000354/,/name/nm0005132/,/name/nm0000899/,/name/nm1996295/",123006.0,37916267.0,0.297872340425532,0.008922521990832866
The Woman in Black,tt1596365,2012.0,,"['Drama', ' Fantasy', ' Horror']",6.4,/name/nm1220140/,"/name/nm0705356/,/name/nm0005216/,/name/nm0001354/,/name/nm4610169/",186313.0,54333290.0,0.4042553191489363,0.033502944082810945
Insidious: Chapter 2,tt2226417,2013.0,,"['Horror', ' Mystery', ' Thriller']",6.5,/name/nm1490123/,"/name/nm0933940/,/name/nm0126284/,/name/nm0001347/,/name/nm0005417/",174251.0,83586447.0,0.4255319148936171,0.028819590721043058
The Orphanage,tt0464141,2007.0,,"['Drama', ' Horror', ' Mystery']",7.4,/name/nm1291105/,"/name/nm0749104/,/name/nm0147308/,/name/nm2265834/,/name/nm0729345/",157970.0,7161284.0,0.6170212765957448,0.02249811202074933
Aliens vs. Predator: Requiem,tt0758730,2007.0,,"['Action', ' Adventure', ' Horror']",4.6,/name/nm0833779/,"/name/nm0833780/,/name/nm0043855/,/name/nm1018679/,/name/nm1560274/,/name/nm0651159/",128020.0,41797066.0,0.021276595744680778,0.010869324656717808
eXistenZ,tt0120907,1999.0,,"['Horror', ' Mystery', ' Sci-Fi']",6.8,/name/nm0000343/,"/name/nm0000179/,/name/nm0000492/,/name/nm0000453/,/name/nm0000353/",102302.0,2840417.0,0.4893617021276596,0.000883710184992846
Fright Night,tt1438176,2011.0,,"['Comedy', ' Horror']",6.4,/name/nm0318916/,"/name/nm0947338/,/name/nm0268199/,/name/nm0855039/,/name/nm0001057/",108815.0,18298649.0,0.4042553191489363,0.003412534629130986
The Exorcism of Emily Rose,tt0404032,2005.0,,"['Drama', ' Horror', ' Thriller']",6.7,/name/nm0220600/,"/name/nm0001473/,/name/nm0929489/,/name/nm0013037/,/name/nm0001714/",132606.0,75072454.0,0.46808510638297884,0.012649946321206909
The Purge: Anarchy,tt2975578,2014.0,,"['Action', ' Horror', ' Sci-Fi']",6.4,/name/nm0218621/,"/name/nm0342029/,/name/nm0252238/,/name/nm1472917/,/name/nm0760989/",154988.0,71962800.0,0.4042553191489363,0.02134028083812689
The Grudge,tt0391198,2004.0,,"['Horror', ' Mystery', ' Thriller']",5.9,/name/nm1234345/,"/name/nm0001264/,/name/nm0004736/,/name/nm0245112/,/name/nm0544611/",146707.0,110359362.0,0.297872340425532,0.018124989079811533
Doom,tt0419706,2005.0,,"['Action', ' Horror', ' Sci-Fi']",5.2,/name/nm0005647/,"/name/nm0881631/,/name/nm0683253/,/name/nm0425005/,/name/nm0649046/",115175.0,28212337.0,0.148936170212766,0.00588195324800379
Resident Evil: Retribution,tt1855325,2012.0,,"['Action', ' Horror', ' Sci-Fi']",5.3,/name/nm0027271/,"/name/nm0000170/,/name/nm0347149/,/name/nm0735442/,/name/nm2954597/",144730.0,42345531.0,0.1702127659574468,0.017357372631775128
Daybreakers,tt0433362,2009.0,,"['Action', ' Horror', ' Sci-Fi']",6.4,/name/nm1294961/,"/name/nm1294962/,/name/nm0000160/,/name/nm0000353/,/name/nm0000554/,/name/nm3735190/",130794.0,30101577.0,0.4042553191489363,0.011946394978848808
Resident Evil: Extinction,tt0432021,2007.0,,"['Action', ' Horror', ' Sci-Fi']",6.2,/name/nm0611683/,"/name/nm0000170/,/name/nm0005123/,/name/nm0004912/,/name/nm0322513/",198392.0,50648679.0,0.36170212765957455,0.03819289809183053
Hotel Transylvania 2,tt2510894,2015.0,,"['Animation', ' Adventure', ' Comedy']",6.6,/name/nm0850733/,"/name/nm0001191/,/name/nm1676221/,/name/nm1411125/,/name/nm0416673/",131298.0,169700110.0,0.44680851063829785,0.012142084756193446
Red Riding Hood,tt1486185,2011.0,,"['Fantasy', ' Horror', ' Mystery']",5.4,/name/nm0362566/,"/name/nm1086543/,/name/nm0001305/,/name/nm0000198/,/name/nm0121605/",113410.0,37662162.0,0.19148936170212777,0.0051966507539298115
End of Days,tt0146675,1999.0,,"['Action', ' Fantasy', ' Horror']",5.8,/name/nm0001382/,"/name/nm0000216/,/name/nm0000321/,/name/nm0000677/,/name/nm0001629/",112307.0,66889043.0,0.2765957446808511,0.004768385229304544
The Final Destination,tt1144884,2009.0,,"['Horror', ' Thriller']",5.1,/name/nm0254786/,"/name/nm1214657/,/name/nm0020739/,/name/nm0278767/,/name/nm2092545/",108658.0,66477700.0,0.12765957446808504,0.0033515757103946605
Abraham Lincoln: Vampire Hunter,tt1611224,2012.0,,"['Action', ' Fantasy', ' Horror']",5.9,/name/nm0067457/,"/name/nm0907548/,/name/nm0001722/,/name/nm1002641/,/name/nm1107001/",157585.0,37519139.0,0.297872340425532,0.02234862677416662
Gothika,tt0348836,2003.0,,"['Horror', ' Mystery', ' Thriller']",5.8,/name/nm0440913/,"/name/nm0000932/,/name/nm0004851/,/name/nm0000375/,/name/nm0001165/",114837.0,59694580.0,0.2765957446808511,0.005750716849705203
Gremlins 2: The New Batch,tt0099700,1990.0,,"['Comedy', ' Fantasy', ' Horror']",6.4,/name/nm0001102/,"/name/nm0005062/,/name/nm0002090/,/name/nm0000121/,/name/nm0005177/,/name/nm0709704/",106589.0,41482207.0,0.4042553191489363,0.0025482381125255045
Resident Evil: Afterlife,tt1220634,2010.0,,"['Action', ' Horror', ' Sci-Fi']",5.8,/name/nm0027271/,"/name/nm0000170/,/name/nm0005123/,/name/nm0589505/,/name/nm0167649/",173821.0,60128566.0,0.2765957446808511,0.02865263317291172
Where the Wild Things Are,tt0386117,2009.0,,"['Adventure', ' Drama', ' Family']",6.7,/name/nm0005069/,"/name/nm2504006/,/name/nm0001573/,/name/nm0001845/,/name/nm2589551/",106148.0,77233467.0,0.46808510638297884,0.002377009557348947
Final Destination 5,tt1622979,2011.0,,"['Horror', ' Thriller']",5.9,/name/nm0702797/,"/name/nm0194900/,/name/nm0068187/,/name/nm0260224/,/name/nm0279702/",118812.0,42587643.0,0.297872340425532,0.007294103486500706
The Purge: Election Year,tt4094724,2016.0,,"['Action', ' Horror', ' Sci-Fi']",6.0,/name/nm0218621/,"/name/nm0342029/,/name/nm0593310/,/name/nm0932112/,/name/nm1928515/",103641.0,79213375.0,0.31914893617021284,0.0014036082244064756
Mirrors,tt0790686,2008.0,,"['Horror', ' Mystery']",6.1,/name/nm0014960/,"/name/nm0000662/,/name/nm1745736/,/name/nm0005442/,/name/nm2624602/",109218.0,30691439.0,0.3404255319148936,0.0035690087963331464
Vacancy,tt0452702,2007.0,,"['Horror', ' Thriller']",6.2,/name/nm0030735/,"/name/nm0000295/,/name/nm0005561/,/name/nm0001844/,/name/nm0256121/",102904.0,19363565.0,0.36170212765957455,0.0011174507523767183
Insidious: Chapter 3,tt3195644,2015.0,,"['Horror', ' Mystery', ' Thriller']",6.1,/name/nm1191481/,"/name/nm0000551/,/name/nm2640887/,/name/nm0760151/,/name/nm1191481/",107305.0,52218558.0,0.3404255319148936,0.0028262418438325687
The Wolfman,tt0780653,2010.0,,"['Drama', ' Fantasy', ' Horror']",5.8,/name/nm0002653/,"/name/nm0001125/,/name/nm0000164/,/name/nm1289434/,/name/nm0581163/",108187.0,61979680.0,0.2765957446808511,0.0031686989541856838
Underworld: Awakening,tt1496025,2012.0,,"['Action', ' Fantasy', ' Horror']",6.3,/name/nm0617523/,"/name/nm0825407/,/name/nm0000295/,/name/nm1013003/,/name/nm2086223/,/name/nm0001653/",156524.0,62321039.0,0.3829787234042553,0.02193666873098674
Priest,tt0822847,2011.0,,"['Action', ' Fantasy', ' Horror']",5.7,/name/nm0829820/,"/name/nm0079273/,/name/nm1544217/,/name/nm0702572/,/name/nm0881631/",121193.0,29136626.0,0.2553191489361703,0.008218582375107019
Paranormal Activity 2,tt1536044,2010.0,,"['Horror', ' Mystery']",5.7,/name/nm0931095/,"/name/nm2209370/,/name/nm2913790/,/name/nm1454378/,/name/nm4148609/",106009.0,84752907.0,0.2553191489361703,0.002323039559232073
Saw VI,tt1233227,2009.0,,"['Horror', ' Mystery', ' Thriller']",6.0,/name/nm0340436/,"/name/nm0068551/,/name/nm0541908/,/name/nm0001679/,/name/nm0751018/",114614.0,27693292.0,0.31914893617021284,0.005664131888697557
Frankenweenie,tt1142977,2012.0,,"['Animation', ' Comedy', ' Drama']",6.9,/name/nm0000318/,"/name/nm0000213/,/name/nm0001573/,/name/nm0001737/,/name/nm0001445/",110592.0,35291068.0,0.5106382978723406,0.004102496403617931
The Northman,tt11138512,2022.0,,"['Action', ' Adventure', ' Drama']",7.1,/name/nm3211470/,"/name/nm0002907/,/name/nm0000173/,/name/nm0051903/,/name/nm0000160/",217036.0,5017971.0,0.5531914893617021,0.04543186676011112
Schindler's List,tt0108052,1993.0,,"['Biography', ' Drama', ' History']",9.0,/name/nm0000229/,"/name/nm0000553/,/name/nm0000146/,/name/nm0001426/,/name/nm0328751/",1365712.0,96898818.0,0.9574468085106385,0.4914321657306043
Dunkirk,tt5013056,2017.0,,"['Action', ' Drama', ' History']",7.8,/name/nm0634240/,"/name/nm7887725/,/name/nm4422686/,/name/nm0753314/,/name/nm0362766/",669727.0,188373161.0,0.7021276595744681,0.22119972587900236
Hidden Figures,tt4846340,2016.0,,"['Biography', ' Drama', ' History']",7.8,/name/nm0577647/,"/name/nm0378245/,/name/nm0818055/,/name/nm1847117/,/name/nm0000126/",235196.0,169607287.0,0.7021276595744681,0.052482911118402024
Hacksaw Ridge,tt2119532,2016.0,,"['Biography', ' Drama', ' History']",8.1,/name/nm0000154/,"/name/nm1940449/,/name/nm0941777/,/name/nm3478396/,/name/nm1954240/",535776.0,67209615.0,0.7659574468085106,0.1691901199958843
The Big Short,tt1596363,2015.0,,"['Biography', ' Comedy', ' Drama']",7.8,/name/nm0570912/,"/name/nm0000288/,/name/nm0136797/,/name/nm0331516/,/name/nm0000093/",438736.0,70259870.0,0.7021276595744681,0.13151207238968668
Braveheart,tt0112573,1995.0,,"['Biography', ' Drama', ' History']",8.4,/name/nm0000154/,"/name/nm0000154/,/name/nm0000521/,/name/nm0001526/,/name/nm0005171/",1044563.0,75600000.0,0.8297872340425534,0.3667385619519279
Tombstone,tt0108358,1993.0,,"['Biography', ' Drama', ' History']",7.8,/name/nm0181902/,"/name/nm0418883/,/name/nm0000621/,/name/nm0000174/,/name/nm0000385/,/name/nm0000200/",152781.0,56505065.0,0.7021276595744681,0.02048336151550861
The Last Duel,tt4244994,2021.0,,"['Action', ' Drama', ' History']",7.4,/name/nm0000631/,"/name/nm0000354/,/name/nm3485845/,/name/nm3069650/,/name/nm0910040/",160481.0,5017971.0,0.6170212765957448,0.02347306644716279
The King,tt7984766,2019.0,,"['Biography', ' Drama', ' History']",7.3,/name/nm2391575/,"/name/nm6077951/,/name/nm5994557/,/name/nm1433660/,/name/nm5361352/",134316.0,5017971.0,0.5957446808510639,0.013313893780054785
Kingdom of Heaven,tt0320661,2005.0,,"['Action', ' Adventure', ' Drama']",7.2,/name/nm0000631/,"/name/nm0089217/,/name/nm1200692/,/name/nm0000553/,/name/nm0359398/",293295.0,47398413.0,0.5744680851063831,0.07504120551115218
JFK,tt0102138,1991.0,,"['Drama', ' History', ' Thriller']",8.0,/name/nm0000231/,"/name/nm0000126/,/name/nm0000198/,/name/nm0000493/,/name/nm0000527/",159559.0,70405498.0,0.7446808510638299,0.02311507840209978
Black Hawk Down,tt0265086,2001.0,,"['Action', ' Drama', ' History']",7.7,/name/nm0000631/,"/name/nm0001326/,/name/nm0000191/,/name/nm0001744/,/name/nm0051509/",401720.0,108638745.0,0.6808510638297873,0.11713974540915277
12 Years a Slave,tt2024544,2013.0,,"['Biography', ' Drama', ' History']",8.1,/name/nm2588606/,"/name/nm0252230/,/name/nm0931324/,/name/nm1055413/,/name/nm0000093/",707268.0,56671993.0,0.7659574468085106,0.23577589637760363
The Impossible,tt1649419,2012.0,,"['Adventure', ' Drama', ' History']",7.5,/name/nm1291105/,"/name/nm0915208/,/name/nm0000191/,/name/nm4043618/,/name/nm3009594/",227736.0,19019882.0,0.6382978723404257,0.04958639179500719
Pearl Harbor,tt0213149,2001.0,,"['Action', ' Drama', ' History']",6.2,/name/nm0000881/,"/name/nm0000255/,/name/nm0000295/,/name/nm0001326/,/name/nm0005406/",337171.0,198542554.0,0.36170212765957455,0.09207708779443255
13 Hours,tt4172430,2016.0,,"['Action', ' Drama', ' History']",7.3,/name/nm0000881/,"/name/nm1024677/,/name/nm1032567/,/name/nm0197647/,/name/nm0219292/",147124.0,52853219.0,0.5957446808510639,0.018286899074162154
The Favourite,tt5083738,2018.0,,"['Biography', ' Comedy', ' Drama']",7.5,/name/nm0487166/,"/name/nm1469236/,/name/nm1297015/,/name/nm0001838/,/name/nm0396558/",204520.0,34366783.0,0.6382978723404257,0.040572237289385964
Zero Dark Thirty,tt1790885,2012.0,,"['Drama', ' History', ' Thriller']",7.4,/name/nm0000941/,"/name/nm1567113/,/name/nm0249291/,/name/nm0695435/,/name/nm0835016/",305795.0,95720716.0,0.6170212765957448,0.07989462260799339
Downfall,tt0363163,2004.0,,"['Biography', ' Drama', ' History']",8.2,/name/nm0386570/,"/name/nm0004486/,/name/nm0487884/,/name/nm0559890/,/name/nm0477810/",358744.0,5509040.0,0.7872340425531914,0.10045330915684497
The Thin Red Line,tt0120863,1998.0,,"['Drama', ' History', ' War']",7.6,/name/nm0000517/,"/name/nm0001029/,/name/nm0000576/,/name/nm0000560/,/name/nm0009716/",190532.0,36400491.0,0.6595744680851064,0.03514106942133679
First Man,tt1213641,2018.0,,"['Biography', ' Drama', ' History']",7.3,/name/nm3227090/,"/name/nm0331516/,/name/nm2946516/,/name/nm0164809/,/name/nm0151419/",191619.0,44936545.0,0.5957446808510639,0.035563122572078096
Greyhound,tt6048922,2020.0,,"['Action', ' Drama', ' History']",7.0,/name/nm0773689/,"/name/nm0000158/,/name/nm0000223/,/name/nm0334318/,/name/nm5090093/",100356.0,5017971.0,0.5319148936170214,0.00012813021135660773
The Post,tt6294822,2017.0,,"['Biography', ' Drama', ' History']",7.2,/name/nm0000229/,"/name/nm0000658/,/name/nm0000158/,/name/nm0005299/,/name/nm0644022/",154096.0,81903458.0,0.5744680851063831,0.020993940994096304
The King's Speech,tt1504320,2010.0,,"['Biography', ' Drama', ' History']",8.0,/name/nm0393799/,"/name/nm0000147/,/name/nm0001691/,/name/nm0000307/,/name/nm0001394/",685771.0,138797449.0,0.7446808510638299,0.22742918379114
The Way Back,tt1023114,2010.0,,"['Adventure', ' Drama', ' History']",7.3,/name/nm0001837/,"/name/nm0836343/,/name/nm0000438/,/name/nm0268199/,/name/nm1058007/",118289.0,2701859.0,0.5957446808510639,0.00709103651516887
The Patriot,tt0187393,2000.0,,"['Action', ' Drama', ' History']",7.2,/name/nm0000386/,"/name/nm0000154/,/name/nm0005132/,/name/nm0000613/,/name/nm0005042/",279444.0,113330342.0,0.5744680851063831,0.06966323109448438
Robin Hood,tt0955308,2010.0,,"['Action', ' Adventure', ' Drama']",6.6,/name/nm0000631/,"/name/nm0000128/,/name/nm0000949/,/name/nm0532193/,/name/nm0001884/",272839.0,105269730.0,0.44680851063829785,0.0670986855005135
Bridge of Spies,tt3682448,2015.0,,"['Drama', ' History', ' Thriller']",7.6,/name/nm0000229/,"/name/nm0000158/,/name/nm0753314/,/name/nm0000257/,/name/nm0752407/",314994.0,72313754.0,0.6595744680851064,0.08346634931790076
Apollo 13,tt0112384,1995.0,,"['Adventure', ' Drama', ' History']",7.7,/name/nm0000165/,"/name/nm0000158/,/name/nm0000200/,/name/nm0000102/,/name/nm0000641/",299665.0,173837933.0,0.6808510638297873,0.07751450686370245
Lincoln,tt0443272,2012.0,,"['Biography', ' Drama', ' History']",7.3,/name/nm0000229/,"/name/nm0000358/,/name/nm0000398/,/name/nm0000657/,/name/nm0330687/",263404.0,182207973.0,0.5957446808510639,0.06343532627581776
The Great Escape,tt0057115,1963.0,,"['Adventure', ' Drama', ' History']",8.2,/name/nm0836328/,"/name/nm0000537/,/name/nm0001258/,/name/nm0000277/,/name/nm0000314/",246944.0,12100000.0,0.7872340425531914,0.05704434664269726
Defiance,tt1034303,2008.0,,"['Action', ' Drama', ' History']",7.1,/name/nm0001880/,"/name/nm0185819/,/name/nm0000630/,/name/nm0068260/,/name/nm1111968/",150566.0,28644813.0,0.5531914893617021,0.019623336005948348
Alexander,tt0346491,2004.0,,"['Action', ' Biography', ' Drama']",5.6,/name/nm0000231/,"/name/nm0268199/,/name/nm0000164/,/name/nm0206257/,/name/nm0001401/",171762.0,34297191.0,0.2340425531914893,0.02785317830872004
Deepwater Horizon,tt1860357,2016.0,,"['Action', ' Drama', ' History']",7.1,/name/nm0000916/,"/name/nm0000242/,/name/nm0000621/,/name/nm0341174/,/name/nm0003069/",172130.0,61433527.0,0.5531914893617021,0.027996062908051043
Munich,tt0408306,2005.0,,"['Action', ' Drama', ' History']",7.5,/name/nm0000229/,"/name/nm0051509/,/name/nm0185819/,/name/nm0189887/,/name/nm0001354/",230069.0,47403685.0,0.6382978723404257,0.050492233561961634
Silence,tt0490215,2016.0,,"['Drama', ' History']",7.1,/name/nm0000217/,"/name/nm1940449/,/name/nm3485845/,/name/nm0000553/,/name/nm0038355/",115156.0,7100177.0,0.5531914893617021,0.005874576054016591
Straight Outta Compton,tt1398426,2015.0,,"['Biography', ' Drama', ' History']",7.8,/name/nm0336620/,"/name/nm6578009/,/name/nm3659660/,/name/nm4207146/,/name/nm0112932/",205808.0,161197785.0,0.7021276595744681,0.04107233338704448
Marie Antoinette,tt0422720,2006.0,,"['Biography', ' Drama', ' History']",6.5,/name/nm0001068/,"/name/nm0000379/,/name/nm0005403/,/name/nm0001800/,/name/nm0176869/",113978.0,15962471.0,0.4255319148936171,0.005417190026810276
Shakespeare in Love,tt0138097,1998.0,,"['Comedy', ' Drama', ' History']",7.1,/name/nm0006960/,"/name/nm0000569/,/name/nm0001212/,/name/nm0001691/,/name/nm0929489/",227376.0,100317794.0,0.5531914893617021,0.04944661338261817
The Trial of the Chicago 7,tt1070874,2020.0,,"['Drama', ' History', ' Thriller']",7.7,/name/nm0815070/,"/name/nm1519666/,/name/nm5189784/,/name/nm0056187/,/name/nm0834989/",180678.0,5017971.0,0.6808510638297873,0.03131502365555493
King Arthur,tt0349683,2004.0,,"['Action', ' Adventure', ' Drama']",6.3,/name/nm0298807/,"/name/nm0654110/,/name/nm0226820/,/name/nm0461136/,/name/nm0344435/",170370.0,51882244.0,0.3829787234042553,0.027312701780815803
Valkyrie,tt0985699,2008.0,,"['Drama', ' History', ' Thriller']",7.1,/name/nm0001741/,"/name/nm0000129/,/name/nm0631490/,/name/nm0396924/,/name/nm0000110/",248140.0,83077833.0,0.5531914893617021,0.057508721590523025
In the Heart of the Sea,tt1390411,2015.0,,"['Action', ' Adventure', ' Biography']",6.9,/name/nm0000165/,"/name/nm1165110/,/name/nm0614165/,/name/nm0322407/,/name/nm0924210/",141706.0,25020758.0,0.5106382978723406,0.016183233967707305
We Were Soldiers,tt0277434,2002.0,,"['Action', ' Drama', ' History']",7.1,/name/nm0908824/,"/name/nm0000154/,/name/nm0000656/,/name/nm0001427/,/name/nm0000385/",144690.0,78122718.0,0.5531914893617021,0.017341841697065236
Flags of Our Fathers,tt0418689,2006.0,,"['Action', ' Adventure', ' Drama']",7.1,/name/nm0000142/,"/name/nm0000202/,/name/nm0001608/,/name/nm0189200/,/name/nm0103038/",125058.0,33602376.0,0.5531914893617021,0.009719258941450317
Spartacus,tt0054331,1960.0,,"['Adventure', ' Biography', ' Drama']",7.9,/name/nm0000040/,"/name/nm0000018/,/name/nm0000059/,/name/nm0001739/,/name/nm0001452/",136837.0,30000000.0,0.7234042553191491,0.014292730940145718
The Death of Stalin,tt4686844,2017.0,,"['Comedy', ' Drama', ' History']",7.2,/name/nm0406334/,"/name/nm0000114/,/name/nm0750971/,/name/nm0001787/,/name/nm2057859/",105384.0,8041828.0,0.5744680851063831,0.002080368704390013
The Good Shepherd,tt0343737,2006.0,,"['Drama', ' History', ' Thriller']",6.7,/name/nm0000134/,"/name/nm0000354/,/name/nm0001401/,/name/nm0000134/,/name/nm0000285/",104795.0,59952835.0,0.46808510638297884,0.0018516756907868553
Foxcatcher,tt1100089,2014.0,,"['Biography', ' Drama', ' History']",7.0,/name/nm0587955/,"/name/nm0136797/,/name/nm1475594/,/name/nm0749263/,/name/nm0000603/",144469.0,12096300.0,0.5319148936170214,0.017256033282793085
Glory,tt0097441,1989.0,,"['Biography', ' Drama', ' History']",7.8,/name/nm0001880/,"/name/nm0000111/,/name/nm0000243/,/name/nm0000144/,/name/nm0000151/",137101.0,26830000.0,0.7021276595744681,0.014395235109231005
Cool Runnings,tt0106611,1993.0,,"['Adventure', ' Comedy', ' Family']",7.0,/name/nm0005509/,"/name/nm0001006/,/name/nm0502442/,/name/nm0234791/,/name/nm0507644/",106741.0,68856263.0,0.5319148936170214,0.0026072556644230935
Gandhi,tt0083987,1982.0,,"['Biography', ' Drama', ' History']",8.0,/name/nm0000277/,"/name/nm0001426/,/name/nm0000024/,/name/nm0368990/,/name/nm0786022/",234179.0,52767889.0,0.7446808510638299,0.05208803710340302
All the President's Men,tt0074119,1976.0,,"['Drama', ' History', ' Thriller']",7.9,/name/nm0001587/,"/name/nm0000163/,/name/nm0000602/,/name/nm0912001/,/name/nm0000842/",118094.0,70600000.0,0.7234042553191491,0.007015323208458147
The Other Boleyn Girl,tt0467200,2008.0,,"['Biography', ' Drama', ' History']",6.7,/name/nm0149491/,"/name/nm0000204/,/name/nm0424060/,/name/nm0051509/,/name/nm0836343/",114908.0,26814957.0,0.46808510638297884,0.005778284258815262
Elizabeth,tt0127536,1998.0,,"['Biography', ' Drama', ' History']",7.4,/name/nm0001408/,"/name/nm0000949/,/name/nm0318884/,/name/nm0191358/,/name/nm0289183/",101028.0,30082699.0,0.6170212765957448,0.00038904991448279074
The 13th Warrior,tt0120657,1999.0,,"['Action', ' Adventure', ' History']",6.6,/name/nm0001532/,"/name/nm0000341/,/name/nm0000104/,/name/nm0893204/,/name/nm0832509/,/name/nm0474520/",126780.0,32698899.0,0.44680851063829785,0.01038786568071116
Ip Man,tt1220719,2008.0,,"['Action', ' Biography', ' Drama']",8.0,/name/nm0948159/,"/name/nm0947447/,/name/nm0945189/,/name/nm0266658/,/name/nm0482628/",226121.0,5017971.0,0.7446808510638299,0.04895933030609531
Seven Years in Tibet,tt0120102,1997.0,,"['Adventure', ' Biography', ' Drama']",7.1,/name/nm0000269/,"/name/nm0000093/,/name/nm0000667/,/name/nm0000703/,/name/nm0538683/",147372.0,37957682.0,0.5531914893617021,0.018383190869363485
The Last King of Scotland,tt0455590,2006.0,,"['Biography', ' Drama', ' History']",7.6,/name/nm0531817/,"/name/nm0564215/,/name/nm0001845/,/name/nm0000096/,/name/nm0913488/",188806.0,17605861.0,0.6595744680851064,0.03447090958860495
Pompeii,tt1921064,2014.0,,"['Action', ' Adventure', ' Drama']",5.5,/name/nm0027271/,"/name/nm3229685/,/name/nm0115161/,/name/nm0000662/,/name/nm0015382/",112871.0,23219748.0,0.21276595744680854,0.004987371408714019
Hotel Rwanda,tt0395169,2004.0,,"['Biography', ' Drama', ' History']",8.1,/name/nm0313623/,"/name/nm0000332/,/name/nm0645683/,/name/nm0001618/,/name/nm1796730/",358818.0,23530892.0,0.7659574468085106,0.10048204138605826
Across the Universe,tt0445922,2007.0,,"['Drama', ' Fantasy', ' History']",7.3,/name/nm0853380/,"/name/nm0939697/,/name/nm0836343/,/name/nm1725848/,/name/nm2085629/",111721.0,24343673.0,0.5957446808510639,0.004540857035804629
Invictus,tt1057500,2009.0,,"['Action', ' Biography', ' Drama']",7.3,/name/nm0000142/,"/name/nm0000151/,/name/nm0000354/,/name/nm0450961/,/name/nm0595680/",161971.0,37491364.0,0.5957446808510639,0.02405159376510626
The Monuments Men,tt2177771,2014.0,,"['Comedy', ' Drama', ' History']",6.1,/name/nm0000123/,"/name/nm0000123/,/name/nm0000354/,/name/nm0000195/,/name/nm0000949/",133673.0,78031620.0,0.3404255319148936,0.013064234004593275
Charlie Wilson's War,tt0472062,2007.0,,"['Biography', ' Comedy', ' Drama']",7.0,/name/nm0001566/,"/name/nm0000158/,/name/nm0000210/,/name/nm0000450/,/name/nm0010736/",120028.0,66661095.0,0.5319148936170214,0.007766243901681418
"10,000 BC",tt0443649,2008.0,,"['Action', ' Adventure', ' Drama']",5.1,/name/nm0000386/,"/name/nm0004741/,/name/nm1711829/,/name/nm0434879/,/name/nm0193295/",132647.0,94784201.0,0.12765957446808504,0.012665865529284549
War Horse,tt1568911,2011.0,,"['Action', ' Adventure', ' Drama']",7.2,/name/nm0000229/,"/name/nm3528539/,/name/nm0001833/,/name/nm0000667/,/name/nm1212722/",159925.0,79884879.0,0.5744680851063831,0.023257186454695294
Letters from Iwo Jima,tt0498380,2006.0,,"['Action', ' Adventure', ' Drama']",7.9,/name/nm0000142/,"/name/nm0913822/,/name/nm0632497/,/name/nm0407296/,/name/nm1076976/",164684.0,13756082.0,0.7234042553191491,0.025104979411804677
The Last Emperor,tt0093389,1987.0,,"['Biography', ' Drama', ' History']",7.7,/name/nm0000934/,"/name/nm0518821/,/name/nm0001040/,/name/nm0000564/,/name/nm0948078/",105347.0,43984230.0,0.6808510638297873,0.0020660025897833627
United 93,tt0475276,2006.0,,"['Action', ' Drama', ' History']",7.6,/name/nm0339030/,"/name/nm0059654/,/name/nm1880888/,/name/nm1154919/,/name/nm1838836/",107711.0,31567134.0,0.6595744680851064,0.002983880831137971
Milk,tt1013753,2008.0,,"['Biography', ' Drama', ' History']",7.5,/name/nm0001814/,"/name/nm0000576/,/name/nm0000982/,/name/nm0386472/,/name/nm0526019/",174826.0,31841299.0,0.6382978723404257,0.029042847907497754
The Walk,tt3488710,2015.0,,"['Adventure', ' Biography', ' Drama']",7.3,/name/nm0000709/,"/name/nm0330687/,/name/nm3114649/,/name/nm2968773/,/name/nm4487667/",130399.0,10137502.0,0.5957446808510639,0.011793026998588627
Ip Man 2,tt1386932,2010.0,,"['Action', ' Biography', ' Drama']",7.5,/name/nm0948159/,"/name/nm0947447/,/name/nm2119781/,/name/nm0005033/,/name/nm3237713/",106775.0,205675.0,0.6382978723404257,0.0026204569589265017
Frost/Nixon,tt0870111,2008.0,,"['Biography', ' Drama', ' History']",7.7,/name/nm0000165/,"/name/nm0001449/,/name/nm0790688/,/name/nm0000102/,/name/nm0005377/",109355.0,18593156.0,0.6808510638297873,0.0036222022477145257
Titanic,tt0120338,1997.0,,"['Drama', ' Romance']",7.9,/name/nm0000116/,"/name/nm0000138/,/name/nm0000701/,/name/nm0000708/,/name/nm0000870/",1202799.0,659325379.0,0.7234042553191491,0.428177386570789
Thor: Love and Thunder,tt10648342,2022.0,,"['Action', ' Adventure', ' Comedy']",6.3,/name/nm0169806/,"/name/nm1165110/,/name/nm0000204/,/name/nm0000288/,/name/nm1935086/",349821.0,343256830.0,0.3829787234042553,0.09698874589643584
Good Will Hunting,tt0119217,1997.0,,"['Drama', ' Romance']",8.3,/name/nm0001814/,"/name/nm0000245/,/name/nm0000354/,/name/nm0000255/,/name/nm0001745/",987571.0,138433435.0,0.8085106382978726,0.34461008617727396
Forrest Gump,tt0109830,1994.0,,"['Drama', ' Romance']",8.8,/name/nm0000709/,"/name/nm0000158/,/name/nm0000705/,/name/nm0000641/,/name/nm0000398/",2106826.0,330252182.0,0.9148936170212769,0.779186994395274
Grease,tt0077631,1978.0,,"['Comedy', ' Musical', ' Romance']",7.2,/name/nm0459170/,"/name/nm0000237/,/name/nm0000556/,/name/nm0000330/,/name/nm0001063/",283316.0,188755690.0,0.5744680851063831,0.07116662557440191
The Parent Trap,tt0120783,1998.0,,"['Adventure', ' Comedy', ' Drama']",6.6,/name/nm0583600/,"/name/nm0517820/,/name/nm0000598/,/name/nm0001670/,/name/nm0005006/",142598.0,66308518.0,0.44680851063829785,0.01652957381173789
The Great Gatsby,tt1343092,2013.0,,"['Drama', ' Romance']",7.2,/name/nm0525303/,"/name/nm0000138/,/name/nm1659547/,/name/nm0249291/,/name/nm0001497/",557177.0,144840419.0,0.5744680851063831,0.17749955833904418
Little Women,tt3281548,2019.0,,"['Drama', ' Romance']",7.8,/name/nm1950086/,"/name/nm1519680/,/name/nm0914612/,/name/nm6073955/,/name/nm7340546/",213619.0,108101214.0,0.7021276595744681,0.04410513666251861
La La Land,tt3783958,2016.0,,"['Comedy', ' Drama', ' Music']",8.0,/name/nm3227090/,"/name/nm0331516/,/name/nm1297015/,/name/nm1679669/,/name/nm0799777/",604132.0,151101803.0,0.7446808510638299,0.19573093432161848
This Is 40,tt1758830,2012.0,,"['Comedy', ' Drama', ' Romance']",6.2,/name/nm0031976/,"/name/nm0748620/,/name/nm0005182/,/name/nm2654829/,/name/nm2957717/",144749.0,67544505.0,0.36170212765957455,0.017364749825762325
Eternal Sunshine of the Spotless Mind,tt0338013,2004.0,,"['Drama', ' Romance', ' Sci-Fi']",8.3,/name/nm0327273/,"/name/nm0000120/,/name/nm0000701/,/name/nm0929489/,/name/nm0004423/",1020305.0,34400301.0,0.8085106382978726,0.357319826597114
Pride & Prejudice,tt0414387,2005.0,,"['Drama', ' Romance']",7.8,/name/nm0942504/,"/name/nm0461136/,/name/nm0532193/,/name/nm0000950/,/name/nm0000661/",303450.0,38405088.0,0.7021276595744681,0.07898412156062598
The Princess Bride,tt0093779,1987.0,,"['Adventure', ' Comedy', ' Family']",8.0,/name/nm0001661/,"/name/nm0000144/,/name/nm0001597/,/name/nm0000705/,/name/nm0001697/",432527.0,30857814.0,0.7446808510638299,0.12910128304934373
The Lost City,tt13320622,2022.0,,"['Action', ' Adventure', ' Comedy']",6.1,/name/nm1887480/,"/name/nm1519639/,/name/nm0000113/,/name/nm1475594/,/name/nm0705356/,/name/nm5007768/",129339.0,105344029.0,0.3404255319148936,0.011381457228776492
Clueless,tt0112697,1995.0,,"['Comedy', ' Romance']",6.9,/name/nm0002132/,"/name/nm0000224/,/name/nm0001107/,/name/nm0005261/,/name/nm0748620/",225628.0,56631572.0,0.5106382978723406,0.04876791153579589
Puss in Boots,tt0448694,2011.0,,"['Animation', ' Adventure', ' Comedy']",6.6,/name/nm1844237/,"/name/nm0000104/,/name/nm0000161/,/name/nm0302108/,/name/nm0000671/",175659.0,149260504.0,0.44680851063829785,0.02936627962283125
The Dreamers,tt0309987,2003.0,,"['Drama', ' Romance']",7.1,/name/nm0000934/,"/name/nm0685856/,/name/nm0308039/,/name/nm1200692/,/name/nm0151250/",124647.0,2531462.0,0.5531914893617021,0.009559678587306178
Scott Pilgrim vs. the World,tt0446029,2010.0,,"['Action', ' Comedy', ' Fantasy']",7.5,/name/nm0942367/,"/name/nm0148418/,/name/nm0935541/,/name/nm0001085/,/name/nm0447695/",435120.0,31494270.0,0.6382978723404257,0.13010807589191245
Sixteen Candles,tt0088128,1984.0,,"['Comedy', ' Romance']",7.0,/name/nm0000455/,"/name/nm0000208/,/name/nm0001309/,/name/nm0377888/,/name/nm0001706/",119267.0,23686027.0,0.5319148936170214,0.0074707678688257255
Breakfast at Tiffany's,tt0054698,1961.0,,"['Comedy', ' Drama', ' Romance']",7.6,/name/nm0001175/,"/name/nm0000030/,/name/nm0000577/,/name/nm0623658/,/name/nm0001171/",183911.0,5017971.0,0.6595744680851064,0.03257031145348194
Call Me by Your Name,tt5726616,2017.0,,"['Drama', ' Romance']",7.8,/name/nm0345174/,"/name/nm3154303/,/name/nm2309517/,/name/nm0836121/,/name/nm0142972/",282315.0,18095701.0,0.7021276595744681,0.07077796393328686
The Notebook,tt0332280,2004.0,,"['Drama', ' Romance']",7.8,/name/nm0001024/,"/name/nm0001687/,/name/nm0001258/,/name/nm1046097/,/name/nm0331516/",582145.0,81001787.0,0.7021276595744681,0.18719396778495867
Twilight,tt1099212,2008.0,,"['Drama', ' Fantasy', ' Romance']",5.3,/name/nm0362566/,"/name/nm0829576/,/name/nm1500155/,/name/nm0121605/,/name/nm1020124/",468196.0,191465414.0,0.1702127659574468,0.14295060580352204
Licorice Pizza,tt11271038,2021.0,,"['Comedy', ' Drama', ' Romance']",7.2,/name/nm0000759/,"/name/nm6076229/,/name/nm11866274/,/name/nm0000576/,/name/nm0001823/",123138.0,5017971.0,0.5744680851063831,0.008973774075375508
About Time,tt2194499,2013.0,,"['Comedy', ' Drama', ' Fantasy']",7.8,/name/nm0193485/,"/name/nm1727304/,/name/nm1046097/,/name/nm0631490/,/name/nm3575723/",359709.0,15322921.0,0.7021276595744681,0.10082799295672111
Legally Blonde,tt0250494,2001.0,,"['Comedy', ' Romance']",6.4,/name/nm0525659/,"/name/nm0000702/,/name/nm0005561/,/name/nm0004757/,/name/nm0205127/",225499.0,96520674.0,0.4042553191489363,0.04871782427135649
Her,tt1798709,2013.0,,"['Drama', ' Romance', ' Sci-Fi']",8.0,/name/nm0005069/,"/name/nm0001618/,/name/nm0010736/,/name/nm0424060/,/name/nm1913734/",626213.0,25568251.0,0.7446808510638299,0.20430439855484653
Stardust,tt0486655,2007.0,,"['Adventure', ' Family', ' Fantasy']",7.6,/name/nm0891216/,"/name/nm1214435/,/name/nm0000132/,/name/nm1092227/,/name/nm0005212/",275945.0,38634938.0,0.6595744680851064,0.0683046625807366
The Lobster,tt3464902,2015.0,,"['Drama', ' Romance', ' Sci-Fi']",7.1,/name/nm0487166/,"/name/nm0268199/,/name/nm0001838/,/name/nm1875238/,/name/nm1469236/",264876.0,8699235.0,0.5531914893617021,0.06400686467314178
Romeo + Juliet,tt0117509,1996.0,,"['Drama', ' Romance']",6.7,/name/nm0525303/,"/name/nm0000138/,/name/nm0000132/,/name/nm0000491/,/name/nm0674782/",233681.0,46351345.0,0.46808510638297884,0.05189467696626487
Bridesmaids,tt1478338,2011.0,,"['Comedy', ' Romance']",6.8,/name/nm0082450/,"/name/nm1325419/,/name/nm0748973/,/name/nm0126284/,/name/nm0187719/",296564.0,169106725.0,0.4893617021276596,0.0763104711503181
Pretty Woman,tt0100405,1990.0,,"['Comedy', ' Romance']",7.1,/name/nm0005190/,"/name/nm0000152/,/name/nm0000210/,/name/nm0004517/,/name/nm0000624/",332938.0,178406268.0,0.5531914893617021,0.09043352662875824
Just Go with It,tt1564367,2011.0,,"['Comedy', ' Romance']",6.4,/name/nm0240797/,"/name/nm0001191/,/name/nm0000098/,/name/nm2395937/,/name/nm0000173/",249994.0,103028109.0,0.4042553191489363,0.05822858041432651
The Shape of Water,tt5580390,2017.0,,"['Drama', ' Fantasy', ' Romance']",7.3,/name/nm0868219/,"/name/nm1020089/,/name/nm0818055/,/name/nm0788335/,/name/nm0427964/",427334.0,63859435.0,0.5957446808510639,0.12708497945063202
Pitch Perfect,tt1981677,2012.0,,"['Comedy', ' Music', ' Romance']",7.1,/name/nm0601337/,"/name/nm0447695/,/name/nm0811242/,/name/nm2313103/,/name/nm2319871/",311961.0,65001093.0,0.5531914893617021,0.08228871619352321
10 Things I Hate About You,tt0147800,1999.0,,"['Comedy', ' Drama', ' Romance']",7.3,/name/nm0432627/,"/name/nm0005132/,/name/nm0005466/,/name/nm0330687/,/name/nm0646351/",352174.0,38176108.0,0.5957446808510639,0.09790235313074523
Les Misérables,tt1707386,2012.0,,"['Drama', ' Musical', ' Romance']",7.5,/name/nm0393799/,"/name/nm0413168/,/name/nm0000128/,/name/nm0004266/,/name/nm1086543/",334159.0,148809770.0,0.6382978723404257,0.09090760841077769
The French Dispatch,tt8847712,2021.0,,"['Comedy', ' Drama', ' Romance']",7.1,/name/nm0027572/,"/name/nm0001125/,/name/nm0004778/,/name/nm0842770/,/name/nm2244205/",128256.0,5017971.0,0.5531914893617021,0.01096095717150617
Dirty Dancing,tt0092890,1987.0,,"['Drama', ' Music', ' Romance']",7.0,/name/nm0001915/,"/name/nm0000664/,/name/nm0000426/,/name/nm0001583/,/name/nm0722407/",238992.0,622968.0,0.5319148936170214,0.053956796822370756
Life Is Beautiful,tt0118799,1997.0,,"['Comedy', ' Drama', ' Romance']",8.6,/name/nm0000905/,"/name/nm0000905/,/name/nm0000971/,/name/nm0134493/,/name/nm0243842/",703554.0,57598247.0,0.8723404255319149,0.23433384908979016
The Handmaiden,tt4016934,2016.0,,"['Drama', ' Romance', ' Thriller']",8.1,/name/nm0661791/,"/name/nm1195119/,/name/nm1978402/,/name/nm2437361/,/name/nm0600668/",153339.0,2006788.0,0.7659574468085106,0.0207000180547116
Willow,tt0096446,1988.0,,"['Action', ' Adventure', ' Drama']",7.2,/name/nm0000165/,"/name/nm0000174/,/name/nm0000695/,/name/nm0001116/,/name/nm0550577/",125726.0,57269863.0,0.5744680851063831,0.009978625551105512
Me Before You,tt2674426,2016.0,,"['Drama', ' Romance']",7.4,/name/nm4824763/,"/name/nm3592338/,/name/nm3510471/,/name/nm0005216/,/name/nm0001097/",261619.0,56245075.0,0.6170212765957448,0.06274225831438883
Cast Away,tt0162222,2000.0,,"['Adventure', ' Drama', ' Romance']",7.8,/name/nm0000709/,"/name/nm0000158/,/name/nm0000166/,/name/nm0584052/,/name/nm0925096/",602113.0,233632142.0,0.7021276595744681,0.1949470103921367
"Crazy, Stupid, Love.",tt1570728,2011.0,,"['Comedy', ' Drama', ' Romance']",7.4,/name/nm0275629/,"/name/nm0720135/,/name/nm0136797/,/name/nm0331516/,/name/nm0000194/,/name/nm1297015/",528770.0,84351197.0,0.6170212765957448,0.16646987678144676
Shrek,tt0126029,2001.0,,"['Animation', ' Adventure', ' Comedy']",7.9,/name/nm0011470/,"/name/nm0421776/,/name/nm0000196/,/name/nm0000552/,/name/nm0000139/,/name/nm0001475/",690470.0,267665011.0,0.7234042553191491,0.22925368034618454
Malena,tt0213847,2000.0,,"['Drama', ' Romance', ' War']",7.4,/name/nm0868153/,"/name/nm0000899/,/name/nm0837868/,/name/nm0270119/,/name/nm0681218/",105394.0,3448233.0,0.6170212765957448,0.002084251438067486
The Sound of Music,tt0059742,1965.0,,"['Biography', ' Drama', ' Family']",8.1,/name/nm0936404/,"/name/nm0000267/,/name/nm0001626/,/name/nm0662223/,/name/nm0370821/",240945.0,163214286.0,0.7659574468085106,0.054715094709581226
As Good as It Gets,tt0119822,1997.0,,"['Comedy', ' Drama', ' Romance']",7.7,/name/nm0000985/,"/name/nm0000197/,/name/nm0000166/,/name/nm0001427/,/name/nm0000421/",304164.0,148478011.0,0.6808510638297873,0.07926134874519754
A Star Is Born,tt1517451,2018.0,,"['Drama', ' Music', ' Romance']",7.6,/name/nm0177896/,"/name/nm3078932/,/name/nm0177896/,/name/nm0000385/,/name/nm0342399/",392449.0,215288866.0,0.6595744680851064,0.11354006301676758
Meet Joe Black,tt0119643,1998.0,,"['Drama', ' Fantasy', ' Romance']",7.2,/name/nm0000976/,"/name/nm0000093/,/name/nm0000164/,/name/nm0001231/,/name/nm0916617/",248169.0,44619100.0,0.5744680851063831,0.05751998151818769
The Age of Adaline,tt1655441,2015.0,,"['Drama', ' Fantasy', ' Romance']",7.2,/name/nm1767218/,"/name/nm0515116/,/name/nm0401264/,/name/nm0000148/,/name/nm0000834/",186943.0,42478175.0,0.5744680851063831,0.03374755630449174
Brokeback Mountain,tt0388795,2005.0,,"['Drama', ' Romance']",7.7,/name/nm0000487/,"/name/nm0350453/,/name/nm0005132/,/name/nm0931329/,/name/nm0001642/",363924.0,83043761.0,0.6808510638297873,0.10246456520177596
Friends with Benefits,tt1632708,2011.0,,"['Comedy', ' Romance']",6.5,/name/nm0323239/,"/name/nm0005109/,/name/nm0005493/,/name/nm0165101/,/name/nm0001184/",376123.0,55802754.0,0.4255319148936171,0.10720111201492523
The 40-Year-Old Virgin,tt0405422,2005.0,,"['Comedy', ' Romance']",7.1,/name/nm0031976/,"/name/nm0136797/,/name/nm0001416/,/name/nm0748620/,/name/nm0539082/",445626.0,109449237.0,0.5531914893617021,0.13418727589346555
Crazy Rich Asians,tt3104988,2018.0,,"['Comedy', ' Drama', ' Romance']",6.9,/name/nm0160840/,"/name/nm2090422/,/name/nm6525901/,/name/nm0000706/,/name/nm2110418/",177384.0,174532921.0,0.5106382978723406,0.030036051182195336
Love Actually,tt0314331,2003.0,,"['Comedy', ' Drama', ' Romance']",7.6,/name/nm0193485/,"/name/nm0000424/,/name/nm0567356/,/name/nm0000553/,/name/nm0001473/",501049.0,59696144.0,0.6595744680851064,0.15570655075412396
Closer,tt0376541,2004.0,,"['Drama', ' Romance']",7.2,/name/nm0001566/,"/name/nm0000204/,/name/nm0000179/,/name/nm0654110/,/name/nm0000210/",224756.0,33987757.0,0.5744680851063831,0.04842933715912025
Beauty and the Beast,tt2771200,2017.0,,"['Adventure', ' Family', ' Fantasy']",7.1,/name/nm0174374/,"/name/nm0914612/,/name/nm1405398/,/name/nm1812656/,/name/nm1265802/",315357.0,504014165.0,0.5531914893617021,0.08360729255039304
A Knight's Tale,tt0183790,2001.0,,"['Action', ' Adventure', ' Romance']",6.9,/name/nm0001338/,"/name/nm0005132/,/name/nm0004692/,/name/nm0001722/,/name/nm0815370/",191150.0,56569702.0,0.5106382978723406,0.03538102236260462
Blue Is the Warmest Colour,tt2278871,2013.0,,"['Drama', ' Romance']",7.7,/name/nm0444244/,"/name/nm2244205/,/name/nm2650819/,/name/nm0444248/,/name/nm0714534/",155560.0,2199675.0,0.6808510638297873,0.021562373204478347
Sweet Home Alabama,tt0256415,2002.0,,"['Comedy', ' Romance']",6.2,/name/nm0855035/,"/name/nm0000702/,/name/nm0001131/,/name/nm0524197/,/name/nm0000298/",116753.0,127223418.0,0.36170212765957455,0.006494648622309023
The Curious Case of Benjamin Button,tt0421715,2008.0,,"['Drama', ' Fantasy', ' Romance']",7.8,/name/nm0000399/,"/name/nm0000093/,/name/nm0000949/,/name/nm0842770/,/name/nm0000566/",660943.0,127509326.0,0.7021276595744681,0.21778913261671012
She's the Man,tt0454945,2006.0,,"['Comedy', ' Romance', ' Sport']",6.3,/name/nm0275698/,"/name/nm0004789/,/name/nm1377561/,/name/nm1475594/,/name/nm0005068/",163983.0,2339735.0,0.3829787234042553,0.024832799781013822
"Crouching Tiger, Hidden Dragon",tt0190332,2000.0,,"['Action', ' Adventure', ' Drama']",7.9,/name/nm0000487/,"/name/nm0000334/,/name/nm0000706/,/name/nm0955471/,/name/nm0151654/",273107.0,128078872.0,0.7234042553191491,0.06720274276306977
Love & Other Drugs,tt0758752,2010.0,,"['Comedy', ' Drama', ' Romance']",6.7,/name/nm0001880/,"/name/nm0350453/,/name/nm0004266/,/name/nm0339460/,/name/nm0001624/",208685.0,32367005.0,0.46808510638297884,0.042189395866053456
Atonement,tt0783233,2007.0,,"['Drama', ' Mystery', ' Romance']",7.8,/name/nm0942504/,"/name/nm0461136/,/name/nm0564215/,/name/nm0000950/,/name/nm1519680/",284308.0,50927067.0,0.7021276595744681,0.07155179275520723
Passengers,tt1355644,2016.0,,"['Drama', ' Romance', ' Sci-Fi']",7.0,/name/nm0878763/,"/name/nm2225369/,/name/nm0695435/,/name/nm0790688/,/name/nm0000401/",415355.0,100014699.0,0.5319148936170214,0.12243385277838716
Cinderella,tt1661199,2015.0,,"['Adventure', ' Drama', ' Family']",6.9,/name/nm0000110/,"/name/nm4141252/,/name/nm0000949/,/name/nm0534635/,/name/nm0000307/",180657.0,201151353.0,0.5106382978723406,0.03130686991483224
Maleficent,tt1587310,2014.0,,"['Adventure', ' Family', ' Fantasy']",6.9,/name/nm0834902/,"/name/nm0001401/,/name/nm1102577/,/name/nm1663205/,/name/nm0544334/",382240.0,241410378.0,0.5106382978723406,0.10957618020543544
The Girl Next Door,tt0265208,2004.0,,"['Comedy', ' Drama', ' Romance']",6.7,/name/nm0339004/,"/name/nm0386472/,/name/nm0236202/,/name/nm0193846/,/name/nm0648249/",228345.0,14589444.0,0.46808510638297884,0.049822850275965294
Little Children,tt0404203,2006.0,,"['Drama', ' Romance']",7.5,/name/nm0276062/,"/name/nm0000701/,/name/nm0000124/,/name/nm0933940/,/name/nm0355097/",112930.0,5463019.0,0.6382978723404257,0.00501027953741111
Your Name.,tt5311514,2016.0,,"['Animation', ' Drama', ' Fantasy']",8.4,/name/nm1396121/,"/name/nm1126340/,/name/nm4759838/,/name/nm6954008/,/name/nm2976492/",276941.0,5017246.0,0.8297872340425534,0.0686913828550129
Casablanca,tt0034583,1942.0,,"['Drama', ' Romance', ' War']",8.5,/name/nm0002031/,"/name/nm0000007/,/name/nm0000006/,/name/nm0002134/,/name/nm0001647/",577842.0,1024560.0,0.8510638297872342,0.18552322748354205
Mamma Mia!,tt0795421,2008.0,,"['Comedy', ' Musical', ' Romance']",6.5,/name/nm1630273/,"/name/nm0000658/,/name/nm0000112/,/name/nm1086543/,/name/nm0001745/",252647.0,144130063.0,0.4255319148936171,0.05925866965896009
Big,tt0094737,1988.0,,"['Comedy', ' Drama', ' Fantasy']",7.3,/name/nm0001508/,"/name/nm0000158/,/name/nm0001610/,/name/nm0005162/,/name/nm0001334/",226758.0,114968774.0,0.5957446808510639,0.04920666044135034
Cruel Intentions,tt0139134,1999.0,,"['Drama', ' Romance']",6.8,/name/nm0474955/,"/name/nm0001264/,/name/nm0000202/,/name/nm0000702/,/name/nm0004757/",195656.0,38328567.0,0.4893617021276596,0.03713058215767393
Gone with the Wind,tt0031381,1939.0,,"['Drama', ' Romance', ' War']",8.2,/name/nm0281808/,"/name/nm0002030/,/name/nm0939992/,/name/nm0000022/,/name/nm0000046/,/name/nm0593775/,/name/nm0641966/",319463.0,198676459.0,0.7872340425531914,0.08520154299836342
Forgetting Sarah Marshall,tt0800039,2008.0,,"['Comedy', ' Drama', ' Romance']",7.1,/name/nm0831557/,"/name/nm0068338/,/name/nm0781981/,/name/nm0748620/,/name/nm0005109/",289934.0,63172463.0,0.5531914893617021,0.07373621872215352
Tangled,tt0398286,2010.0,,"['Animation', ' Adventure', ' Comedy']",7.7,/name/nm1977355/,"/name/nm0397174/,/name/nm0601553/,/name/nm1157048/,/name/nm0614220/,/name/nm0000579/",462539.0,200821936.0,0.6808510638297873,0.14075414336217557
Jerry Maguire,tt0116695,1996.0,,"['Comedy', ' Drama', ' Romance']",7.3,/name/nm0001081/,"/name/nm0000129/,/name/nm0000421/,/name/nm0000250/,/name/nm0000593/",272498.0,153952592.0,0.5957446808510639,0.06696628428211167
Before Sunrise,tt0112471,1995.0,,"['Drama', ' Romance']",8.1,/name/nm0000500/,"/name/nm0000160/,/name/nm0000365/,/name/nm0248600/,/name/nm0702541/",315490.0,5535405.0,0.7659574468085106,0.08365893290830342
Hercules,tt0119282,1997.0,,"['Animation', ' Adventure', ' Comedy']",7.3,/name/nm0166256/,"/name/nm0615780/,/name/nm0004883/,/name/nm0250743/,/name/nm0000249/,/name/nm0057363/",237328.0,99046791.0,0.5957446808510639,0.053310709938439255
Aladdin,tt6139732,2019.0,,"['Adventure', ' Comedy', ' Family']",6.9,/name/nm0005363/,"/name/nm0000226/,/name/nm4565815/,/name/nm4305463/,/name/nm3092471/",271723.0,355559216.0,0.5106382978723406,0.0666653724221075
The Proposal,tt1041829,2009.0,,"['Comedy', ' Drama', ' Romance']",6.7,/name/nm0281945/,"/name/nm0000113/,/name/nm0005351/,/name/nm0005460/,/name/nm0005266/",335389.0,163958031.0,0.46808510638297884,0.09138518465310687
Robin Hood: Prince of Thieves,tt0102798,1991.0,,"['Action', ' Adventure', ' Drama']",6.9,/name/nm0721817/,"/name/nm0000126/,/name/nm0000151/,/name/nm0001512/,/name/nm0000225/",198330.0,165500000.0,0.5106382978723406,0.0381688251430302
Blue Valentine,tt1120985,2010.0,,"['Drama', ' Romance']",7.3,/name/nm0161834/,"/name/nm0331516/,/name/nm0931329/,/name/nm0231283/,/name/nm3504430/",201192.0,9737892.0,0.5957446808510639,0.03928006352152296
The Power of the Dog,tt10293406,2021.0,,"['Drama', ' Romance', ' Western']",6.8,/name/nm0001005/,"/name/nm1212722/,/name/nm0000379/,/name/nm0687146/,/name/nm2240346/",179702.0,5017971.0,0.4893617021276596,0.03093606884863357
Big Fish,tt0319061,2003.0,,"['Adventure', ' Drama', ' Fantasy']",8.0,/name/nm0000318/,"/name/nm0000191/,/name/nm0001215/,/name/nm0001082/,/name/nm0001448/",445521.0,66257002.0,0.7446808510638299,0.13414650718985208
500 Days of Summer,tt1022603,2009.0,,"['Comedy', ' Drama', ' Romance']",7.7,/name/nm1989536/,"/name/nm0221046/,/name/nm0330687/,/name/nm0034309/,/name/nm1631269/",524841.0,32391374.0,0.6808510638297873,0.16494435071956762
Moulin Rouge!,tt0203009,2001.0,,"['Drama', ' Musical', ' Romance']",7.6,/name/nm0525303/,"/name/nm0000173/,/name/nm0000191/,/name/nm0000491/,/name/nm0000980/",289145.0,57386607.0,0.6595744680851064,0.0734298710350009
King Kong,tt0360717,2005.0,,"['Action', ' Adventure', ' Drama']",7.2,/name/nm0001392/,"/name/nm0915208/,/name/nm0085312/,/name/nm0004778/,/name/nm0470981/",429687.0,218080025.0,0.5744680851063831,0.1279985866849414
The Ballad of Buster Scruggs,tt6412452,2018.0,,"['Comedy', ' Drama', ' Musical']",7.3,/name/nm0001053/,"/name/nm0001054/,/name/nm0625789/,/name/nm0914929/,/name/nm0000317/,/name/nm1180243/",152863.0,5017971.0,0.5957446808510639,0.020515199931663886
Amélie,tt0211915,2001.0,,"['Comedy', ' Romance']",8.3,/name/nm0000466/,"/name/nm0851582/,/name/nm0440913/,/name/nm0749363/,/name/nm0186677/",763735.0,33225499.0,0.8085106382978726,0.2577005286341902
The Last of the Mohicans,tt0104691,1992.0,,"['Action', ' Adventure', ' Drama']",7.7,/name/nm0000520/,"/name/nm0000358/,/name/nm0000656/,/name/nm0575184/,/name/nm0777760/",174883.0,75505856.0,0.6808510638297873,0.02906497948945935
Notting Hill,tt0125439,1999.0,,"['Comedy', ' Drama', ' Romance']",7.2,/name/nm0585011/,"/name/nm0000424/,/name/nm0000210/,/name/nm0564500/,/name/nm0406975/",320706.0,116089678.0,0.5744680851063831,0.08568416679447331
The Reader,tt0976051,2008.0,,"['Drama', ' Romance']",7.6,/name/nm0197636/,"/name/nm0000701/,/name/nm0000146/,/name/nm0004486/,/name/nm0354198/",249793.0,34194407.0,0.6595744680851064,0.0581505374674093
Blended,tt1086772,2014.0,,"['Comedy', ' Romance']",6.5,/name/nm0178997/,"/name/nm0001191/,/name/nm0000106/,/name/nm1018488/,/name/nm0005265/",136035.0,46294610.0,0.4255319148936171,0.013981335699212387
Swiss Army Man,tt4034354,2016.0,,"['Comedy', ' Drama', ' Fantasy']",6.9,/name/nm3453283/,"/name/nm3215397/,/name/nm0200452/,/name/nm0705356/,/name/nm0935541/,/name/nm7708571/",125874.0,4208879.0,0.5106382978723406,0.01003609000953211
Vicky Cristina Barcelona,tt0497465,2008.0,,"['Comedy', ' Drama', ' Romance']",7.1,/name/nm0000095/,"/name/nm0356017/,/name/nm0424060/,/name/nm0000849/,/name/nm0919525/",259667.0,23216709.0,0.5531914893617021,0.06198434870054611
Groundhog Day,tt0107048,1993.0,,"['Comedy', ' Drama', ' Fantasy']",8.1,/name/nm0000601/,"/name/nm0000195/,/name/nm0000510/,/name/nm0254402/,/name/nm0864997/",643301.0,70906973.0,0.7659574468085106,0.2109392138629123
The Legend of Tarzan,tt0918940,2016.0,,"['Action', ' Adventure', ' Drama']",6.2,/name/nm0946734/,"/name/nm0002907/,/name/nm4920741/,/name/nm7222287/,/name/nm0910607/",180006.0,126643061.0,0.36170212765957455,0.031054103952428747
Silver Linings Playbook,tt1045658,2012.0,,"['Comedy', ' Drama', ' Romance']",7.7,/name/nm0751102/,"/name/nm0177896/,/name/nm2225369/,/name/nm0000134/,/name/nm0915865/",716784.0,132092958.0,0.6808510638297873,0.2394707057450869
Fifty Shades Darker,tt4465564,2017.0,,"['Drama', ' Romance', ' Thriller']",4.6,/name/nm0001226/,"/name/nm0424848/,/name/nm1946193/,/name/nm0425053/,/name/nm3037833/",105190.0,114376885.0,0.021276595744680778,0.0020050436710470376
Beauty and the Beast,tt0101414,1991.0,,"['Animation', ' Family', ' Fantasy']",8.0,/name/nm0873779/,"/name/nm0936374/,/name/nm0641314/,/name/nm0000913/,/name/nm0181425/,/name/nm0263591/",460326.0,218967620.0,0.7446808510638299,0.1398948943993508
The Secret Life of Walter Mitty,tt0359950,2013.0,,"['Adventure', ' Comedy', ' Drama']",7.3,/name/nm0001774/,"/name/nm0001774/,/name/nm1325419/,/name/nm1789985/,/name/nm1063517/",323420.0,58236838.0,0.5957446808510639,0.08673794071453948
Edward Scissorhands,tt0099487,1990.0,,"['Drama', ' Fantasy', ' Romance']",7.9,/name/nm0000318/,"/name/nm0000136/,/name/nm0000213/,/name/nm0001848/,/name/nm0001309/",498662.0,56362352.0,0.7234042553191491,0.15477974222531116
Shrek 2,tt0298148,2004.0,,"['Animation', ' Adventure', ' Comedy']",7.3,/name/nm0011470/,"/name/nm0038432/,/name/nm0970447/,/name/nm0000196/,/name/nm0000552/,/name/nm0000139/,/name/nm0000267/",474472.0,436471036.0,0.5957446808510639,0.14538740945950407
The Wedding Singer,tt0120888,1998.0,,"['Comedy', ' Music', ' Romance']",6.9,/name/nm0178997/,"/name/nm0001191/,/name/nm0000106/,/name/nm0852132/,/name/nm0184445/",154164.0,80245725.0,0.5106382978723406,0.021020343583103118
Easy A,tt1282140,2010.0,,"['Comedy', ' Drama', ' Romance']",7.0,/name/nm0323239/,"/name/nm1297015/,/name/nm0004789/,/name/nm0046112/,/name/nm0126004/",397339.0,58401464.0,0.5319148936170214,0.11543871978505187
The Terminal,tt0362227,2004.0,,"['Comedy', ' Drama', ' Romance']",7.4,/name/nm0000229/,"/name/nm0000158/,/name/nm0001876/,/name/nm0564277/,/name/nm0001804/",467627.0,77872883.0,0.6170212765957448,0.1427296782572738
The Princess Diaries,tt0247638,2001.0,,"['Comedy', ' Family', ' Romance']",6.4,/name/nm0005190/,"/name/nm0000267/,/name/nm0004266/,/name/nm0001185/,/name/nm0000525/",151221.0,108248956.0,0.4042553191489363,0.019877655061822826
Marriage Story,tt7653254,2019.0,,"['Drama', ' Romance']",7.9,/name/nm0000876/,"/name/nm3485845/,/name/nm0424060/,/name/nm5005121/,/name/nm7309485/",318864.0,2000000.0,0.7234042553191491,0.0849689672510828
The Phantom of the Opera,tt0293508,2004.0,,"['Drama', ' Musical', ' Romance']",7.2,/name/nm0001708/,"/name/nm0124930/,/name/nm0002536/,/name/nm0933940/,/name/nm0001669/",125442.0,51268815.0,0.5744680851063831,0.00986835591466528
There's Something About Mary,tt0129387,1998.0,,"['Comedy', ' Romance']",7.1,/name/nm0125803/,"/name/nm0268380/,/name/nm0000139/,/name/nm0000369/,/name/nm0001774/,/name/nm0262968/",316412.0,176484651.0,0.5531914893617021,0.08401692095336642
The Little Mermaid,tt0097757,1989.0,,"['Animation', ' Adventure', ' Comedy']",7.6,/name/nm0166256/,"/name/nm0615780/,/name/nm0072533/,/name/nm0942787/,/name/nm0041281/,/name/nm0055549/",269035.0,111543479.0,0.6595744680851064,0.06562169360960278
The Beach,tt0163978,2000.0,,"['Adventure', ' Drama', ' Romance']",6.6,/name/nm0000965/,"/name/nm0000138/,/name/nm0842770/,/name/nm0948679/,/name/nm0665265/",243544.0,39785027.0,0.44680851063829785,0.05572421719235645
No Strings Attached,tt1411238,2011.0,,"['Comedy', ' Romance']",6.2,/name/nm0718645/,"/name/nm0000204/,/name/nm0005110/,/name/nm0000177/,/name/nm0000144/",234703.0,70662220.0,0.36170212765957455,0.052291492348102604
Aladdin,tt0103639,1992.0,,"['Animation', ' Adventure', ' Comedy']",8.0,/name/nm0166256/,"/name/nm0615780/,/name/nm0918334/,/name/nm0000245/,/name/nm0488306/,/name/nm0293455/",429281.0,217350219.0,0.7446808510638299,0.127840947697636
Wedding Crashers,tt0396269,2005.0,,"['Comedy', ' Romance']",7.0,/name/nm0229694/,"/name/nm0005562/,/name/nm0000681/,/name/nm1046097/,/name/nm0000686/",362121.0,209218368.0,0.5319148936170214,0.10176450831972758
Coyote Ugly,tt0200550,2000.0,,"['Comedy', ' Drama', ' Music']",5.7,/name/nm0573589/,"/name/nm0005305/,/name/nm0305081/,/name/nm0000422/,/name/nm0004742/",117118.0,60786269.0,0.2553191489361703,0.006636368401536786
50 First Dates,tt0343660,2004.0,,"['Comedy', ' Drama', ' Romance']",6.8,/name/nm0781842/,"/name/nm0001191/,/name/nm0000106/,/name/nm0001705/,/name/nm0000276/",362395.0,120908074.0,0.4893617021276596,0.10187089522249035
Vanilla Sky,tt0259711,2001.0,,"['Fantasy', ' Mystery', ' Romance']",6.9,/name/nm0001081/,"/name/nm0000129/,/name/nm0004851/,/name/nm0000139/,/name/nm0000621/",272988.0,100614858.0,0.5106382978723406,0.06715653823230784
The Princess and the Frog,tt0780521,2009.0,,"['Animation', ' Adventure', ' Comedy']",7.1,/name/nm0166256/,"/name/nm0615780/,/name/nm0741242/,/name/nm0202966/,/name/nm0001856/,/name/nm0004797/",150808.0,104400899.0,0.5531914893617021,0.019717298160943194
"I Love You, Man",tt1155056,2009.0,,"['Comedy', ' Romance']",7.0,/name/nm0357453/,"/name/nm0748620/,/name/nm0781981/,/name/nm0429069/,/name/nm1901220/",209948.0,71440011.0,0.5319148936170214,0.04267978512951829
Some Like It Hot,tt0053291,1959.0,,"['Comedy', ' Music', ' Romance']",8.2,/name/nm0000697/,"/name/nm0000054/,/name/nm0000348/,/name/nm0000493/,/name/nm0706368/",270817.0,25000000.0,0.7872340425531914,0.06631359675092846
What Women Want,tt0207201,2000.0,,"['Comedy', ' Fantasy', ' Romance']",6.4,/name/nm0583600/,"/name/nm0000154/,/name/nm0000166/,/name/nm0000673/,/name/nm0000257/",211964.0,182811707.0,0.4042553191489363,0.04346254423889684
Enchanted,tt0461770,2007.0,,"['Animation', ' Adventure', ' Comedy']",7.1,/name/nm0510674/,"/name/nm0010736/,/name/nm0000215/,/name/nm0005188/,/name/nm0001131/",208752.0,127807262.0,0.5531914893617021,0.042215410181692524
The Fountain,tt0414993,2006.0,,"['Drama', ' Mystery', ' Romance']",7.2,/name/nm0004716/,"/name/nm0413168/,/name/nm0001838/,/name/nm0859503/,/name/nm0000995/",242231.0,10144010.0,0.5744680851063831,0.05521441426050425
Knocked Up,tt0478311,2007.0,,"['Comedy', ' Romance']",6.9,/name/nm0031976/,"/name/nm0736622/,/name/nm0001337/,/name/nm0748620/,/name/nm0005182/",374088.0,148734225.0,0.5106382978723406,0.10641097571155948
Hairspray,tt0427327,2007.0,,"['Comedy', ' Drama', ' Musical']",6.7,/name/nm0788202/,"/name/nm0000237/,/name/nm0001451/,/name/nm2284889/,/name/nm0000201/",133204.0,118871849.0,0.46808510638297884,0.012882133795119792
It's a Wonderful Life,tt0038650,1946.0,,"['Drama', ' Family', ' Fantasy']",8.6,/name/nm0001008/,"/name/nm0000071/,/name/nm0001656/,/name/nm0000859/,/name/nm0593775/",467766.0,5017971.0,0.8723404255319149,0.1427836482553907
Sex Tape,tt1956620,2014.0,,"['Comedy', ' Romance']",5.1,/name/nm0440458/,"/name/nm0781981/,/name/nm0000139/,/name/nm1117791/,/name/nm2608689/",114361.0,38543473.0,0.12765957446808504,0.005565898726657491
Palm Springs,tt9484998,2020.0,,"['Comedy', ' Fantasy', ' Mystery']",7.4,/name/nm3817317/,"/name/nm1676221/,/name/nm2129662/,/name/nm0799777/,/name/nm0001251/",165077.0,5017971.0,0.6170212765957448,0.025257570845329362
Midnight in Paris,tt1605783,2011.0,,"['Comedy', ' Fantasy', ' Romance']",7.7,/name/nm0000095/,"/name/nm0005562/,/name/nm1046097/,/name/nm0000870/,/name/nm0298281/",430793.0,56816662.0,0.6808510638297873,0.1284280170296699
In the Mood for Love,tt0118694,2000.0,,"['Drama', ' Romance']",8.1,/name/nm0939182/,"/name/nm0504897/,/name/nm0001041/,/name/nm0803310/,/name/nm0156432/",154297.0,2734044.0,0.7659574468085106,0.02107198394101351
The English Patient,tt0116209,1996.0,,"['Drama', ' Romance', ' War']",7.4,/name/nm0005237/,"/name/nm0000146/,/name/nm0000300/,/name/nm0000353/,/name/nm0000218/",193259.0,78651430.0,0.6170212765957448,0.03619989089518366
"Love, Rosie",tt1638002,2014.0,,"['Comedy', ' Romance']",7.1,/name/nm0228542/,"/name/nm2934314/,/name/nm3510471/,/name/nm0177396/,/name/nm1785575/",145091.0,20431.0,0.5531914893617021,0.017497539317531903
Legends of the Fall,tt0110322,1994.0,,"['Drama', ' Romance', ' War']",7.5,/name/nm0001880/,"/name/nm0000093/,/name/nm0000164/,/name/nm0001644/,/name/nm0000566/",171153.0,66638883.0,0.6382978723404257,0.027616719827761933
Walk the Line,tt0358273,2005.0,,"['Biography', ' Drama', ' Music']",7.8,/name/nm0003506/,"/name/nm0001618/,/name/nm0000702/,/name/nm0329481/,/name/nm0001598/",255168.0,119519402.0,0.7021276595744681,0.06023750681905102
Click,tt0389860,2006.0,,"['Comedy', ' Drama', ' Fantasy']",6.4,/name/nm0178997/,"/name/nm0001191/,/name/nm0000295/,/name/nm0000686/,/name/nm0001327/",338199.0,137355633.0,0.4042553191489363,0.09247623281647677
Phantom Thread,tt5776858,2017.0,,"['Drama', ' Romance']",7.4,/name/nm0000759/,"/name/nm3043279/,/name/nm0000358/,/name/nm0544334/,/name/nm4914253/",136306.0,21023275.0,0.6170212765957448,0.014086557781871905
Ghost,tt0099653,1990.0,,"['Drama', ' Fantasy', ' Romance']",7.1,/name/nm0958387/,"/name/nm0000664/,/name/nm0000193/,/name/nm0000155/,/name/nm0001282/",222531.0,217631306.0,0.5531914893617021,0.047565428915882516
The Virgin Suicides,tt0159097,1999.0,,"['Drama', ' Romance']",7.2,/name/nm0001068/,"/name/nm0000379/,/name/nm0001326/,/name/nm0000249/,/name/nm0000678/",158550.0,4859475.0,0.5744680851063831,0.02272331057404276
Mr. Nobody,tt0485947,2009.0,,"['Drama', ' Fantasy', ' Romance']",7.8,/name/nm0233757/,"/name/nm0001467/,/name/nm0001631/,/name/nm1208167/,/name/nm0199006/",237104.0,3600.0,0.7021276595744681,0.05322373670406386
The Graduate,tt0061722,1967.0,,"['Comedy', ' Drama', ' Romance']",8.0,/name/nm0001566/,"/name/nm0000163/,/name/nm0000843/,/name/nm0001684/,/name/nm0200122/",277436.0,104945305.0,0.7446808510638299,0.06888357817204781
Singin' in the Rain,tt0045152,1952.0,,"['Comedy', ' Musical', ' Romance']",8.3,/name/nm0002045/,"/name/nm0000037/,/name/nm0000037/,/name/nm0640307/,/name/nm0001666/,/name/nm0353405/",246289.0,8819028.0,0.8085106382978726,0.05679002758682278
How to Lose a Guy in 10 Days,tt0251127,2003.0,,"['Comedy', ' Romance']",6.4,/name/nm0677953/,"/name/nm0005028/,/name/nm0000190/,/name/nm0004965/,/name/nm1063517/",247438.0,105813373.0,0.4042553191489363,0.05723615368636442
He's Just Not That Into You,tt1001508,2009.0,,"['Comedy', ' Drama', ' Romance']",6.4,/name/nm0477129/,"/name/nm0329481/,/name/nm0000098/,/name/nm0000124/,/name/nm2079681/",176416.0,93953653.0,0.4042553191489363,0.029660202562215954
Revolutionary Road,tt0959337,2008.0,,"['Drama', ' Romance']",7.3,/name/nm0005222/,"/name/nm0000138/,/name/nm0000701/,/name/nm0280199/,/name/nm0745751/",216919.0,22911480.0,0.5957446808510639,0.04538643877608469
The Twilight Saga: Breaking Dawn - Part 2,tt1673434,2012.0,,"['Adventure', ' Drama', ' Fantasy']",5.5,/name/nm0174374/,"/name/nm0829576/,/name/nm1500155/,/name/nm1210124/,/name/nm0004906/",252791.0,292298923.0,0.21276595744680854,0.0593145810239157
Robin Hood: Men in Tights,tt0107977,1993.0,,"['Adventure', ' Comedy', ' Musical']",6.7,/name/nm0000316/,"/name/nm0000144/,/name/nm0507659/,/name/nm0715953/,/name/nm0001865/",129529.0,35739755.0,0.46808510638297884,0.011455229168648478
Cinema Paradiso,tt0095765,1988.0,,"['Drama', ' Romance']",8.5,/name/nm0868153/,"/name/nm0634159/,/name/nm0134073/,/name/nm0041066/,/name/nm0199774/",265001.0,11990401.0,0.8510638297872342,0.06405539884411018
One Day,tt1563738,2011.0,,"['Drama', ' Romance']",7.0,/name/nm0771054/,"/name/nm0004266/,/name/nm0836343/,/name/nm0165101/,/name/nm2070427/",156531.0,13843771.0,0.5319148936170214,0.02193938664456097
Carol,tt2402927,2015.0,,"['Drama', ' Romance']",7.2,/name/nm0001331/,"/name/nm0000949/,/name/nm1913734/,/name/nm0005299/,/name/nm0151419/",133295.0,12711491.0,0.5744680851063831,0.012917466671584795
The Bodyguard,tt0103855,1992.0,,"['Action', ' Drama', ' Music']",6.3,/name/nm0413875/,"/name/nm0000126/,/name/nm0001365/,/name/nm0447290/,/name/nm0167850/",139287.0,121945720.0,0.3829787234042553,0.015244000691126594
Vertigo,tt0052357,1958.0,,"['Mystery', ' Romance', ' Thriller']",8.3,/name/nm0000033/,"/name/nm0000071/,/name/nm0001571/,/name/nm0000895/,/name/nm0375738/",407048.0,3200000.0,0.8085106382978726,0.11920846591251036
The Fault in Our Stars,tt2582846,2014.0,,"['Drama', ' Romance']",7.7,/name/nm1837748/,"/name/nm0940362/,/name/nm5052065/,/name/nm1822659/,/name/nm0000368/",383278.0,124872350.0,0.6808510638297873,0.10997920796115714
The Illusionist,tt0443543,2006.0,,"['Drama', ' Fantasy', ' Mystery']",7.6,/name/nm1139726/,"/name/nm0001570/,/name/nm0004754/,/name/nm0316079/,/name/nm0001722/",377443.0,39868642.0,0.6595744680851064,0.10771363286035165
Eat Pray Love,tt0879870,2010.0,,"['Biography', ' Drama', ' Romance']",5.8,/name/nm0614682/,"/name/nm0000210/,/name/nm0000849/,/name/nm0420955/,/name/nm0205626/",100026.0,80574010.0,0.2765957446808511,0.0
Don Jon,tt2229499,2013.0,,"['Comedy', ' Drama', ' Romance']",6.5,/name/nm0330687/,"/name/nm0330687/,/name/nm0424060/,/name/nm0000194/,/name/nm0001103/",242082.0,24477704.0,0.4255319148936171,0.0551565615287099
The Mask of Zorro,tt0120746,1998.0,,"['Action', ' Adventure', ' Comedy']",6.8,/name/nm0132709/,"/name/nm0000104/,/name/nm0000164/,/name/nm0001876/,/name/nm0851767/",188900.0,94095523.0,0.4893617021276596,0.0345074072851732
Coming to America,tt0094898,1988.0,,"['Comedy', ' Romance']",7.1,/name/nm0000484/,"/name/nm0000552/,/name/nm0061003/,/name/nm0004731/,/name/nm0269936/",212701.0,128152300.0,0.5531914893617021,0.043748701710926596
Sleepless in Seattle,tt0108160,1993.0,,"['Comedy', ' Drama', ' Romance']",6.8,/name/nm0001188/,"/name/nm0000158/,/name/nm0000212/,/name/nm0539678/,/name/nm0001854/",180523.0,126533006.0,0.4893617021276596,0.0312548412835541
Moonrise Kingdom,tt1748122,2012.0,,"['Comedy', ' Drama', ' Family']",7.8,/name/nm0027572/,"/name/nm4442068/,/name/nm4442319/,/name/nm0000246/,/name/nm0000195/",354433.0,45512466.0,0.7021276595744681,0.09877946266848638
Sense and Sensibility,tt0114388,1995.0,,"['Drama', ' Romance']",7.7,/name/nm0000487/,"/name/nm0000668/,/name/nm0000701/,/name/nm0281424/,/name/nm0929489/",118861.0,43182776.0,0.6808510638297873,0.007313128881520323
Allied,tt3640424,2016.0,,"['Action', ' Drama', ' Romance']",7.1,/name/nm0000709/,"/name/nm0000093/,/name/nm0182839/,/name/nm0364813/,/name/nm1081121/",160766.0,40098064.0,0.5531914893617021,0.02358372435697077
The Vow,tt1606389,2012.0,,"['Drama', ' Romance']",6.8,/name/nm1302591/,"/name/nm1046097/,/name/nm1475594/,/name/nm0000554/,/name/nm0001448/",197665.0,125014030.0,0.4893617021276596,0.03791062335347825
The Secret in Their Eyes,tt1305806,2009.0,,"['Drama', ' Mystery', ' Romance']",8.2,/name/nm0002728/,"/name/nm0201857/,/name/nm0897845/,/name/nm0706567/,/name/nm3587952/",212293.0,6391436.0,0.7872340425531914,0.0435902861768857
Up in the Air,tt1193138,2009.0,,"['Comedy', ' Drama', ' Romance']",7.4,/name/nm0718646/,"/name/nm0000123/,/name/nm0267812/,/name/nm0447695/,/name/nm0000867/",339967.0,83823381.0,0.6170212765957448,0.09316270013065399
The Giver,tt0435651,2014.0,,"['Drama', ' Romance', ' Sci-Fi']",6.4,/name/nm0637518/,"/name/nm4154798/,/name/nm0000313/,/name/nm0000658/,/name/nm2357847/",121233.0,45089048.0,0.4042553191489363,0.00823411330981691
This Means War,tt1596350,2012.0,,"['Action', ' Comedy', ' Romance']",6.3,/name/nm0629334/,"/name/nm0000702/,/name/nm1517976/,/name/nm0362766/,/name/nm0001709/",189345.0,54760791.0,0.3829787234042553,0.034680188933820744
13 Going on 30,tt0337563,2004.0,,"['Comedy', ' Fantasy', ' Romance']",6.2,/name/nm0935095/,"/name/nm0004950/,/name/nm0749263/,/name/nm0339460/,/name/nm0785227/",198324.0,57231747.0,0.36170212765957455,0.038166495502823715
When Harry Met Sally...,tt0098635,1989.0,,"['Comedy', ' Drama', ' Romance']",7.7,/name/nm0001661/,"/name/nm0000345/,/name/nm0000212/,/name/nm0000402/,/name/nm0456124/",226318.0,92823600.0,0.6808510638297873,0.04903582015954153
Never Let Me Go,tt1334260,2010.0,,"['Drama', ' Romance', ' Sci-Fi']",7.1,/name/nm0738796/,"/name/nm0461136/,/name/nm1659547/,/name/nm1940449/,/name/nm3505032/",148118.0,2434652.0,0.5531914893617021,0.018672842801702966
Anastasia,tt0118617,1997.0,,"['Animation', ' Adventure', ' Drama']",7.1,/name/nm0089940/,"/name/nm0325776/,/name/nm0000212/,/name/nm0000131/,/name/nm0000502/,/name/nm0001288/",127502.0,58406347.0,0.5531914893617021,0.010668199052224709
The Holiday,tt0457939,2006.0,,"['Comedy', ' Romance']",6.9,/name/nm0583600/,"/name/nm0000701/,/name/nm0000139/,/name/nm0000179/,/name/nm0085312/",298657.0,63224849.0,0.5106382978723406,0.07712312730901319
Leap Year,tt1216492,2010.0,,"['Comedy', ' Romance']",6.4,/name/nm0875793/,"/name/nm0010736/,/name/nm0328828/,/name/nm0004395/,/name/nm0001475/",106798.0,25918920.0,0.4042553191489363,0.0026293872463846895
Memoirs of a Geisha,tt0397535,2005.0,,"['Drama', ' Romance']",7.3,/name/nm0551128/,"/name/nm0955471/,/name/nm0913822/,/name/nm0000706/,/name/nm1797214/",153191.0,57490508.0,0.5957446808510639,0.020642553596285
Sideways,tt0375063,2004.0,,"['Comedy', ' Drama', ' Romance']",7.5,/name/nm0668247/,"/name/nm0316079/,/name/nm0002006/,/name/nm0000515/,/name/nm0644897/",194752.0,71503593.0,0.6382978723404257,0.036779583033230374
Remember Me,tt1403981,2010.0,,"['Drama', ' Romance']",7.1,/name/nm0002339/,"/name/nm1500155/,/name/nm0211087/,/name/nm3533310/,/name/nm2765716/",150041.0,19068240.0,0.5531914893617021,0.019419492487881017
Anna Karenina,tt1781769,2012.0,,"['Drama', ' Romance']",6.6,/name/nm0942504/,"/name/nm0461136/,/name/nm0000179/,/name/nm1093951/,/name/nm0532193/",102327.0,12816367.0,0.44680851063829785,0.0008934170191865284
Before Sunset,tt0381681,2004.0,,"['Drama', ' Romance']",8.1,/name/nm0000500/,"/name/nm0000160/,/name/nm0000365/,/name/nm0229943/,/name/nm1195302/",269980.0,5820649.0,0.7659574468085106,0.06598861194212398
She's Out of My League,tt0815236,2010.0,,"['Comedy', ' Romance']",6.4,/name/nm1637768/,"/name/nm0059431/,/name/nm1404408/,/name/nm2554352/,/name/nm1036181/",139441.0,31584722.0,0.4042553191489363,0.015303794789759679
You've Got Mail,tt0128853,1998.0,,"['Comedy', ' Drama', ' Romance']",6.7,/name/nm0001188/,"/name/nm0000158/,/name/nm0000212/,/name/nm0001427/,/name/nm0000205/",218704.0,115821495.0,0.46808510638297884,0.04607950673751361
Zack and Miri Make a Porno,tt1007028,2008.0,,"['Comedy', ' Romance']",6.5,/name/nm0003620/,"/name/nm0736622/,/name/nm0006969/,/name/nm0732497/,/name/nm0066144/",179360.0,31457946.0,0.4255319148936171,0.030803279356863993
Yesterday,tt8079248,2019.0,,"['Comedy', ' Fantasy', ' Music']",6.8,/name/nm0000965/,"/name/nm2797744/,/name/nm4141252/,/name/nm1620545/,/name/nm7966281/",157100.0,73286650.0,0.4893617021276596,0.02216031419080918
Begin Again,tt1980929,2013.0,,"['Comedy', ' Drama', ' Music']",7.4,/name/nm0138809/,"/name/nm0461136/,/name/nm0749263/,/name/nm1747013/,/name/nm2794962/",159546.0,16170632.0,0.6170212765957448,0.023110030848319068
Long Shot,tt2139881,2019.0,,"['Comedy', ' Romance']",6.8,/name/nm1349522/,"/name/nm0000234/,/name/nm0736622/,/name/nm2053085/,/name/nm6578009/",113670.0,30316271.0,0.4893617021276596,0.005297601829544109
Shrek the Third,tt0413267,2007.0,,"['Animation', ' Adventure', ' Comedy']",6.1,/name/nm1844237/,"/name/nm0401203/,/name/nm0000196/,/name/nm0000139/,/name/nm0000552/,/name/nm0000104/",314602.0,320706665.0,0.3404255319148936,0.08331414615774382
Leaving Las Vegas,tt0113627,1995.0,,"['Drama', ' Romance']",7.5,/name/nm0001214/,"/name/nm0000115/,/name/nm0000223/,/name/nm0001696/,/name/nm0507659/",127538.0,31968347.0,0.6382978723404257,0.010682176893463612
Robots,tt0358082,2005.0,,"['Animation', ' Adventure', ' Comedy']",6.4,/name/nm0917188/,"/name/nm0757858/,/name/nm0000191/,/name/nm0000932/,/name/nm0000316/,/name/nm0000245/",151670.0,128200012.0,0.4042553191489363,0.020051989803941364
Safe Haven,tt1702439,2013.0,,"['Drama', ' Romance', ' Thriller']",6.6,/name/nm0002120/,"/name/nm2584600/,/name/nm0241049/,/name/nm1130627/,/name/nm2256017/",112535.0,71349120.0,0.44680851063829785,0.004856911557150928
Pocahontas,tt0114148,1995.0,,"['Animation', ' Adventure', ' Drama']",6.7,/name/nm0300265/,"/name/nm0325196/,/name/nm0000154/,/name/nm0001373/,/name/nm0000288/,/name/nm0048589/",191825.0,141600000.0,0.46808510638297884,0.03564310688583404
The Theory of Everything,tt2980516,2014.0,,"['Biography', ' Drama', ' Romance']",7.7,/name/nm1016428/,"/name/nm1519666/,/name/nm0428065/,/name/nm4350114/,/name/nm6240141/",459033.0,35893537.0,0.6808510638297873,0.13939285693485357
Four Weddings and a Funeral,tt0109831,1994.0,,"['Comedy', ' Drama', ' Romance']",7.1,/name/nm0001565/,"/name/nm0000424/,/name/nm0000510/,/name/nm0281424/,/name/nm0001003/",156939.0,52700832.0,0.5531914893617021,0.022097802178601866
Freaky Friday,tt0322330,2003.0,,"['Comedy', ' Family', ' Fantasy']",6.3,/name/nm0914132/,"/name/nm0000130/,/name/nm0517820/,/name/nm0001319/,/name/nm0332390/",142686.0,110230332.0,0.3829787234042553,0.016563741868099655
Flushed Away,tt0424095,2006.0,,"['Animation', ' Action', ' Adventure']",6.6,/name/nm0101047/,"/name/nm0271402/,/name/nm0413168/,/name/nm0000701/,/name/nm0005212/,/name/nm0000606/",130250.0,64665672.0,0.44680851063829785,0.011735174266794279
Cold Mountain,tt0159365,2003.0,,"['Adventure', ' Drama', ' Romance']",7.2,/name/nm0005237/,"/name/nm0000179/,/name/nm0000173/,/name/nm0000250/,/name/nm0040586/",151074.0,95636509.0,0.5744680851063831,0.019820578876763976
Immortals,tt1253864,2011.0,,"['Action', ' Drama', ' Fantasy']",6.0,/name/nm0802248/,"/name/nm0147147/,/name/nm0000620/,/name/nm0000457/,/name/nm0001151/",171000.0,83504017.0,0.31914893617021284,0.027557314002496596
The Three Musketeers,tt1509767,2011.0,,"['Action', ' Adventure', ' Fantasy']",5.7,/name/nm0027271/,"/name/nm0503567/,/name/nm0532193/,/name/nm0829032/,/name/nm0000170/",109223.0,20377913.0,0.2553191489361703,0.003570950163171883
"Love, Simon",tt5164432,2018.0,,"['Comedy', ' Drama', ' Romance']",7.5,/name/nm0075528/,"/name/nm3538718/,/name/nm0004950/,/name/nm0241049/,/name/nm7692698/",117859.0,40826341.0,0.6382978723404257,0.006924078967037533
Along Came Polly,tt0343135,2004.0,,"['Comedy', ' Romance']",6.0,/name/nm0357453/,"/name/nm0001774/,/name/nm0000098/,/name/nm0005226/,/name/nm0000450/",139012.0,88097164.0,0.31914893617021284,0.015137225514996088
P.S. I Love You,tt0431308,2007.0,,"['Comedy', ' Drama', ' Romance']",7.0,/name/nm0481418/,"/name/nm0005476/,/name/nm0124930/,/name/nm0001065/,/name/nm0001435/",213008.0,53695808.0,0.5319148936170214,0.04386790163482501
Before Midnight,tt2209418,2013.0,,"['Drama', ' Romance']",7.9,/name/nm0000500/,"/name/nm0000160/,/name/nm0000365/,/name/nm2089090/,/name/nm3987673/",162208.0,8114627.0,0.7234042553191491,0.02414361455326237
Patch Adams,tt0129290,1998.0,,"['Biography', ' Comedy', ' Drama']",6.8,/name/nm0001723/,"/name/nm0000245/,/name/nm0518687/,/name/nm0005321/,/name/nm0000450/",116620.0,135026902.0,0.4893617021276596,0.006443008264398632
My Big Fat Greek Wedding,tt0259446,2002.0,,"['Comedy', ' Drama', ' Romance']",6.6,/name/nm0959034/,"/name/nm0889522/,/name/nm0179173/,/name/nm0176073/,/name/nm1164392/",135334.0,241438208.0,0.44680851063829785,0.013709156068421532
"Definitely, Maybe",tt0832266,2008.0,,"['Comedy', ' Drama', ' Romance']",7.1,/name/nm0111845/,"/name/nm0005351/,/name/nm0001838/,/name/nm1113550/,/name/nm2480549/",168434.0,31973840.0,0.5531914893617021,0.026561004540857035
The Other Woman,tt2203939,2014.0,,"['Comedy', ' Romance']",6.0,/name/nm0001024/,"/name/nm0000139/,/name/nm0005182/,/name/nm4478322/,/name/nm0182666/",143873.0,83911193.0,0.31914893617021284,0.017024622355615696
A Walk to Remember,tt0281358,2002.0,,"['Drama', ' Romance']",7.3,/name/nm0788202/,"/name/nm0601553/,/name/nm0922342/,/name/nm0001075/,/name/nm0000435/",214275.0,41281092.0,0.5957446808510639,0.044359843991760836
Bride Wars,tt0901476,2009.0,,"['Comedy', ' Romance']",5.4,/name/nm0935095/,"/name/nm0005028/,/name/nm0004266/,/name/nm0000298/,/name/nm1034965/",110069.0,58715510.0,0.19148936170212777,0.003899429432286095
Shrek Forever After,tt0892791,2010.0,,"['Animation', ' Adventure', ' Comedy']",6.3,/name/nm0593610/,"/name/nm0000196/,/name/nm0000139/,/name/nm0000552/,/name/nm0000104/",211368.0,238371987.0,0.3829787234042553,0.04323113331171945
The Hunchback of Notre Dame,tt0116583,1996.0,,"['Animation', ' Drama', ' Family']",7.0,/name/nm0873779/,"/name/nm0936374/,/name/nm0000193/,/name/nm0004517/,/name/nm0074834/,/name/nm0123553/",161712.0,100138851.0,0.5319148936170214,0.02395103096285971
Robin Hood,tt0070608,1973.0,,"['Animation', ' Adventure', ' Comedy']",7.5,/name/nm0718627/,"/name/nm0359457/,/name/nm0066028/,/name/nm0365201/,/name/nm0589248/,/name/nm0001811/",130762.0,32056467.0,0.6382978723404257,0.011933970231080894
If I Stay,tt1355630,2014.0,,"['Drama', ' Fantasy', ' Music']",6.7,/name/nm0191712/,"/name/nm1631269/,/name/nm0257969/,/name/nm3284401/,/name/nm0502671/",125037.0,50474843.0,0.46808510638297884,0.009711105200727625
The Twilight Saga: Eclipse,tt1325004,2010.0,,"['Action', ' Adventure', ' Drama']",5.0,/name/nm1720541/,"/name/nm0829576/,/name/nm1500155/,/name/nm1210124/,/name/nm1882152/",250133.0,300531751.0,0.10638297872340427,0.05828255041244339
High Fidelity,tt0146882,2000.0,,"['Comedy', ' Drama', ' Music']",7.4,/name/nm0001241/,"/name/nm0000131/,/name/nm0005013/,/name/nm0521974/,/name/nm0085312/",183049.0,27287137.0,0.6170212765957448,0.03223561981048377
The Apartment,tt0053604,1960.0,,"['Comedy', ' Drama', ' Romance']",8.3,/name/nm0000697/,"/name/nm0000493/,/name/nm0000511/,/name/nm0534045/,/name/nm0001827/",184445.0,18600000.0,0.8085106382978726,0.03277764943185899
The Adjustment Bureau,tt1385826,2011.0,,"['Romance', ' Sci-Fi', ' Thriller']",7.0,/name/nm1079776/,"/name/nm0000354/,/name/nm1289434/,/name/nm2564974/,/name/nm1505460/",261161.0,62495645.0,0.5319148936170214,0.06256442911196057
Shallow Hal,tt0256380,2001.0,,"['Comedy', ' Drama', ' Fantasy']",6.0,/name/nm0125803/,"/name/nm0268380/,/name/nm0085312/,/name/nm0000569/,/name/nm0004517/,/name/nm0899995/",136728.0,70836296.0,0.31914893617021284,0.014250409143061265
Punch-Drunk Love,tt0272338,2002.0,,"['Comedy', ' Drama', ' Romance']",7.3,/name/nm0000759/,"/name/nm0001191/,/name/nm0001833/,/name/nm0000450/,/name/nm0028690/",168606.0,17844216.0,0.5957446808510639,0.02662778756010957
The Twilight Saga: New Moon,tt1259571,2009.0,,"['Adventure', ' Drama', ' Fantasy']",4.7,/name/nm0919363/,"/name/nm0829576/,/name/nm1500155/,/name/nm1210124/,/name/nm0419363/",288761.0,296623634.0,0.04255319148936175,0.07328077406178594
The Five-Year Engagement,tt1195478,2012.0,,"['Comedy', ' Drama', ' Romance']",6.2,/name/nm0831557/,"/name/nm0781981/,/name/nm1289434/,/name/nm0695435/,/name/nm1555340/",100026.0,28835528.0,0.36170212765957455,0.0
Hitch,tt0386588,2005.0,,"['Comedy', ' Romance']",6.6,/name/nm0855035/,"/name/nm0000226/,/name/nm0578949/,/name/nm0416673/,/name/nm0005520/",322580.0,179495555.0,0.44680851063829785,0.08641179108563175
Bad Teacher,tt1284575,2011.0,,"['Comedy', ' Romance']",5.6,/name/nm0440458/,"/name/nm0000139/,/name/nm0781981/,/name/nm0005493/,/name/nm0700577/",206011.0,100292856.0,0.2340425531914893,0.041151152880697185
Julie & Julia,tt1135503,2009.0,,"['Biography', ' Drama', ' Romance']",7.0,/name/nm0001188/,"/name/nm0010736/,/name/nm0000658/,/name/nm0582149/,/name/nm0001804/",122606.0,94125426.0,0.5319148936170214,0.008767212643733948
The Twilight Saga: Breaking Dawn - Part 1,tt1324999,2011.0,,"['Adventure', ' Drama', ' Fantasy']",4.9,/name/nm0174374/,"/name/nm0829576/,/name/nm1500155/,/name/nm1210124/,/name/nm0083655/",244461.0,281287133.0,0.0851063829787235,0.056080263870580724
Tootsie,tt0084805,1982.0,,"['Comedy', ' Drama', ' Romance']",7.4,/name/nm0001628/,"/name/nm0000163/,/name/nm0001448/,/name/nm0000414/,/name/nm0001056/",109565.0,177200000.0,0.6170212765957448,0.003703739654941458
Valentine's Day,tt0817230,2010.0,,"['Comedy', ' Romance']",5.7,/name/nm0005190/,"/name/nm0000210/,/name/nm0004937/,/name/nm0004266/,/name/nm0004695/",121948.0,110485654.0,0.2553191489361703,0.008511728767756226
Brooklyn,tt2381111,2015.0,,"['Drama', ' Romance']",7.5,/name/nm1259871/,"/name/nm1519680/,/name/nm1710309/,/name/nm1727304/,/name/nm0000980/",144654.0,38322743.0,0.6382978723404257,0.017327863855826332
I Now Pronounce You Chuck & Larry,tt0762107,2007.0,,"['Comedy', ' Romance']",5.9,/name/nm0240797/,"/name/nm0001191/,/name/nm0416673/,/name/nm0004754/,/name/nm0000101/",149609.0,120059556.0,0.297872340425532,0.019251758393014184
Garden State,tt0333766,2004.0,,"['Comedy', ' Drama', ' Romance']",7.4,/name/nm0103785/,"/name/nm0103785/,/name/nm0765597/,/name/nm0000204/,/name/nm0000453/",218768.0,26782316.0,0.6170212765957448,0.04610435623304944
The Hours,tt0274558,2002.0,,"['Drama', ' Romance']",7.5,/name/nm0197636/,"/name/nm0000658/,/name/nm0000173/,/name/nm0000194/,/name/nm0226820/",133963.0,41675994.0,0.6382978723404257,0.01317683328123999
The Life Aquatic with Steve Zissou,tt0362270,2004.0,,"['Action', ' Adventure', ' Comedy']",7.2,/name/nm0027572/,"/name/nm0000195/,/name/nm0005562/,/name/nm0001378/,/name/nm0000949/",201074.0,24006726.0,0.5744680851063831,0.03923424726412878
Match Point,tt0416320,2005.0,,"['Drama', ' Romance', ' Thriller']",7.6,/name/nm0000095/,"/name/nm0424060/,/name/nm0001667/,/name/nm0607865/,/name/nm0328828/",221037.0,23089926.0,0.6595744680851064,0.046985348504468054
To All the Boys I've Loved Before,tt3846674,2018.0,,"['Comedy', ' Drama', ' Romance']",7.0,/name/nm0426287/,"/name/nm7093076/,/name/nm3170207/,/name/nm0663546/,/name/nm8264172/",112048.0,5017971.0,0.5319148936170214,0.004667822427057994
Chocolat,tt0241303,2000.0,,"['Drama', ' Romance']",7.3,/name/nm0002120/,"/name/nm0000300/,/name/nm0000136/,/name/nm0001132/,/name/nm0000547/",194762.0,71509363.0,0.5957446808510639,0.03678346576690785
About a Boy,tt0276751,2002.0,,"['Comedy', ' Drama', ' Romance']",7.1,/name/nm0919363/,"/name/nm0919369/,/name/nm0000424/,/name/nm0396558/,/name/nm0001057/,/name/nm0806527/",186585.0,41385278.0,0.5531914893617021,0.03360855443883821
Snow White and the Seven Dwarfs,tt0029583,1937.0,,"['Animation', ' Adventure', ' Family']",7.6,/name/nm0183183/,"/name/nm0359457/,/name/nm0414144/,/name/nm0604392/,/name/nm0668998/,/name/nm0789313/,/name/nm0143314/,/name/nm0830968/,/name/nm0479164/,/name/nm0041165/",203673.0,184925485.0,0.6595744680851064,0.040243369746904005
The Nutty Professor,tt0117218,1996.0,,"['Comedy', ' Romance', ' Sci-Fi']",5.7,/name/nm0001723/,"/name/nm0000552/,/name/nm0000586/,/name/nm0000336/,/name/nm0588777/",119572.0,128814019.0,0.2553191489361703,0.007589191245988651
Bridget Jones's Diary,tt0243155,2001.0,,"['Comedy', ' Drama', ' Romance']",6.8,/name/nm0536632/,"/name/nm0000250/,/name/nm0000147/,/name/nm0000424/,/name/nm0428121/",249193.0,71543427.0,0.4893617021276596,0.05791757344676093
Annie Hall,tt0075686,1977.0,,"['Comedy', ' Romance']",8.0,/name/nm0000095/,"/name/nm0000095/,/name/nm0000473/,/name/nm0731634/,/name/nm0001406/",268509.0,39200000.0,0.7446808510638299,0.0654174618181677
My Best Friend's Wedding,tt0119738,1997.0,,"['Comedy', ' Drama', ' Romance']",6.3,/name/nm0389591/,"/name/nm0000210/,/name/nm0000551/,/name/nm0000139/,/name/nm0000391/",146307.0,127120029.0,0.3829787234042553,0.017969679732712615
The Spectacular Now,tt1714206,2013.0,,"['Drama', ' Romance']",7.1,/name/nm1242054/,"/name/nm1886602/,/name/nm0940362/,/name/nm0151419/,/name/nm0000492/",156347.0,6851969.0,0.5531914893617021,0.021867944344895467
Lars and the Real Girl,tt0805564,2007.0,,"['Comedy', ' Drama', ' Romance']",7.3,/name/nm0318916/,"/name/nm0331516/,/name/nm0607865/,/name/nm0773973/,/name/nm0717395/",148219.0,5972884.0,0.5957446808510639,0.018712058411845443
The Bounty Hunter,tt1038919,2010.0,,"['Action', ' Comedy', ' Romance']",5.5,/name/nm0855035/,"/name/nm0000098/,/name/nm0124930/,/name/nm1631320/,/name/nm0307534/",129991.0,67061228.0,0.21276595744680854,0.01163461146454773
17 Again,tt0974661,2009.0,,"['Comedy', ' Drama', ' Fantasy']",6.4,/name/nm0824882/,"/name/nm1374980/,/name/nm0001612/,/name/nm0005182/,/name/nm0502073/",205876.0,64167069.0,0.4042553191489363,0.0410987359760513
Rushmore,tt0128445,1998.0,,"['Comedy', ' Drama', ' Romance']",7.6,/name/nm0027572/,"/name/nm0005403/,/name/nm0000195/,/name/nm0931404/,/name/nm0001025/",188733.0,17105219.0,0.6595744680851064,0.0344425656327594
50/50,tt1306980,2011.0,,"['Comedy', ' Drama', ' Romance']",7.6,/name/nm1349522/,"/name/nm0330687/,/name/nm0736622/,/name/nm0447695/,/name/nm0397171/",334193.0,35014192.0,0.6595744680851064,0.0909208097052811
Cinderella Man,tt0352248,2005.0,,"['Biography', ' Drama', ' Romance']",8.0,/name/nm0000165/,"/name/nm0000128/,/name/nm0000250/,/name/nm0081572/,/name/nm0316079/",190714.0,61649911.0,0.7446808510638299,0.035211735174266796
Your Highness,tt1240982,2011.0,,"['Action', ' Adventure', ' Comedy']",5.5,/name/nm0337773/,"/name/nm1144419/,/name/nm0000204/,/name/nm0290556/,/name/nm1727356/",102232.0,21596445.0,0.21276595744680854,0.0008565310492505353
Meet the Parents,tt0212338,2000.0,,"['Comedy', ' Romance']",7.0,/name/nm0005366/,"/name/nm0001774/,/name/nm0000134/,/name/nm0001632/,/name/nm0001100/",340792.0,166244045.0,0.5319148936170214,0.09348302565904551
The Ugly Truth,tt1142988,2009.0,,"['Comedy', ' Romance']",6.4,/name/nm0525659/,"/name/nm0001337/,/name/nm0124930/,/name/nm0877430/,/name/nm0935721/",222727.0,88915214.0,0.4042553191489363,0.04764153049596099
What Dreams May Come,tt0120889,1998.0,,"['Drama', ' Fantasy', ' Romance']",6.9,/name/nm0911910/,"/name/nm0000245/,/name/nm0000421/,/name/nm0001711/,/name/nm0001884/",110626.0,55485043.0,0.5106382978723406,0.004115697698121339
The Artist,tt1655442,2011.0,,"['Comedy', ' Drama', ' Romance']",7.9,/name/nm0371890/,"/name/nm0241121/,/name/nm0067367/,/name/nm0000422/,/name/nm0000342/",243504.0,44671682.0,0.7234042553191491,0.05570868625764656
A Dangerous Method,tt1571222,2011.0,,"['Biography', ' Drama', ' Romance']",6.4,/name/nm0000343/,"/name/nm1055413/,/name/nm0461136/,/name/nm0001557/,/name/nm0001993/",105248.0,5702083.0,0.4042553191489363,0.0020275635263763804
Rebecca,tt0032976,1940.0,,"['Drama', ' Film-Noir', ' Mystery']",8.1,/name/nm0000033/,"/name/nm0000059/,/name/nm0000021/,/name/nm0001695/,/name/nm0000752/",139349.0,4360000.0,0.7659574468085106,0.015268073639926927
The Big Sick,tt5462602,2017.0,,"['Comedy', ' Drama', ' Romance']",7.5,/name/nm0795290/,"/name/nm3529685/,/name/nm1443740/,/name/nm0000456/,/name/nm0005380/",138133.0,42873127.0,0.6382978723404257,0.014795933224746215
Something's Gotta Give,tt0337741,2003.0,,"['Comedy', ' Drama', ' Romance']",6.7,/name/nm0583600/,"/name/nm0000197/,/name/nm0000473/,/name/nm0000206/,/name/nm0001605/",124118.0,124728738.0,0.46808510638297884,0.00935428197576786
National Lampoon's Van Wilder,tt0283111,2002.0,,"['Comedy', ' Romance']",6.4,/name/nm0065608/,"/name/nm0005351/,/name/nm0005346/,/name/nm0001513/,/name/nm0671980/",111734.0,21005329.0,0.4042553191489363,0.004545904589585343
The Constant Gardener,tt0387131,2005.0,,"['Drama', ' Mystery', ' Romance']",7.4,/name/nm0576987/,"/name/nm0000146/,/name/nm0001838/,/name/nm0396812/,/name/nm0468003/",143739.0,33579797.0,0.6170212765957448,0.016972593724337556
Three Colors: Blue,tt0108394,1993.0,,"['Drama', ' Music', ' Mystery']",7.9,/name/nm0001425/,"/name/nm0000300/,/name/nm0952498/,/name/nm0000365/,/name/nm0753666/",104828.0,1324974.0,0.7234042553191491,0.0018644887119225162
Serendipity,tt0240890,2001.0,,"['Comedy', ' Romance']",6.8,/name/nm0155093/,"/name/nm0000131/,/name/nm0000295/,/name/nm0005315/,/name/nm0005256/",115987.0,50294317.0,0.4893617021276596,0.006197231222614594
Roman Holiday,tt0046250,1953.0,,"['Comedy', ' Romance']",8.0,/name/nm0943758/,"/name/nm0000060/,/name/nm0000030/,/name/nm0000734/,/name/nm0694403/",141136.0,5017971.0,0.7446808510638299,0.015961918148091347
While You Were Sleeping,tt0114924,1995.0,,"['Comedy', ' Drama', ' Romance']",6.8,/name/nm0005509/,"/name/nm0000113/,/name/nm0000597/,/name/nm0001251/,/name/nm0001967/",106806.0,81057016.0,0.4893617021276596,0.002632493433326668
Bill & Ted's Excellent Adventure,tt0096928,1989.0,,"['Adventure', ' Comedy', ' Music']",6.9,/name/nm0378893/,"/name/nm0000206/,/name/nm0935664/,/name/nm0137506/,/name/nm0131811/",134147.0,40485039.0,0.5106382978723406,0.013248275580905492
The Family Man,tt0218967,2000.0,,"['Comedy', ' Drama', ' Fantasy']",6.8,/name/nm0711840/,"/name/nm0000115/,/name/nm0000495/,/name/nm0000332/,/name/nm0005315/",113421.0,75793305.0,0.4893617021276596,0.005200921760975032
Chasing Amy,tt0118842,1997.0,,"['Comedy', ' Drama', ' Romance']",7.2,/name/nm0003620/,"/name/nm0000255/,/name/nm0000725/,/name/nm0839486/,/name/nm0608714/",140120.0,12021272.0,0.5744680851063831,0.015567432406460092
Just Friends,tt0433400,2005.0,,"['Comedy', ' Romance']",6.2,/name/nm0474955/,"/name/nm0005351/,/name/nm0005442/,/name/nm0267506/,/name/nm0005098/",121350.0,32619671.0,0.36170212765957455,0.008279541293843343
Cinderella,tt0042332,1950.0,,"['Animation', ' Family', ' Fantasy']",7.3,/name/nm0314671/,"/name/nm0414144/,/name/nm0527217/,/name/nm0940627/,/name/nm0531763/,/name/nm0041598/,/name/nm0271658/",164292.0,85000000.0,0.5957446808510639,0.024952776251647737
Sex and the City,tt1000774,2008.0,,"['Comedy', ' Drama', ' Romance']",5.7,/name/nm0455078/,"/name/nm0000572/,/name/nm0000326/,/name/nm0633223/,/name/nm0004862/",123755.0,152647258.0,0.2553191489361703,0.00921333874327559
Driving Miss Daisy,tt0097239,1989.0,,"['Comedy', ' Drama', ' Romance']",7.3,/name/nm0000915/,"/name/nm0000151/,/name/nm0001788/,/name/nm0000101/,/name/nm0526985/",112268.0,106593296.0,0.5957446808510639,0.0047532425679624
That Awkward Moment,tt1800246,2014.0,,"['Comedy', ' Romance']",6.1,/name/nm3230448/,"/name/nm1374980/,/name/nm0430107/,/name/nm1886602/,/name/nm1782299/",104818.0,26049082.0,0.3404255319148936,0.0018606059782450431
Trainwreck,tt3152624,2015.0,,"['Comedy', ' Drama', ' Romance']",6.2,/name/nm0031976/,"/name/nm2154960/,/name/nm0352778/,/name/nm0488953/,/name/nm0703800/",138780.0,110212700.0,0.36170212765957455,0.015047146093678715
Elf,tt0319343,2003.0,,"['Adventure', ' Comedy', ' Family']",7.1,/name/nm0269463/,"/name/nm0002071/,/name/nm0001001/,/name/nm0627878/,/name/nm0221046/",285064.0,173398518.0,0.5531914893617021,0.07184532742122418
Bend It Like Beckham,tt0286499,2002.0,,"['Comedy', ' Drama', ' Romance']",6.7,/name/nm0149446/,"/name/nm0619406/,/name/nm0461136/,/name/nm0001667/,/name/nm0451600/",112381.0,32543449.0,0.46808510638297884,0.004797117458517844
The Time Traveler's Wife,tt0452694,2009.0,,"['Comedy', ' Drama', ' Fantasy']",7.1,/name/nm0777881/,"/name/nm0051509/,/name/nm1046097/,/name/nm0515296/,/name/nm0634409/",153291.0,63414846.0,0.5531914893617021,0.02068138093305973
Meet the Fockers,tt0290002,2004.0,,"['Comedy', ' Romance']",6.3,/name/nm0005366/,"/name/nm0001774/,/name/nm0000134/,/name/nm0001100/,/name/nm0001632/",275819.0,279261160.0,0.3829787234042553,0.06825574013640043
Hall Pass,tt0480687,2011.0,,"['Comedy', ' Romance']",5.9,/name/nm0125803/,"/name/nm0268380/,/name/nm0005562/,/name/nm0837177/,/name/nm0000775/,/name/nm0278979/",127617.0,45060734.0,0.297872340425532,0.010712850489515648
The Break-Up,tt0452594,2006.0,,"['Comedy', ' Drama', ' Romance']",5.8,/name/nm0715636/,"/name/nm0000098/,/name/nm0000681/,/name/nm0269463/,/name/nm0000725/",134730.0,118703275.0,0.2765957446808511,0.013474638954302166
Happy Feet,tt0366548,2006.0,,"['Animation', ' Adventure', ' Comedy']",6.4,/name/nm0004306/,"/name/nm0171253/,/name/nm0606688/,/name/nm0000704/,/name/nm0005261/,/name/nm0413168/,/name/nm0000245/",190331.0,198000317.0,0.4042553191489363,0.03506302647441958
Corpse Bride,tt0121164,2005.0,,"['Animation', ' Drama', ' Family']",7.3,/name/nm0000318/,"/name/nm0425843/,/name/nm0000136/,/name/nm0000307/,/name/nm0001833/,/name/nm0001808/",280857.0,53359111.0,0.5957446808510639,0.0702118613631113
Yes Man,tt1068680,2008.0,,"['Comedy', ' Romance']",6.8,/name/nm0715636/,"/name/nm0000120/,/name/nm0221046/,/name/nm0177896/,/name/nm0383422/",368300.0,97690976.0,0.4893617021276596,0.10416364945903812
Collateral Beauty,tt4682786,2016.0,,"['Drama', ' Romance']",6.7,/name/nm0291205/,"/name/nm0000226/,/name/nm0001570/,/name/nm0000701/,/name/nm0671567/",102018.0,31016021.0,0.46808510638297884,0.0007734405485526139
The Host,tt1517260,2013.0,,"['Action', ' Adventure', ' Drama']",5.8,/name/nm0629272/,"/name/nm1519680/,/name/nm1796057/,/name/nm1831976/,/name/nm1208167/",116310.0,26627201.0,0.2765957446808511,0.0063226435203969705
Mallrats,tt0113749,1995.0,,"['Comedy', ' Romance']",7.0,/name/nm0003620/,"/name/nm0001147/,/name/nm0518718/,/name/nm0005134/,/name/nm0001231/",124818.0,2122561.0,0.5319148936170214,0.009626073333190967
Stranger Than Fiction,tt0420223,2006.0,,"['Comedy', ' Drama', ' Fantasy']",7.6,/name/nm0286975/,"/name/nm0002071/,/name/nm0000668/,/name/nm0000163/,/name/nm0001451/",231365.0,40137776.0,0.6595744680851064,0.05099543584656213
The Cider House Rules,tt0124315,1999.0,,"['Drama', ' Romance']",7.4,/name/nm0002120/,"/name/nm0001497/,/name/nm0000234/,/name/nm0000323/,/name/nm0005148/",101223.0,57545092.0,0.6170212765957448,0.0004647632211935135
Mr. Deeds,tt0280590,2002.0,,"['Comedy', ' Romance']",5.8,/name/nm0109359/,"/name/nm0001191/,/name/nm0000213/,/name/nm0001806/,/name/nm0184445/",147010.0,126293452.0,0.2765957446808511,0.018242635910238964
Runaway Bride,tt0163187,1999.0,,"['Comedy', ' Romance']",5.6,/name/nm0005190/,"/name/nm0000210/,/name/nm0000152/,/name/nm0000349/,/name/nm0001185/",100561.0,152257509.0,0.2340425531914893,0.00020772625174480345
The Lucky One,tt1327194,2012.0,,"['Drama', ' Mystery', ' Romance']",6.4,/name/nm0382956/,"/name/nm1374980/,/name/nm2279940/,/name/nm0001100/,/name/nm2546716/",110443.0,60457138.0,0.4042553191489363,0.004044643671823584
Lady and the Tramp,tt0048280,1955.0,,"['Animation', ' Adventure', ' Comedy']",7.3,/name/nm0314671/,"/name/nm0414144/,/name/nm0527217/,/name/nm0194018/,/name/nm0524853/,/name/nm0731333/,/name/nm0498007/,/name/nm0859892/",139544.0,93600000.0,0.5957446808510639,0.01534378694663765
Sleeping Beauty,tt0053285,1959.0,,"['Animation', ' Adventure', ' Family']",7.2,/name/nm0164203/,"/name/nm0314671/,/name/nm0488981/,/name/nm0718627/,/name/nm0527217/,/name/nm0182250/,/name/nm0794301/,/name/nm0041598/,/name/nm0271658/",152396.0,51600000.0,0.5744680851063831,0.0203338762689259
I Origins,tt2884206,2014.0,,"['Drama', ' Mystery', ' Romance']",7.3,/name/nm2648685/,"/name/nm0685856/,/name/nm3081796/,/name/nm2793591/,/name/nm1779870/",127824.0,334658.0,0.5957446808510639,0.010793223076639338
Ruby Sparks,tt1839492,2012.0,,"['Comedy', ' Drama', ' Fantasy']",7.2,/name/nm0206760/,"/name/nm0267512/,/name/nm0200452/,/name/nm1443740/,/name/nm0000906/,/name/nm0000104/",102649.0,2540106.0,0.5744680851063831,0.0010184410436011578
27 Dresses,tt0988595,2008.0,,"['Comedy', ' Romance']",6.1,/name/nm0281945/,"/name/nm0001337/,/name/nm0005188/,/name/nm0015196/,/name/nm0450116/",167635.0,76808654.0,0.3404255319148936,0.026250774120026948
Two Weeks Notice,tt0313737,2002.0,,"['Comedy', ' Romance']",6.1,/name/nm0492909/,"/name/nm0000113/,/name/nm0000424/,/name/nm0001860/,/name/nm0412374/",120969.0,93354851.0,0.3404255319148936,0.008131609140731624
It Happened One Night,tt0025316,1934.0,,"['Comedy', ' Romance']",8.1,/name/nm0001008/,"/name/nm0000022/,/name/nm0001055/,/name/nm0175369/,/name/nm0439850/",106047.0,4360000.0,0.7659574468085106,0.0023377939472064703
Once,tt0907657,2007.0,,"['Drama', ' Music', ' Romance']",7.8,/name/nm0138809/,"/name/nm0360598/,/name/nm2461627/,/name/nm2008013/,/name/nm2478608/",118109.0,9439923.0,0.7021276595744681,0.007021147308974357
Adventureland,tt1091722,2009.0,,"['Comedy', ' Drama', ' Romance']",6.8,/name/nm0609549/,"/name/nm0251986/,/name/nm0829576/,/name/nm0005351/,/name/nm0771414/",163116.0,16025394.0,0.4893617021276596,0.024496166771176914
The Lake House,tt0410297,2006.0,,"['Drama', ' Fantasy', ' Romance']",6.8,/name/nm0002159/,"/name/nm0000206/,/name/nm0000113/,/name/nm0001626/,/name/nm0609114/",152291.0,52330111.0,0.4893617021276596,0.020293107565312433
Safety Not Guaranteed,tt1862079,2012.0,,"['Adventure', ' Comedy', ' Drama']",6.9,/name/nm1119880/,"/name/nm2201555/,/name/nm0243233/,/name/nm2159926/,/name/nm4175221/",127269.0,4010957.0,0.5106382978723406,0.01057773135753959
Me and Earl and the Dying Girl,tt2582496,2015.0,,"['Comedy', ' Drama', ' Romance']",7.7,/name/nm0004234/,"/name/nm3287038/,/name/nm5518972/,/name/nm4972453/,/name/nm0644406/",133817.0,6743776.0,0.6808510638297873,0.013120145369548884
City of Angels,tt0120632,1998.0,,"['Drama', ' Fantasy', ' Romance']",6.7,/name/nm0797869/,"/name/nm0000115/,/name/nm0000212/,/name/nm0105672/,/name/nm0001240/",123068.0,78685114.0,0.46808510638297884,0.008946594939633198
Dear John,tt0989757,2010.0,,"['Drama', ' Mystery', ' Romance']",6.3,/name/nm0002120/,"/name/nm1475594/,/name/nm1086543/,/name/nm0420955/,/name/nm0001794/",152007.0,80014842.0,0.3829787234042553,0.020182837928872203
The Legend of Zorro,tt0386140,2005.0,,"['Action', ' Adventure', ' Romance']",5.9,/name/nm0132709/,"/name/nm0000104/,/name/nm0001876/,/name/nm0001722/,/name/nm1642653/",103951.0,46464023.0,0.297872340425532,0.0015239729684081375
Australia,tt0455824,2008.0,,"['Adventure', ' Drama', ' Romance']",6.6,/name/nm0525303/,"/name/nm0000173/,/name/nm0413168/,/name/nm0011354/,/name/nm1812267/",126302.0,49554002.0,0.44680851063829785,0.010202271010927954
Paper Towns,tt3622592,2015.0,,"['Adventure', ' Comedy', ' Drama']",6.2,/name/nm1500577/,"/name/nm1822659/,/name/nm5353321/,/name/nm3641002/,/name/nm6819854/",104732.0,32000304.0,0.36170212765957455,0.0018272144686187757
Good Bye Lenin!,tt0301357,2003.0,,"['Comedy', ' Drama', ' Romance']",7.7,/name/nm0065615/,"/name/nm0117709/,/name/nm0765911/,/name/nm0451122/,/name/nm0525518/",148248.0,4064200.0,0.6808510638297873,0.018723318339510117
What Happens in Vegas,tt1033643,2008.0,,"['Comedy', ' Romance']",6.1,/name/nm0891114/,"/name/nm0000139/,/name/nm0005110/,/name/nm1117791/,/name/nm1128572/",179804.0,80277646.0,0.3404255319148936,0.030975672732143793
Three Colors: Red,tt0111495,1994.0,,"['Drama', ' Mystery', ' Romance']",8.1,/name/nm0001425/,"/name/nm0001393/,/name/nm0004462/,/name/nm0270073/,/name/nm0521051/",105325.0,4043686.0,0.7659574468085106,0.0020574605756929223
Modern Times,tt0027977,1936.0,,"['Comedy', ' Drama', ' Romance']",8.5,/name/nm0000122/,"/name/nm0000122/,/name/nm0002104/,/name/nm0074788/,/name/nm0761866/",245699.0,163245.0,0.8510638297872342,0.05656094629985187
Notorious,tt0038787,1946.0,,"['Drama', ' Film-Noir', ' Romance']",7.9,/name/nm0000033/,"/name/nm0000026/,/name/nm0000006/,/name/nm0001647/,/name/nm0129894/",102865.0,10464000.0,0.7234042553191491,0.0011023080910345737
The Switch,tt0889573,2010.0,,"['Comedy', ' Drama', ' Romance']",6.1,/name/nm0330347/,"/name/nm0817447/,/name/nm0000098/,/name/nm0000867/,/name/nm0933940/,/name/nm0000156/",108253.0,27758465.0,0.3404255319148936,0.0031943249964570056
Life as We Know It,tt1055292,2010.0,,"['Comedy', ' Drama', ' Romance']",6.5,/name/nm0075528/,"/name/nm0001337/,/name/nm0241049/,/name/nm0524197/,/name/nm3693309/",134551.0,53374681.0,0.4255319148936171,0.0134051380214754
Water for Elephants,tt1067583,2011.0,,"['Drama', ' Romance']",6.9,/name/nm1349376/,"/name/nm1500155/,/name/nm0000702/,/name/nm0910607/,/name/nm0773973/",117826.0,58709717.0,0.5106382978723406,0.006911265945901871
Laal Singh Chaddha,tt10028196,2022.0,,"['Comedy', ' Drama', ' Romance']",5.5,/name/nm2378914/,"/name/nm0451148/,/name/nm14022176/,/name/nm0004626/,/name/nm10740388/",174815.0,5017971.0,0.21276595744680854,0.029038576900452532
Just Like Heaven,tt0425123,2005.0,,"['Comedy', ' Drama', ' Fantasy']",6.7,/name/nm0914132/,"/name/nm0000702/,/name/nm0749263/,/name/nm0006610/,/name/nm0005457/",112984.0,48318130.0,0.46808510638297884,0.005031246299269464
Dan in Real Life,tt0480242,2007.0,,"['Comedy', ' Drama', ' Romance']",6.8,/name/nm0373282/,"/name/nm0136797/,/name/nm0000300/,/name/nm0176981/,/name/nm0683467/",104334.0,47642963.0,0.4893617021276596,0.001672681668255352
The Invention of Lying,tt1058017,2009.0,,"['Comedy', ' Fantasy', ' Romance']",6.3,/name/nm0315041/,"/name/nm2816668/,/name/nm0315041/,/name/nm0004950/,/name/nm1706767/,/name/nm0127373/",143483.0,18439082.0,0.3829787234042553,0.016873195742194248
Seeking a Friend for the End of the World,tt1307068,2012.0,,"['Adventure', ' Comedy', ' Drama']",6.7,/name/nm1032521/,"/name/nm0136797/,/name/nm0461136/,/name/nm0001491/,/name/nm0652663/",116114.0,6619173.0,0.46808510638297884,0.006246541940318501
J. Edgar,tt1616195,2011.0,,"['Biography', ' Drama', ' Romance']",6.5,/name/nm0000142/,"/name/nm0000138/,/name/nm2309517/,/name/nm0915208/,/name/nm0357979/",130235.0,37306030.0,0.4255319148936171,0.011729350166278069
Manhattan,tt0079522,1979.0,,"['Comedy', ' Drama', ' Romance']",7.8,/name/nm0000095/,"/name/nm0000095/,/name/nm0000473/,/name/nm0000446/,/name/nm0614526/",142110.0,45700000.0,0.7021276595744681,0.016340096408277213
It's Kind of a Funny Story,tt0804497,2010.0,,"['Comedy', ' Drama', ' Romance']",7.1,/name/nm1349818/,"/name/nm0281396/,/name/nm1507857/,/name/nm0302108/,/name/nm0731075/,/name/nm2911881/",144988.0,6350058.0,0.5531914893617021,0.01745754716065393
Wild Strawberries,tt0050986,1957.0,,"['Drama', ' Romance']",8.1,/name/nm0000005/,"/name/nm0803705/,/name/nm0000761/,/name/nm0862026/,/name/nm0085038/",108910.0,5017971.0,0.7659574468085106,0.003449420599066979
Letters to Juliet,tt0892318,2010.0,,"['Adventure', ' Comedy', ' Drama']",6.5,/name/nm0935095/,"/name/nm1086543/,/name/nm0305558/,/name/nm0000603/,/name/nm0213482/",102408.0,53032453.0,0.4255319148936171,0.0009248671619740595
City Lights,tt0021749,1931.0,,"['Comedy', ' Drama', ' Romance']",8.5,/name/nm0000122/,"/name/nm0000122/,/name/nm0156039/,/name/nm5681967/,/name/nm0616729/",186891.0,19181.0,0.8510638297872342,0.03372736608936888
My Name Is Khan,tt1188996,2010.0,,"['Adventure', ' Drama', ' Romance']",7.9,/name/nm0424103/,"/name/nm0451321/,/name/nm0004418/,/name/nm2974366/,/name/nm1995953/",109895.0,4018695.0,0.7234042553191491,0.0038318698662980657
Talk to Her,tt0287467,2002.0,,"['Drama', ' Mystery', ' Romance']",7.9,/name/nm0000264/,"/name/nm0282936/,/name/nm0194572/,/name/nm0334882/,/name/nm0914455/",114179.0,9284265.0,0.7234042553191491,0.005495232973727482
Music and Lyrics,tt0758766,2007.0,,"['Comedy', ' Music', ' Romance']",6.5,/name/nm0492909/,"/name/nm0000424/,/name/nm0000106/,/name/nm2187603/,/name/nm0045813/",104550.0,50572589.0,0.4255319148936171,0.001756548715688768
Little Fockers,tt0970866,2010.0,,"['Comedy', ' Romance']",5.5,/name/nm0919369/,"/name/nm0001774/,/name/nm0001632/,/name/nm0000134/,/name/nm0005562/",114925.0,148383780.0,0.21276595744680854,0.005784884906066966
Broken Flowers,tt0412019,2005.0,,"['Comedy', ' Drama', ' Mystery']",7.2,/name/nm0000464/,"/name/nm0000195/,/name/nm0001448/,/name/nm0000232/,/name/nm0000365/",104232.0,13744960.0,0.5744680851063831,0.0016330777847451277
The Kids Are All Right,tt0842926,2010.0,,"['Comedy', ' Drama', ' Romance']",7.0,/name/nm0158966/,"/name/nm0000906/,/name/nm0000194/,/name/nm0749263/,/name/nm1985859/",131838.0,20811365.0,0.5319148936170214,0.012351752374776986
House of Flying Daggers,tt0385004,2004.0,,"['Action', ' Adventure', ' Drama']",7.5,/name/nm0955443/,"/name/nm0955471/,/name/nm0437580/,/name/nm0490489/,/name/nm1288603/",113687.0,11050094.0,0.6382978723404257,0.005304202476795813
Scrooged,tt0096061,1988.0,,"['Comedy', ' Drama', ' Fantasy']",6.9,/name/nm0001149/,"/name/nm0000195/,/name/nm0000261/,/name/nm0001234/,/name/nm0001278/",107824.0,60328558.0,0.5106382978723406,0.0030277557216934156
Bridget Jones: The Edge of Reason,tt0317198,2004.0,,"['Comedy', ' Drama', ' Romance']",6.0,/name/nm0452319/,"/name/nm0000250/,/name/nm0000147/,/name/nm0000424/,/name/nm0428121/",116348.0,40226215.0,0.31914893617021284,0.0063373979083713675
The Gold Rush,tt0015864,1925.0,,"['Adventure', ' Comedy', ' Drama']",8.1,/name/nm0000122/,"/name/nm0000122/,/name/nm0841501/,/name/nm0615306/,/name/nm0074788/",112841.0,5450000.0,0.7659574468085106,0.004975723207681601
Dil Bechara,tt8110330,2020.0,,"['Comedy', ' Drama', ' Romance']",8.4,/name/nm2535507/,"/name/nm3818286/,/name/nm4880714/,/name/nm1306410/,/name/nm1384413/",132041.0,5017971.0,0.8297872340425534,0.012430571868429687
Sunset Blvd.,tt0043014,1950.0,,"['Drama', ' Film-Noir']",8.4,/name/nm0000697/,"/name/nm0000034/,/name/nm0841797/,/name/nm0002233/,/name/nm0647970/",224111.0,5017971.0,0.8297872340425534,0.04817890083692324
The Third Man,tt0041959,1949.0,,"['Film-Noir', ' Mystery', ' Thriller']",8.1,/name/nm0715346/,"/name/nm0000080/,/name/nm0001072/,/name/nm0885098/,/name/nm0002145/",173375.0,449191.0,0.7659574468085106,0.028479463250896425
Harry Potter and the Sorcerer's Stone,tt0241527,2001.0,,"['Adventure', ' Family', ' Fantasy']",7.6,/name/nm0001060/,"/name/nm0705356/,/name/nm0342488/,/name/nm0001321/,/name/nm0001749/",792448.0,317575550.0,0.6595744680851064,0.2688490218423183
Encanto,tt2953050,2021.0,,"['Animation', ' Comedy', ' Family']",7.2,/name/nm1158544/,"/name/nm0397174/,/name/nm4146781/,/name/nm3715867/,/name/nm1239720/,/name/nm0000491/,/name/nm8871347/",228597.0,96093622.0,0.5744680851063831,0.04992069516463762
Harry Potter and the Goblet of Fire,tt0330373,2005.0,,"['Adventure', ' Family', ' Fantasy']",7.7,/name/nm0001565/,"/name/nm0705356/,/name/nm0914612/,/name/nm0342488/,/name/nm0843059/",636066.0,290013036.0,0.6808510638297873,0.20813005604726065
The Goonies,tt0089218,1985.0,,"['Adventure', ' Comedy', ' Family']",7.7,/name/nm0001149/,"/name/nm0000276/,/name/nm0000982/,/name/nm0169480/,/name/nm0000397/",279416.0,61503218.0,0.6808510638297873,0.06965235944018745
Harry Potter and the Deathly Hallows: Part 2,tt1201607,2011.0,,"['Adventure', ' Family', ' Fantasy']",8.1,/name/nm0946734/,"/name/nm0705356/,/name/nm0914612/,/name/nm0342488/,/name/nm0002091/",885463.0,381011219.0,0.7659574468085106,0.3049642691433331
Matilda,tt0117008,1996.0,,"['Comedy', ' Family', ' Fantasy']",7.0,/name/nm0000362/,"/name/nm0000362/,/name/nm0674231/,/name/nm0933798/,/name/nm0001110/",159846.0,33084249.0,0.5319148936170214,0.023226512858643255
Harry Potter and the Prisoner of Azkaban,tt0304141,2004.0,,"['Adventure', ' Family', ' Fantasy']",7.9,/name/nm0190859/,"/name/nm0705356/,/name/nm0914612/,/name/nm0342488/,/name/nm0341743/",644151.0,249358727.0,0.7234042553191491,0.21126924622549753
Fantastic Beasts: The Secrets of Dumbledore,tt4123432,2022.0,,"['Adventure', ' Family', ' Fantasy']",6.2,/name/nm0946734/,"/name/nm1519666/,/name/nm0000179/,/name/nm3009232/,/name/nm0283945/",146293.0,5017971.0,0.36170212765957455,0.017964243905564153
Harry Potter and the Chamber of Secrets,tt0295297,2002.0,,"['Adventure', ' Family', ' Fantasy']",7.4,/name/nm0001060/,"/name/nm0705356/,/name/nm0342488/,/name/nm0914612/,/name/nm0001321/",645233.0,261988482.0,0.6170212765957448,0.21168935800940009
Spirited Away,tt0245429,2001.0,,"['Animation', ' Adventure', ' Family']",8.6,/name/nm0594503/,"/name/nm0153738/,/name/nm0687189/,/name/nm0997115/,/name/nm0383708/",772809.0,10055859.0,0.8723404255319149,0.26122372117312914
Spider-Man: Into the Spider-Verse,tt4633694,2018.0,,"['Animation', ' Action', ' Adventure']",8.4,/name/nm2130108/,"/name/nm0709056/,/name/nm0745247/,/name/nm4271336/,/name/nm2159926/,/name/nm2794962/,/name/nm0991810/",541462.0,190241310.0,0.8297872340425534,0.17139784236489544
A Christmas Story,tt0085334,1983.0,,"['Comedy', ' Family']",7.9,/name/nm0163706/,"/name/nm0082526/,/name/nm0227039/,/name/nm0569000/,/name/nm0777432/",160197.0,20605209.0,0.7234042553191491,0.023362796810722557
Harry Potter and the Order of the Phoenix,tt0373889,2007.0,,"['Action', ' Adventure', ' Family']",7.5,/name/nm0946734/,"/name/nm0705356/,/name/nm0914612/,/name/nm0342488/,/name/nm0322407/",590824.0,292004738.0,0.6382978723404257,0.19056379234363746
The Lion King,tt0110357,1994.0,,"['Animation', ' Adventure', ' Drama']",8.5,/name/nm0021249/,"/name/nm0591450/,/name/nm0000111/,/name/nm0000460/,/name/nm0000469/,/name/nm0000155/",1067916.0,422783777.0,0.8510638297872342,0.3758059099089305
Harry Potter and the Deathly Hallows: Part 1,tt0926084,2010.0,,"['Adventure', ' Family', ' Fantasy']",7.7,/name/nm0946734/,"/name/nm0705356/,/name/nm0914612/,/name/nm0342488/,/name/nm0631490/",557701.0,295983305.0,0.6808510638297873,0.17770301358374377
Cars,tt0317219,2006.0,,"['Animation', ' Adventure', ' Comedy']",7.2,/name/nm0005124/,"/name/nm0710020/,/name/nm0005562/,/name/nm0001372/,/name/nm0000056/,/name/nm1249256/",429847.0,244082982.0,0.5744680851063831,0.12806071042378098
Harry Potter and the Half-Blood Prince,tt0417741,2009.0,,"['Action', ' Adventure', ' Family']",7.6,/name/nm0946734/,"/name/nm0705356/,/name/nm0914612/,/name/nm0342488/,/name/nm0002091/",554044.0,301959197.0,0.6595744680851064,0.1762830978778919
Moana,tt3521164,2016.0,,"['Animation', ' Adventure', ' Comedy']",7.6,/name/nm0166256/,"/name/nm0615780/,/name/nm2320658/,/name/nm0930261/,/name/nm7635388/,/name/nm0425005/,/name/nm1344302/,/name/nm0607325/",343025.0,248757044.0,0.6595744680851064,0.09435004008922522
Scooby-Doo,tt0267913,2002.0,,"['Adventure', ' Comedy', ' Family']",5.2,/name/nm0331532/,"/name/nm0000498/,/name/nm0005327/,/name/nm0001264/,/name/nm0004802/",116740.0,153288182.0,0.148936170212766,0.006489601068528308
Turning Red,tt8097030,2022.0,,"['Animation', ' Adventure', ' Comedy']",7.0,/name/nm7626019/,"/name/nm8823152/,/name/nm0644897/,/name/nm6205098/,/name/nm7490724/",127316.0,5017971.0,0.5319148936170214,0.010595980205823712
Ratatouille,tt0382932,2007.0,,"['Animation', ' Adventure', ' Comedy']",8.1,/name/nm0083348/,"/name/nm0684342/,/name/nm0004951/,/name/nm0738918/,/name/nm0652663/,/name/nm0000453/",748834.0,206445654.0,0.7659574468085106,0.2519148671813877
Frozen,tt2294629,2013.0,,"['Animation', ' Adventure', ' Comedy']",7.4,/name/nm0118333/,"/name/nm1601644/,/name/nm0068338/,/name/nm0579953/,/name/nm2676147/,/name/nm1265802/",632030.0,400738009.0,0.6170212765957448,0.20656298473503254
Hook,tt0102057,1991.0,,"['Adventure', ' Comedy', ' Family']",6.8,/name/nm0000229/,"/name/nm0000163/,/name/nm0000245/,/name/nm0000210/,/name/nm0001364/",259197.0,119654823.0,0.4893617021276596,0.061801860217704875
"The Chronicles of Narnia: The Lion, the Witch and the Wardrobe",tt0363771,2005.0,,"['Adventure', ' Family', ' Fantasy']",6.9,/name/nm0011470/,"/name/nm0842770/,/name/nm1670137/,/name/nm0608440/,/name/nm1342727/",405171.0,291709845.0,0.5106382978723406,0.11847967680124868
Sing,tt3470600,2016.0,,"['Animation', ' Comedy', ' Family']",7.1,/name/nm1134029/,"/name/nm2888554/,/name/nm0000190/,/name/nm0000702/,/name/nm0532235/,/name/nm0424060/",174742.0,270395425.0,0.5531914893617021,0.02901023294460698
Toy Story,tt0114709,1995.0,,"['Animation', ' Adventure', ' Comedy']",8.3,/name/nm0005124/,"/name/nm0000158/,/name/nm0000741/,/name/nm0725543/,/name/nm0001815/",1002538.0,191796233.0,0.8085106382978726,0.35042137367234777
Inside Out,tt2096673,2015.0,,"['Animation', ' Adventure', ' Comedy']",8.2,/name/nm0230032/,"/name/nm0215455/,/name/nm0688132/,/name/nm0352778/,/name/nm0085400/,/name/nm1411676/",722574.0,356461711.0,0.7872340425531914,0.24171880854434374
Home Alone,tt0099785,1990.0,,"['Comedy', ' Family']",7.7,/name/nm0001060/,"/name/nm0000346/,/name/nm0000582/,/name/nm0827663/,/name/nm0001334/",597945.0,285761243.0,0.6808510638297873,0.19332868699536596
Kung Fu Panda,tt0441773,2008.0,,"['Animation', ' Action', ' Adventure']",7.6,/name/nm0651706/,"/name/nm0828970/,/name/nm0085312/,/name/nm0574534/,/name/nm0001401/,/name/nm0000163/",479025.0,215434591.0,0.6595744680851064,0.1471552181028575
Labyrinth,tt0091369,1986.0,,"['Adventure', ' Family', ' Fantasy']",7.3,/name/nm0001345/,"/name/nm0000309/,/name/nm0000124/,/name/nm0296614/,/name/nm0860712/",140715.0,12729917.0,0.5957446808510639,0.015798455060269733
Howl's Moving Castle,tt0347149,2004.0,,"['Animation', ' Adventure', ' Family']",8.2,/name/nm0594503/,"/name/nm0047962/,/name/nm0454120/,/name/nm0309107/,/name/nm0594271/",401691.0,4711096.0,0.7872340425531914,0.11712848548148809
Coco,tt2380307,2017.0,,"['Animation', ' Adventure', ' Comedy']",8.4,/name/nm0881279/,"/name/nm2937122/,/name/nm5645519/,/name/nm0305558/,/name/nm0000973/,/name/nm0005513/",518307.0,209726015.0,0.8297872340425534,0.16240737253470677
The Lion King,tt6105098,2019.0,,"['Animation', ' Adventure', ' Drama']",6.8,/name/nm0269463/,"/name/nm2255973/,/name/nm0461498/,/name/nm0736622/,/name/nm0252230/",249227.0,543638043.0,0.4893617021276596,0.05793077474126433
Toy Story 4,tt1979376,2019.0,,"['Animation', ' Adventure', ' Comedy']",7.7,/name/nm2155757/,"/name/nm0000158/,/name/nm0000741/,/name/nm0001633/,/name/nm0355024/",255983.0,434038008.0,0.6808510638297873,0.06055394961376507
E.T.,tt0083866,1982.0,,"['Adventure', ' Family', ' Sci-Fi']",7.9,/name/nm0000229/,"/name/nm0001794/,/name/nm0000106/,/name/nm0001075/,/name/nm0908914/",415546.0,435110554.0,0.7234042553191491,0.12250801299162689
WALL·E,tt0910970,2008.0,,"['Animation', ' Adventure', ' Family']",8.4,/name/nm0004056/,"/name/nm0123785/,/name/nm2264184/,/name/nm0307531/,/name/nm0929609/",1125637.0,223808164.0,0.8297872340425534,0.3982174369686722
The Wizard of Oz,tt0032138,1939.0,,"['Adventure', ' Family', ' Fantasy']",8.1,/name/nm0281808/,"/name/nm0002030/,/name/nm0503777/,/name/nm0851537/,/name/nm0861703/,/name/nm0896542/,/name/nm0000023/,/name/nm0604656/,/name/nm0001961/,/name/nm0481618/",405063.0,2076020.0,0.7659574468085106,0.11843774327753198
Up,tt1049413,2009.0,,"['Animation', ' Adventure', ' Comedy']",8.3,/name/nm0230032/,"/name/nm0677037/,/name/nm0000799/,/name/nm2973712/,/name/nm0001652/,/name/nm0001626/",1053216.0,293004164.0,0.8085106382978726,0.37009829140304523
The Incredibles,tt0317705,2004.0,,"['Animation', ' Action', ' Adventure']",8.0,/name/nm0083348/,"/name/nm0005266/,/name/nm0000168/,/name/nm0000456/,/name/nm0005134/",747357.0,261441092.0,0.7446808510638299,0.25134138741722495
Fantastic Beasts and Where to Find Them,tt3183660,2016.0,,"['Adventure', ' Family', ' Fantasy']",7.2,/name/nm0946734/,"/name/nm1519666/,/name/nm2239702/,/name/nm0837223/,/name/nm0283945/",481949.0,234037575.0,0.5744680851063831,0.14829052943015059
Finding Nemo,tt0266543,2003.0,,"['Animation', ' Adventure', ' Comedy']",8.2,/name/nm0004056/,"/name/nm0881279/,/name/nm0000983/,/name/nm0001122/,/name/nm1071252/,/name/nm0000353/",1052394.0,380843261.0,0.7872340425531914,0.36977913069475693
The Karate Kid,tt0087538,1984.0,,"['Action', ' Drama', ' Family']",7.3,/name/nm0000814/,"/name/nm0001494/,/name/nm0001552/,/name/nm0000223/,/name/nm0184392/",229753.0,90815558.0,0.5957446808510639,0.05036953917775349
Charlie and the Chocolate Factory,tt0367594,2005.0,,"['Adventure', ' Comedy', ' Family']",6.7,/name/nm0000318/,"/name/nm0000136/,/name/nm0383603/,/name/nm0446303/,/name/nm0000307/",489786.0,206459076.0,0.46808510638297884,0.15133342781318615
Wonder,tt2543472,2017.0,,"['Drama', ' Family']",7.9,/name/nm0154716/,"/name/nm5016878/,/name/nm0005562/,/name/nm4207679/,/name/nm0000210/",167550.0,132422809.0,0.7234042553191491,0.026217770883768424
Percy Jackson & the Olympians: The Lightning Thief,tt0814255,2010.0,,"['Adventure', ' Family', ' Fantasy']",5.8,/name/nm0001060/,"/name/nm0503567/,/name/nm0571727/,/name/nm0176869/,/name/nm1040365/",191921.0,88761720.0,0.2765957446808511,0.03568038112913778
Willy Wonka & the Chocolate Factory,tt0067992,1971.0,,"['Family', ' Fantasy', ' Musical']",7.8,/name/nm0835799/,"/name/nm0000698/,/name/nm0016776/,/name/nm0652578/,/name/nm0455702/",206091.0,4000000.0,0.7021276595744681,0.04118221475011697
"Monsters, Inc.",tt0198781,2001.0,,"['Animation', ' Adventure', ' Comedy']",8.1,/name/nm0230032/,"/name/nm0798899/,/name/nm0881279/,/name/nm0000345/,/name/nm0000422/,/name/nm0316701/,/name/nm0000114/",918097.0,289916256.0,0.7659574468085106,0.3176351822263983
How to Train Your Dragon,tt0892769,2010.0,,"['Animation', ' Action', ' Adventure']",8.1,/name/nm0213450/,"/name/nm0761498/,/name/nm0059431/,/name/nm0124930/,/name/nm2395586/,/name/nm0272401/",748554.0,217581231.0,0.7659574468085106,0.2518061506384185
Soul,tt2948372,2020.0,,"['Animation', ' Adventure', ' Comedy']",8.0,/name/nm0230032/,"/name/nm5358492/,/name/nm0004937/,/name/nm0275486/,/name/nm0636218/,/name/nm1344302/",336469.0,5017971.0,0.7446808510638299,0.09180451989027395
Cloudy with a Chance of Meatballs,tt0844471,2009.0,,"['Animation', ' Adventure', ' Comedy']",6.9,/name/nm0520488/,"/name/nm0588087/,/name/nm0267506/,/name/nm0352778/,/name/nm0132257/,/name/nm0001001/",238610.0,124870275.0,0.5106382978723406,0.05380847639589129
Lightyear,tt10298810,2022.0,,"['Animation', ' Action', ' Adventure']",6.1,/name/nm0533691/,"/name/nm0262635/,/name/nm1551130/,/name/nm0812307/,/name/nm0169806/",108874.0,5017971.0,0.3404255319148936,0.0034354427578280763
Bridge to Terabithia,tt0398808,2007.0,,"['Drama', ' Family', ' Fantasy']",7.2,/name/nm0190780/,"/name/nm1242688/,/name/nm1455681/,/name/nm0221046/,/name/nm0001598/",161122.0,82272442.0,0.5744680851063831,0.023721949675888806
Alice in Wonderland,tt1014759,2010.0,,"['Adventure', ' Family', ' Fantasy']",6.4,/name/nm0000318/,"/name/nm1985859/,/name/nm0000136/,/name/nm0000307/,/name/nm0004266/",420695.0,334191110.0,0.4042553191489363,0.12450723256215772
Night at the Museum,tt0477347,2006.0,,"['Adventure', ' Comedy', ' Family']",6.4,/name/nm0506613/,"/name/nm0001774/,/name/nm0001303/,/name/nm0315041/,/name/nm0001813/",355422.0,250863268.0,0.4042553191489363,0.09916346502918845
Fantastic Beasts: The Crimes of Grindelwald,tt4123430,2018.0,,"['Adventure', ' Family', ' Fantasy']",6.5,/name/nm0946734/,"/name/nm1519666/,/name/nm2239702/,/name/nm0283945/,/name/nm0000136/",288589.0,159555901.0,0.4255319148936171,0.0732139910425334
Jumanji,tt0113497,1995.0,,"['Adventure', ' Comedy', ' Family']",7.0,/name/nm0002653/,"/name/nm0000245/,/name/nm0000379/,/name/nm0001372/,/name/nm0404993/",352469.0,100475249.0,0.5319148936170214,0.09801689377423069
Toy Story 3,tt0435761,2010.0,,"['Animation', ' Adventure', ' Comedy']",8.3,/name/nm0881279/,"/name/nm0000158/,/name/nm0000741/,/name/nm0000349/,/name/nm0000885/",843295.0,415004880.0,0.8085106382978726,0.28859155777216505
Incredibles 2,tt3606756,2018.0,,"['Animation', ' Action', ' Adventure']",7.6,/name/nm0083348/,"/name/nm0005266/,/name/nm0000456/,/name/nm1102970/,/name/nm9133740/",302726.0,608581744.0,0.6595744680851064,0.07870301164237693
Mulan,tt0120762,1998.0,,"['Animation', ' Adventure', ' Comedy']",7.6,/name/nm0051643/,"/name/nm0176905/,/name/nm0001840/,/name/nm0000552/,/name/nm0000703/,/name/nm0001208/",293662.0,120620254.0,0.6595744680851064,0.07518370183711544
Mary Poppins,tt0058331,1964.0,,"['Comedy', ' Family', ' Fantasy']",7.8,/name/nm0829038/,"/name/nm0000267/,/name/nm0001813/,/name/nm0866835/,/name/nm0424318/",176142.0,102272727.0,0.7021276595744681,0.029553815659453194
The Lego Movie,tt1490017,2014.0,,"['Animation', ' Action', ' Adventure']",7.7,/name/nm0520488/,"/name/nm0588087/,/name/nm0695435/,/name/nm0002071/,/name/nm0006969/,/name/nm0004715/",361313.0,257760692.0,0.6808510638297873,0.10145078343858777
Raya and the Last Dragon,tt5109280,2021.0,,"['Animation', ' Action', ' Adventure']",7.3,/name/nm2320658/,"/name/nm2788015/,/name/nm2128363/,/name/nm0727960/,/name/nm4511652/,/name/nm5377144/,/name/nm2110418/,/name/nm9865891/",155565.0,5017971.0,0.5957446808510639,0.02156431457131708
A Bug's Life,tt0120623,1998.0,,"['Animation', ' Adventure', ' Comedy']",7.2,/name/nm0005124/,"/name/nm0004056/,/name/nm0000228/,/name/nm0004929/,/name/nm0000506/,/name/nm0659363/",297525.0,162798565.0,0.5744680851063831,0.07668360185672324
Frozen II,tt4520988,2019.0,,"['Animation', ' Adventure', ' Comedy']",6.8,/name/nm0118333/,"/name/nm1601644/,/name/nm0068338/,/name/nm0579953/,/name/nm1265802/,/name/nm2676147/",177207.0,477373578.0,0.4893617021276596,0.029967326796104064
Ice Age,tt0268380,2002.0,,"['Animation', ' Adventure', ' Comedy']",7.5,/name/nm0917188/,"/name/nm0757858/,/name/nm0001459/,/name/nm0000491/,/name/nm0005380/,/name/nm0899681/",489767.0,176387405.0,0.6382978723404257,0.15132605061919896
Coraline,tt0327597,2009.0,,"['Animation', ' Drama', ' Family']",7.7,/name/nm0783139/,"/name/nm0266824/,/name/nm0000159/,/name/nm1894655/,/name/nm0766837/",236682.0,75286229.0,0.6808510638297873,0.05305988534287451
The Prince of Egypt,tt0120794,1998.0,,"['Animation', ' Adventure', ' Drama']",7.2,/name/nm0152312/,"/name/nm9054338/,/name/nm0920425/,/name/nm0000174/,/name/nm0000146/,/name/nm0000201/,/name/nm0000113/",135634.0,101217900.0,0.5744680851063831,0.013825638078745721
The Golden Compass,tt0385752,2007.0,,"['Adventure', ' Family', ' Fantasy']",6.1,/name/nm0919363/,"/name/nm0000173/,/name/nm0185819/,/name/nm2301950/,/name/nm2036501/",191141.0,70107728.0,0.3404255319148936,0.03537752790229489
Luca,tt12801262,2021.0,,"['Animation', ' Adventure', ' Comedy']",7.4,/name/nm1154836/,"/name/nm5016878/,/name/nm6244013/,/name/nm11735922/,/name/nm7184459/",167865.0,5017971.0,0.6170212765957448,0.026340076994608823
Brave,tt1217209,2012.0,,"['Animation', ' Adventure', ' Comedy']",7.1,/name/nm0028764/,"/name/nm0152312/,/name/nm0700760/,/name/nm0531808/,/name/nm0175262/,/name/nm0000668/,/name/nm0910278/",417815.0,237283207.0,0.5531914893617021,0.1233890052630455
Madagascar,tt0351283,2005.0,,"['Animation', ' Adventure', ' Comedy']",6.9,/name/nm0201509/,"/name/nm0569891/,/name/nm0001674/,/name/nm0001774/,/name/nm0001710/,/name/nm0000586/",410935.0,193595521.0,0.5106382978723406,0.12071768449294411
Hachi: A Dog's Tale,tt1028532,2009.0,,"['Biography', ' Drama', ' Family']",8.1,/name/nm0002120/,"/name/nm0000152/,/name/nm0000260/,/name/nm0846480/,/name/nm2105255/",289922.0,5017971.0,0.7659574468085106,0.07373155944174055
Big Hero 6,tt2245084,2014.0,,"['Animation', ' Action', ' Adventure']",7.8,/name/nm2320658/,"/name/nm0930261/,/name/nm3994407/,/name/nm0012523/,/name/nm1512166/,/name/nm2554352/",468341.0,222527828.0,0.7021276595744681,0.14300690544184538
Lilo & Stitch,tt0275847,2002.0,,"['Animation', ' Adventure', ' Comedy']",7.3,/name/nm0213450/,"/name/nm0761498/,/name/nm0153738/,/name/nm0761498/,/name/nm0000119/,/name/nm0001773/",195303.0,145794338.0,0.5957446808510639,0.036993521658859135
Sonic the Hedgehog,tt3794354,2020.0,,"['Action', ' Adventure', ' Comedy']",6.5,/name/nm1733778/,"/name/nm2355635/,/name/nm0005188/,/name/nm0000120/,/name/nm1754366/",143123.0,148974665.0,0.4255319148936171,0.016733417329805222
Spy Kids,tt0227538,2001.0,,"['Action', ' Adventure', ' Comedy']",5.6,/name/nm0001675/,"/name/nm0891786/,/name/nm0754512/,/name/nm0000104/,/name/nm0001303/",120052.0,112719001.0,0.2340425531914893,0.007775562462507353
Kung Fu Panda 3,tt2267968,2016.0,,"['Animation', ' Action', ' Adventure']",7.1,/name/nm1868917/,"/name/nm0950775/,/name/nm0085312/,/name/nm0186505/,/name/nm0000163/,/name/nm0001401/",164650.0,143528619.0,0.5531914893617021,0.025091778117301268
The NeverEnding Story,tt0088323,1984.0,,"['Adventure', ' Drama', ' Family']",7.3,/name/nm0000583/,"/name/nm0000441/,/name/nm0646768/,/name/nm0000660/,/name/nm0574468/",147797.0,20158808.0,0.5957446808510639,0.018548207050656084
The Adventures of Tintin,tt0983193,2011.0,,"['Animation', ' Action', ' Adventure']",7.3,/name/nm0000229/,"/name/nm0068260/,/name/nm0785227/,/name/nm0185819/,/name/nm0670408/",234158.0,77591831.0,0.5957446808510639,0.05207988336268033
Atlantis: The Lost Empire,tt0230011,2001.0,,"['Animation', ' Action', ' Adventure']",6.9,/name/nm0873779/,"/name/nm0936374/,/name/nm0000150/,/name/nm0001815/,/name/nm0123553/,/name/nm0160004/",123509.0,84052762.0,0.5106382978723406,0.009117823494809756
My Neighbor Totoro,tt0096283,1988.0,,"['Animation', ' Comedy', ' Family']",8.1,/name/nm0594503/,"/name/nm0847054/,/name/nm0383022/,/name/nm0757076/,/name/nm0411790/",344993.0,1105564.0,0.7659574468085106,0.0951141620769519
The Mitchells vs the Machines,tt7979580,2021.0,,"['Animation', ' Adventure', ' Comedy']",7.6,/name/nm5106831/,"/name/nm6676487/,/name/nm3434305/,/name/nm1144419/,/name/nm0748973/,/name/nm5106831/",112093.0,5017971.0,0.6595744680851064,0.0046852947286066225
Wreck-It Ralph,tt1772341,2012.0,,"['Animation', ' Adventure', ' Comedy']",7.7,/name/nm0601781/,"/name/nm0000604/,/name/nm1442113/,/name/nm0528331/,/name/nm0798971/",429339.0,189422889.0,0.6808510638297873,0.12786346755296535
Rio,tt1436562,2011.0,,"['Animation', ' Adventure', ' Comedy']",6.9,/name/nm0757858/,"/name/nm0251986/,/name/nm0004266/,/name/nm0520064/,/name/nm0228327/",232560.0,143619809.0,0.5106382978723406,0.05145942252102015
Toy Story 2,tt0120363,1999.0,,"['Animation', ' Adventure', ' Comedy']",7.9,/name/nm0005124/,"/name/nm0105169/,/name/nm0881279/,/name/nm0000158/,/name/nm0000741/,/name/nm0000349/,/name/nm0001288/",587789.0,245852179.0,0.7234042553191491,0.18938538267252442
"Honey, I Shrunk the Kids",tt0097523,1989.0,,"['Adventure', ' Comedy', ' Family']",6.4,/name/nm0002653/,"/name/nm0001548/,/name/nm0001242/,/name/nm0833519/,/name/nm0840133/",158043.0,130724172.0,0.4042553191489363,0.022526455976594882
The Emperor's New Groove,tt0120917,2000.0,,"['Animation', ' Adventure', ' Comedy']",7.4,/name/nm0227540/,"/name/nm0005450/,/name/nm0000422/,/name/nm0457755/,/name/nm0911320/",208727.0,89302687.0,0.6170212765957448,0.04220570334749884
Kung Fu Panda 2,tt1302011,2011.0,,"['Animation', ' Action', ' Adventure']",7.2,/name/nm0950775/,"/name/nm0085312/,/name/nm0001401/,/name/nm0000329/,/name/nm0000163/",292055.0,165249063.0,0.5744680851063831,0.07455974653514554
The Jungle Book,tt3040964,2016.0,,"['Adventure', ' Drama', ' Family']",7.4,/name/nm0269463/,"/name/nm5888481/,/name/nm0000195/,/name/nm0001426/,/name/nm0252961/",280644.0,364001123.0,0.6170212765957448,0.07012915913578113
Treasure Planet,tt0133240,2002.0,,"['Animation', ' Adventure', ' Family']",7.2,/name/nm0166256/,"/name/nm0615780/,/name/nm0330687/,/name/nm0000668/,/name/nm0001737/,/name/nm0001975/",122275.0,38176783.0,0.5744680851063831,0.008638694159009593
How to Train Your Dragon: The Hidden World,tt2386490,2019.0,,"['Animation', ' Action', ' Adventure']",7.4,/name/nm0213450/,"/name/nm0059431/,/name/nm1065229/,/name/nm0000719/,/name/nm0000949/",133311.0,160799505.0,0.6170212765957448,0.012923679045468752
Tomorrowland,tt1964418,2015.0,,"['Action', ' Adventure', ' Family']",6.4,/name/nm0083348/,"/name/nm0000123/,/name/nm1429380/,/name/nm0491402/,/name/nm3864163/",184720.0,93436322.0,0.4042553191489363,0.0328844246079895
Miss Peregrine's Home for Peculiar Children,tt1935859,2016.0,,"['Adventure', ' Drama', ' Family']",6.7,/name/nm0000318/,"/name/nm1200692/,/name/nm2633535/,/name/nm0000168/,/name/nm0001132/",177324.0,87242834.0,0.46808510638297884,0.030012754780130498
Pokémon: Detective Pikachu,tt5884052,2019.0,,"['Action', ' Adventure', ' Comedy']",6.5,/name/nm1224299/,"/name/nm0005351/,/name/nm6819854/,/name/nm1105980/,/name/nm0631490/",166935.0,144105346.0,0.4255319148936171,0.02597898276260384
Tarzan,tt0120855,1999.0,,"['Animation', ' Adventure', ' Comedy']",7.3,/name/nm0118333/,"/name/nm0510674/,/name/nm0001282/,/name/nm0000378/,/name/nm0000306/,/name/nm0000335/",231028.0,171091819.0,0.5957446808510639,0.05086458772163129
Paddington,tt1109624,2014.0,,"['Adventure', ' Comedy', ' Family']",7.3,/name/nm1653753/,"/name/nm0095017/,/name/nm1020089/,/name/nm0910278/,/name/nm0000980/",120790.0,76271832.0,0.5957446808510639,0.008062108207904857
Cars 2,tt1216475,2011.0,,"['Animation', ' Adventure', ' Comedy']",6.2,/name/nm0005124/,"/name/nm0506977/,/name/nm0005562/,/name/nm1249256/,/name/nm0000323/,/name/nm0607865/",195853.0,191452396.0,0.36170212765957455,0.03720707201112015
Monsters vs. Aliens,tt0892782,2009.0,,"['Animation', ' Action', ' Adventure']",6.4,/name/nm1224299/,"/name/nm0970447/,/name/nm0000702/,/name/nm0933988/,/name/nm0170306/,/name/nm0736622/",166171.0,198351526.0,0.4042553191489363,0.025682341909644905
Hugo,tt0970179,2011.0,,"['Adventure', ' Drama', ' Family']",7.5,/name/nm0000217/,"/name/nm2633535/,/name/nm1631269/,/name/nm0000489/,/name/nm0001426/",326384.0,73864507.0,0.6382978723404257,0.08788878297654247
Cheaper by the Dozen,tt0349205,2003.0,,"['Comedy', ' Family']",5.9,/name/nm0506613/,"/name/nm0000188/,/name/nm0001372/,/name/nm0240381/,/name/nm0005305/",104157.0,138614544.0,0.297872340425532,0.0016039572821640803
The Karate Kid,tt1155076,2010.0,,"['Action', ' Drama', ' Family']",6.2,/name/nm0958969/,"/name/nm0000329/,/name/nm1535523/,/name/nm0378245/,/name/nm3924219/",189127.0,176591618.0,0.36170212765957455,0.03459554533965183
Ralph Breaks the Internet,tt5848272,2018.0,,"['Animation', ' Adventure', ' Comedy']",7.0,/name/nm1601882/,"/name/nm0601781/,/name/nm0000604/,/name/nm0798971/,/name/nm2933757/,/name/nm0378245/",165506.0,201091711.0,0.5319148936170214,0.025424140120092954
Space Jam,tt0117705,1996.0,,"['Animation', ' Adventure', ' Comedy']",6.5,/name/nm0701592/,"/name/nm0003044/,/name/nm0001431/,/name/nm0005337/,/name/nm0913502/",200966.0,90463534.0,0.4255319148936171,0.03919231374041207
Monsters University,tt1453405,2013.0,,"['Animation', ' Adventure', ' Comedy']",7.2,/name/nm0768959/,"/name/nm0000345/,/name/nm0000422/,/name/nm0000114/,/name/nm0000545/",365652.0,268492764.0,0.5744680851063831,0.1031355015812433
Finding Dory,tt2277860,2016.0,,"['Animation', ' Adventure', ' Comedy']",7.3,/name/nm0004056/,"/name/nm0533691/,/name/nm0001122/,/name/nm0000983/,/name/nm0642145/,/name/nm0647698/",281563.0,486295561.0,0.5957446808510639,0.0704859823607409
Eragon,tt0449010,2006.0,,"['Action', ' Adventure', ' Family']",5.1,/name/nm0266777/,"/name/nm1968873/,/name/nm0347149/,/name/nm0000460/,/name/nm0000518/",127628.0,75030163.0,0.12765957446808504,0.010717121496560868
The Chronicles of Narnia: Prince Caspian,tt0499448,2008.0,,"['Action', ' Adventure', ' Family']",6.5,/name/nm0011470/,"/name/nm1602660/,/name/nm1342727/,/name/nm1670137/,/name/nm0608440/",214524.0,141621490.0,0.4255319148936171,0.04445652406032992
How to Train Your Dragon 2,tt1646971,2014.0,,"['Animation', ' Action', ' Adventure']",7.8,/name/nm0213450/,"/name/nm0059431/,/name/nm0000949/,/name/nm0124930/,/name/nm0272401/",341463.0,177002924.0,0.7021276595744681,0.09374355708880394
How the Grinch Stole Christmas,tt0170016,2000.0,,"['Comedy', ' Family', ' Fantasy']",6.3,/name/nm0000165/,"/name/nm0000120/,/name/nm0597410/,/name/nm3679189/,/name/nm0001787/",266237.0,260044825.0,0.3829787234042553,0.06453530472664584
The Jungle Book,tt0061852,1967.0,,"['Animation', ' Adventure', ' Comedy']",7.6,/name/nm0718627/,"/name/nm0365201/,/name/nm0001982/,/name/nm0697515/,/name/nm0718624/",186833.0,141843612.0,0.6595744680851064,0.03370484623403954
Percy Jackson: Sea of Monsters,tt1854564,2013.0,,"['Adventure', ' Family', ' Fantasy']",5.7,/name/nm0294457/,"/name/nm0503567/,/name/nm1275259/,/name/nm1040365/,/name/nm0277213/",120221.0,68559554.0,0.2553191489361703,0.007841180661656646
The Lego Batman Movie,tt4116284,2017.0,,"['Animation', ' Action', ' Adventure']",7.3,/name/nm0003021/,"/name/nm0004715/,/name/nm0148418/,/name/nm0206257/,/name/nm0000146/",155600.0,175750384.0,0.5957446808510639,0.021577904139188236
Onward,tt7146812,2020.0,,"['Animation', ' Adventure', ' Comedy']",7.4,/name/nm0768959/,"/name/nm4043618/,/name/nm0695435/,/name/nm0000506/,/name/nm0818055/",153356.0,61555145.0,0.6170212765957448,0.020706618701963303
Rango,tt1192628,2011.0,,"['Animation', ' Action', ' Adventure']",7.2,/name/nm0893659/,"/name/nm0000136/,/name/nm0279545/,/name/nm0648249/,/name/nm1113550/",271713.0,123477607.0,0.5744680851063831,0.06666148968843004
Cars 3,tt3606752,2017.0,,"['Animation', ' Adventure', ' Comedy']",6.7,/name/nm0270263/,"/name/nm0005562/,/name/nm2242399/,/name/nm0177933/,/name/nm0277213/",104622.0,152901115.0,0.46808510638297884,0.0017845043981665732
Home,tt2224026,2015.0,,"['Animation', ' Adventure', ' Comedy']",6.6,/name/nm0426333/,"/name/nm1433588/,/name/nm1982597/,/name/nm0000188/,/name/nm0000182/",104651.0,177397510.0,0.44680851063829785,0.0017957643258312448
Journey to the Center of the Earth,tt0373051,2008.0,,"['Action', ' Adventure', ' Family']",5.8,/name/nm0108094/,"/name/nm0000409/,/name/nm1242688/,/name/nm1715194/,/name/nm1024878/",125178.0,101704370.0,0.2765957446808511,0.009765851745579993
Night at the Museum: Battle of the Smithsonian,tt1078912,2009.0,,"['Adventure', ' Comedy', ' Family']",6.0,/name/nm0506613/,"/name/nm0001774/,/name/nm0005562/,/name/nm0010736/,/name/nm0000279/",201071.0,177243721.0,0.31914893617021284,0.03923308244402554
The AristoCats,tt0065421,1970.0,,"['Animation', ' Adventure', ' Comedy']",7.1,/name/nm0718627/,"/name/nm0365201/,/name/nm0001247/,/name/nm0001359/,/name/nm0001079/",107037.0,37675257.0,0.5531914893617021,0.0027221845812762935
A Series of Unfortunate Events,tt0339291,2004.0,,"['Adventure', ' Comedy', ' Family']",6.8,/name/nm0797869/,"/name/nm0000120/,/name/nm0000179/,/name/nm0000658/,/name/nm0014582/",212374.0,118627117.0,0.4893617021276596,0.04362173631967323
Oz the Great and Powerful,tt1623205,2013.0,,"['Adventure', ' Family', ' Fantasy']",6.3,/name/nm0000600/,"/name/nm0290556/,/name/nm0931329/,/name/nm0001838/,/name/nm0005109/",209784.0,234911825.0,0.3829787234042553,0.04261610829720773
The Croods,tt0481499,2013.0,,"['Animation', ' Adventure', ' Comedy']",7.2,/name/nm0210320/,"/name/nm0761498/,/name/nm0000115/,/name/nm0005351/,/name/nm1297015/,/name/nm0001416/",219054.0,187168425.0,0.5744680851063831,0.04621540241622517
The Nightmare Before Christmas,tt0107688,1993.0,,"['Animation', ' Family', ' Fantasy']",7.9,/name/nm0783139/,"/name/nm0000384/,/name/nm0001697/,/name/nm0001573/,/name/nm0382676/",347731.0,75082668.0,0.7234042553191491,0.096177254557844
Chicken Run,tt0120630,2000.0,,"['Animation', ' Adventure', ' Comedy']",7.1,/name/nm0520485/,"/name/nm0661910/,/name/nm0000154/,/name/nm0768018/,/name/nm0200057/,/name/nm0272521/",195997.0,106834564.0,0.5531914893617021,0.03726298337607576
The Iron Giant,tt0129167,1999.0,,"['Animation', ' Action', ' Adventure']",8.1,/name/nm0083348/,"/name/nm0547349/,/name/nm0001065/,/name/nm0000098/,/name/nm0004874/",203571.0,23159305.0,0.7659574468085106,0.04020376586339378
Casper,tt0112642,1995.0,,"['Comedy', ' Family', ' Fantasy']",6.1,/name/nm0797869/,"/name/nm0000597/,/name/nm0000207/,/name/nm0001550/,/name/nm0001385/",137788.0,100328194.0,0.3404255319148936,0.014661978912873398
Cloudy with a Chance of Meatballs 2,tt1985966,2013.0,,"['Animation', ' Adventure', ' Comedy']",6.3,/name/nm0970606/,"/name/nm2329165/,/name/nm0352778/,/name/nm0267506/,/name/nm0287182/,/name/nm0000439/",106192.0,119793567.0,0.3829787234042553,0.002394093585529828
Meet the Robinsons,tt0396555,2007.0,,"['Animation', ' Adventure', ' Comedy']",6.8,/name/nm0027459/,"/name/nm0360743/,/name/nm1130617/,/name/nm0000291/,/name/nm1627748/",103151.0,97822171.0,0.4893617021276596,0.0012133542742103006
Marley & Me,tt0822832,2008.0,,"['Drama', ' Family']",7.0,/name/nm0291205/,"/name/nm0005562/,/name/nm0000098/,/name/nm0199312/,/name/nm0000678/",160828.0,143153751.0,0.5319148936170214,0.023607797305771103
Stuart Little,tt0164912,1999.0,,"['Adventure', ' Comedy', ' Family']",6.0,/name/nm0591450/,"/name/nm0000150/,/name/nm0000133/,/name/nm0491402/,/name/nm0005151/",139019.0,140035367.0,0.31914893617021284,0.01513994342857032
Shark Tale,tt0307453,2004.0,,"['Animation', ' Adventure', ' Comedy']",6.0,/name/nm0074426/,"/name/nm0421776/,/name/nm1224299/,/name/nm0000226/,/name/nm0000134/,/name/nm0000250/,/name/nm0001401/",186896.0,160861908.0,0.31914893617021284,0.03372930745620762
Sister Act,tt0105417,1992.0,,"['Comedy', ' Family', ' Music']",6.5,/name/nm0001915/,"/name/nm0000155/,/name/nm0001749/,/name/nm0001562/,/name/nm0538655/",101756.0,139610000.0,0.4255319148936171,0.0006717129262028223
Field of Dreams,tt0097351,1989.0,,"['Drama', ' Family', ' Fantasy']",7.5,/name/nm0004675/,"/name/nm0000126/,/name/nm0000469/,/name/nm0000501/,/name/nm0001496/",121428.0,64431625.0,0.6382978723404257,0.008309826616527632
The Secret Life of Pets,tt2709768,2016.0,,"['Animation', ' Adventure', ' Comedy']",6.5,/name/nm0719208/,"/name/nm0127373/,/name/nm0832314/,/name/nm0366389/,/name/nm1128572/",205736.0,368384330.0,0.4255319148936171,0.041044377704566676
Night at the Museum: Secret of the Tomb,tt2692250,2014.0,,"['Adventure', ' Comedy', ' Family']",6.2,/name/nm0506613/,"/name/nm0001774/,/name/nm0000245/,/name/nm0005562/,/name/nm0001813/",126079.0,113746621.0,0.36170212765957455,0.010115686049920306
Small Soldiers,tt0122718,1998.0,,"['Action', ' Adventure', ' Comedy']",6.2,/name/nm0001102/,"/name/nm0000379/,/name/nm0808376/,/name/nm0189144/,/name/nm0001542/",101378.0,54682547.0,0.36170212765957455,0.0005249455931943444
Peter Pan,tt0046183,1953.0,,"['Animation', ' Adventure', ' Family']",7.3,/name/nm0314671/,"/name/nm0414144/,/name/nm0527217/,/name/nm0455741/,/name/nm0237985/,/name/nm0064607/,/name/nm0175788/,/name/nm0859892/",143268.0,87404651.0,0.5957446808510639,0.01678971696812858
Ponyo,tt0876563,2008.0,,"['Animation', ' Adventure', ' Comedy']",7.6,/name/nm0594503/,"/name/nm0000949/,/name/nm0000354/,/name/nm0000553/,/name/nm0945359/",147418.0,15090400.0,0.6595744680851064,0.01840105144427986
Kiki's Delivery Service,tt0097814,1989.0,,"['Animation', ' Family', ' Fantasy']",7.8,/name/nm0594503/,"/name/nm0000379/,/name/nm0847439/,/name/nm0757290/,/name/nm0945322/",148274.0,5017971.0,0.7021276595744681,0.018733413447071544
Bee Movie,tt0389790,2007.0,,"['Animation', ' Adventure', ' Comedy']",6.1,/name/nm0971239/,"/name/nm9054338/,/name/nm0000632/,/name/nm0000250/,/name/nm0000111/,/name/nm0911320/",166648.0,126631277.0,0.3404255319148936,0.025867548306060365
The Chronicles of Narnia: The Voyage of the Dawn Treader,tt0980970,2010.0,,"['Adventure', ' Family', ' Fantasy']",6.3,/name/nm0000776/,"/name/nm1602660/,/name/nm1342727/,/name/nm1670137/,/name/nm2401020/",157528.0,104386950.0,0.3829787234042553,0.022326495192205024
The Lorax,tt1482459,2012.0,,"['Animation', ' Adventure', ' Comedy']",6.4,/name/nm0719208/,"/name/nm0049633/,/name/nm1374980/,/name/nm2357847/,/name/nm0000362/,/name/nm1159180/",116792.0,214030500.0,0.4042553191489363,0.006509791283651168
Maleficent: Mistress of Evil,tt4777008,2019.0,,"['Adventure', ' Family', ' Fantasy']",6.6,/name/nm1461392/,"/name/nm0001401/,/name/nm1102577/,/name/nm6170168/,/name/nm0000201/",108233.0,113929605.0,0.44680851063829785,0.0031865595291020597
The Good Dinosaur,tt1979388,2015.0,,"['Animation', ' Adventure', ' Comedy']",6.7,/name/nm0812307/,"/name/nm0942482/,/name/nm0000531/,/name/nm5558187/,/name/nm4455823/",118494.0,123087120.0,0.46808510638297884,0.007170632555557065
Daddy's Home,tt1528854,2015.0,,"['Comedy', ' Family']",6.1,/name/nm1890845/,"/name/nm0002071/,/name/nm0000242/,/name/nm0004802/,/name/nm0002006/",122785.0,150357137.0,0.3404255319148936,0.008836713576560714
Alice Through the Looking Glass,tt2567026,2016.0,,"['Adventure', ' Family', ' Fantasy']",6.2,/name/nm0090386/,"/name/nm1985859/,/name/nm0000136/,/name/nm0000307/,/name/nm0004266/",112333.0,77042381.0,0.36170212765957455,0.004778480336865974
The Boss Baby,tt3874544,2017.0,,"['Animation', ' Adventure', ' Comedy']",6.3,/name/nm0569891/,"/name/nm0000285/,/name/nm0000114/,/name/nm0453994/,/name/nm0001435/",130416.0,175003033.0,0.3829787234042553,0.011799627645840331
Alice in Wonderland,tt0043274,1951.0,,"['Animation', ' Adventure', ' Comedy']",7.3,/name/nm0314671/,"/name/nm0414144/,/name/nm0527217/,/name/nm0455741/,/name/nm0064607/,/name/nm0943956/,/name/nm0370821/,/name/nm0001359/",144874.0,1073014.0,0.5957446808510639,0.017413283996730738
Over the Hedge,tt0327084,2006.0,,"['Animation', ' Adventure', ' Comedy']",6.7,/name/nm0426333/,"/name/nm0456732/,/name/nm0000246/,/name/nm0788009/,/name/nm0136797/,/name/nm0843100/",178740.0,155019340.0,0.46808510638297884,0.03056254986886067
Madagascar: Escape 2 Africa,tt0479952,2008.0,,"['Animation', ' Adventure', ' Comedy']",6.6,/name/nm0201509/,"/name/nm0569891/,/name/nm0001774/,/name/nm0001674/,/name/nm0001710/,/name/nm0000586/",232550.0,180010950.0,0.44680851063829785,0.05145553978734268
Rise of the Guardians,tt1446192,2012.0,,"['Animation', ' Action', ' Adventure']",7.2,/name/nm0709056/,"/name/nm0413168/,/name/nm0000285/,/name/nm0279545/,/name/nm1517976/",180100.0,103412758.0,0.5744680851063831,0.031090601648996994
We Bought a Zoo,tt1389137,2011.0,,"['Comedy', ' Drama', ' Family']",7.1,/name/nm0001081/,"/name/nm0000354/,/name/nm0424060/,/name/nm0002006/,/name/nm1102577/",145775.0,75624550.0,0.5531914893617021,0.01776311830107105
One Hundred and One Dalmatians,tt0055254,1961.0,,"['Animation', ' Adventure', ' Comedy']",7.3,/name/nm0314671/,"/name/nm0527217/,/name/nm0718627/,/name/nm0001792/,/name/nm0314867/,/name/nm0641729/,/name/nm0921131/",171475.0,144880014.0,0.5957446808510639,0.027741743852176565
Zathura: A Space Adventure,tt0406375,2005.0,,"['Action', ' Adventure', ' Comedy']",6.2,/name/nm0269463/,"/name/nm1242688/,/name/nm1501050/,/name/nm1009277/,/name/nm0000209/",107575.0,29258869.0,0.36170212765957455,0.002931075653124339
The Sorcerer's Apprentice,tt0963966,2010.0,,"['Action', ' Adventure', ' Family']",6.1,/name/nm0005509/,"/name/nm0000115/,/name/nm0059431/,/name/nm0000547/,/name/nm1954240/",164427.0,63150991.0,0.3404255319148936,0.02500519315629362
Brother Bear,tt0328880,2003.0,,"['Animation', ' Adventure', ' Comedy']",6.8,/name/nm0086431/,"/name/nm1074107/,/name/nm0001618/,/name/nm0836836/,/name/nm0001548/,/name/nm0707262/",114124.0,85336277.0,0.4893617021276596,0.005473877938501381
Journey 2: The Mysterious Island,tt1397514,2012.0,,"['Action', ' Adventure', ' Comedy']",5.7,/name/nm0679031/,"/name/nm1242688/,/name/nm0425005/,/name/nm0000323/,/name/nm0350079/",106527.0,103860290.0,0.2553191489361703,0.0025241651637251724
Madagascar 3: Europe's Most Wanted,tt1277953,2012.0,,"['Animation', ' Adventure', ' Comedy']",6.8,/name/nm0201509/,"/name/nm0569891/,/name/nm0970447/,/name/nm0001774/,/name/nm0000586/,/name/nm0001674/,/name/nm0001710/",185655.0,216391482.0,0.4893617021276596,0.033247460206833224
Castle in the Sky,tt0092067,1986.0,,"['Animation', ' Adventure', ' Family']",8.0,/name/nm0594503/,"/name/nm0849028/,/name/nm0948445/,/name/nm0368969/,/name/nm0855385/",169334.0,5017971.0,0.7446808510638299,0.026910450571829603
Klaus,tt4729430,2019.0,,"['Animation', ' Adventure', ' Comedy']",8.2,/name/nm0655053/,"/name/nm3582089/,/name/nm0005403/,/name/nm0799777/,/name/nm0429069/,/name/nm0766005/",162029.0,5017971.0,0.7872340425531914,0.024074113620435603
Pinocchio,tt0032910,1940.0,,"['Animation', ' Adventure', ' Comedy']",7.5,/name/nm0272568/,"/name/nm0373429/,/name/nm0414144/,/name/nm0455741/,/name/nm0527217/,/name/nm0730860/,/name/nm0789313/,/name/nm0427934/,/name/nm0747759/,/name/nm0000305/,/name/nm0088285/",150549.0,84254167.0,0.6382978723404257,0.019616735358696645
Babe,tt0112431,1995.0,,"['Comedy', ' Drama', ' Family']",6.9,/name/nm0003088/,"/name/nm0000342/,/name/nm0844294/,/name/nm0004815/,/name/nm0546816/",127838.0,66600000.0,0.5106382978723406,0.0107986589037878
Like Stars on Earth,tt0986264,2007.0,,"['Drama', ' Family']",8.3,/name/nm0451148/,"/name/nm1244760/,/name/nm2594301/,/name/nm0451148/,/name/nm1538116/,/name/nm1479650/",195444.0,1223869.0,0.8085106382978726,0.03704826820371151
Monster House,tt0385880,2006.0,,"['Animation', ' Comedy', ' Family']",6.6,/name/nm1481493/,"/name/nm1102053/,/name/nm1348102/,/name/nm1682400/,/name/nm1707018/",124877.0,73661010.0,0.44680851063829785,0.009648981461888056
Bambi,tt0034492,1942.0,,"['Animation', ' Adventure', ' Drama']",7.3,/name/nm0019282/,"/name/nm0035899/,/name/nm0359457/,/name/nm0373871/,/name/nm0730860/,/name/nm0766402/,/name/nm0942687/,/name/nm0204190/,/name/nm0314671/,/name/nm0017013/,/name/nm0018755/,/name/nm1027883/,/name/nm0066951/",145859.0,102797150.0,0.5957446808510639,0.017795733263961826
The Polar Express,tt0338348,2004.0,,"['Animation', ' Adventure', ' Comedy']",6.6,/name/nm0000709/,"/name/nm0000158/,/name/nm0178875/,/name/nm0005052/,/name/nm0366667/",219718.0,183373735.0,0.44680851063829785,0.04647321593240937
Turbo,tt1860353,2013.0,,"['Animation', ' Adventure', ' Comedy']",6.4,/name/nm1659741/,"/name/nm0005351/,/name/nm0316079/,/name/nm0748973/,/name/nm0000168/",100720.0,83028128.0,0.4042553191489363,0.0002694617172166235
Ice Age: Continental Drift,tt1667889,2012.0,,"['Animation', ' Adventure', ' Comedy']",6.5,/name/nm0553942/,"/name/nm0862211/,/name/nm0005380/,/name/nm0001459/,/name/nm0000491/,/name/nm2106637/",213038.0,161321843.0,0.4255319148936171,0.043879549835857436
Finding Neverland,tt0308644,2004.0,,"['Biography', ' Drama', ' Family']",7.7,/name/nm0286975/,"/name/nm0000136/,/name/nm0000701/,/name/nm0001046/,/name/nm0593664/",208001.0,51680613.0,0.6808510638297873,0.0419238168825143
Antz,tt0120587,1998.0,,"['Animation', ' Adventure', ' Comedy']",6.5,/name/nm0201509/,"/name/nm0426333/,/name/nm0000095/,/name/nm0000232/,/name/nm0000432/,/name/nm0000230/",157741.0,90757863.0,0.4255319148936171,0.022409197419535197
Epic,tt0848537,2013.0,,"['Animation', ' Action', ' Adventure']",6.6,/name/nm0917188/,"/name/nm1086543/,/name/nm1242688/,/name/nm0461498/,/name/nm0268199/",106731.0,107518682.0,0.44680851063829785,0.002603372930745621
Ice Age: Dawn of the Dinosaurs,tt1080016,2009.0,,"['Animation', ' Adventure', ' Comedy']",6.9,/name/nm0757858/,"/name/nm0862211/,/name/nm0005380/,/name/nm0000491/,/name/nm0001459/,/name/nm1148186/",249828.0,196573705.0,0.5106382978723406,0.05816412703528046
Horton Hears a Who!,tt0451079,2008.0,,"['Animation', ' Adventure', ' Comedy']",6.8,/name/nm0371755/,"/name/nm0553942/,/name/nm0000120/,/name/nm0136797/,/name/nm0000993/,/name/nm0004715/",143374.0,154529439.0,0.4893617021276596,0.016830873945109796
Kubo and the Two Strings,tt4302938,2016.0,,"['Animation', ' Action', ' Adventure']",7.7,/name/nm1325899/,"/name/nm0000234/,/name/nm3280686/,/name/nm0000190/,/name/nm0000146/",131512.0,48023088.0,0.6808510638297873,0.012225175256891367
Evan Almighty,tt0413099,2007.0,,"['Comedy', ' Family', ' Fantasy']",5.4,/name/nm0001723/,"/name/nm0136797/,/name/nm0000151/,/name/nm0334179/,/name/nm2215447/",149811.0,100462298.0,0.19148936170212777,0.019330189613299138
Ice Age: The Meltdown,tt0438097,2006.0,,"['Animation', ' Adventure', ' Comedy']",6.8,/name/nm0757858/,"/name/nm0005380/,/name/nm0000491/,/name/nm0001459/,/name/nm0005405/",282543.0,195330621.0,0.4893617021276596,0.07086649026113326
The Curse of the Were-Rabbit,tt0312004,2005.0,,"['Animation', ' Adventure', ' Comedy']",7.5,/name/nm0101508/,"/name/nm0661910/,/name/nm0758608/,/name/nm0000307/,/name/nm0000146/,/name/nm0443153/",138628.0,56110897.0,0.6382978723404257,0.014988128541781127
The Sword in the Stone,tt0057546,1963.0,,"['Animation', ' Adventure', ' Comedy']",7.1,/name/nm0718627/,"/name/nm0314671/,/name/nm0359457/,/name/nm0814862/,/name/nm0001982/,/name/nm0842425/,/name/nm0560076/",100466.0,22182353.0,0.5531914893617021,0.00017084028180881032
Dumbo,tt0033563,1941.0,,"['Animation', ' Adventure', ' Drama']",7.2,/name/nm0035899/,"/name/nm0272568/,/name/nm0414144/,/name/nm0455741/,/name/nm0730860/,/name/nm0789313/,/name/nm0254675/,/name/nm0001359/,/name/nm0112395/,/name/nm0082884/,/name/nm0088285/",134652.0,1600000.0,0.5744680851063831,0.013444353631617877
Mr. Bean's Holiday,tt0453451,2007.0,,"['Comedy', ' Family']",6.4,/name/nm0070436/,"/name/nm0000100/,/name/nm0000353/,/name/nm0671487/,/name/nm1372570/",128364.0,33302167.0,0.4042553191489363,0.011002890695222879
The Santa Clause,tt0111070,1994.0,,"['Comedy', ' Drama', ' Family']",6.5,/name/nm0664756/,"/name/nm0000741/,/name/nm0001662/,/name/nm0187724/,/name/nm0005156/",124095.0,144833357.0,0.4255319148936171,0.009345351688309671
The Kid,tt0012349,1921.0,,"['Comedy', ' Drama', ' Family']",8.3,/name/nm0000122/,"/name/nm0000122/,/name/nm0701012/,/name/nm0001067/,/name/nm0588033/",127773.0,5450000.0,0.8085106382978726,0.010773421134884227
Bean,tt0118689,1997.0,,"['Adventure', ' Comedy', ' Family']",6.5,/name/nm0809321/,"/name/nm0000100/,/name/nm0001493/,/name/nm0590055/,/name/nm0715622/",106899.0,45319423.0,0.4255319148936171,0.0026686028565271664
Jingle All the Way,tt0116705,1996.0,,"['Adventure', ' Comedy', ' Family']",5.7,/name/nm0505152/,"/name/nm0000216/,/name/nm0005435/,/name/nm0367005/,/name/nm0001854/",108466.0,60573641.0,0.2553191489361703,0.0032770272237871794
A Christmas Carol,tt1067106,2009.0,,"['Animation', ' Adventure', ' Comedy']",6.8,/name/nm0000709/,"/name/nm0000120/,/name/nm0000198/,/name/nm0000147/,/name/nm0884313/",121207.0,137855863.0,0.4893617021276596,0.00822401820225548
ParaNorman,tt1623288,2012.0,,"['Animation', ' Adventure', ' Comedy']",7.0,/name/nm2752098/,"/name/nm0271402/,/name/nm2240346/,/name/nm0447695/,/name/nm2395586/,/name/nm3235380/",104704.0,56003051.0,0.5319148936170214,0.0018163428143218514
Grave of the Fireflies,tt0095327,1988.0,,"['Animation', ' Drama', ' War']",8.5,/name/nm0847223/,"/name/nm0851302/,/name/nm0794186/,/name/nm0945312/,/name/nm0794002/",282506.0,5017971.0,0.8510638297872342,0.0708521241465266
Princess Mononoke,tt0119698,1997.0,,"['Animation', ' Action', ' Adventure']",8.4,/name/nm0594503/,"/name/nm0559444/,/name/nm0410942/,/name/nm0849100/,/name/nm0001082/",400908.0,2375308.0,0.8297872340425534,0.11682446743454196
"South Park: Bigger, Longer & Uncut",tt0158983,1999.0,,"['Animation', ' Comedy', ' Fantasy']",7.7,/name/nm0005295/,"/name/nm0005295/,/name/nm0001778/,/name/nm0074834/,/name/nm0005002/",207903.0,52037603.0,0.6808510638297873,0.04188576609247507
Sausage Party,tt1700841,2016.0,,"['Animation', ' Adventure', ' Comedy']",6.1,/name/nm0862911/,"/name/nm0970447/,/name/nm0736622/,/name/nm1325419/,/name/nm1706767/,/name/nm0008533/",198871.0,97685686.0,0.3404255319148936,0.03837888103498149
Akira,tt0094625,1988.0,,"['Animation', ' Action', ' Drama']",8.0,/name/nm0960028/,"/name/nm0412628/,/name/nm0765815/,/name/nm0468708/,/name/nm0312656/",190754.0,553171.0,0.7446808510638299,0.03522726610897669
Isle of Dogs,tt5104604,2018.0,,"['Animation', ' Adventure', ' Comedy']",7.8,/name/nm0027572/,"/name/nm0186505/,/name/nm8659025/,/name/nm0001570/,/name/nm0000837/",173872.0,32015231.0,0.7021276595744681,0.02867243511466683
Beowulf,tt0442933,2007.0,,"['Animation', ' Action', ' Adventure']",6.3,/name/nm0000709/,"/name/nm0935653/,/name/nm0000417/,/name/nm0001401/,/name/nm0000705/",170113.0,82161969.0,0.3829787234042553,0.027212915525304745
9,tt0472033,2009.0,,"['Animation', ' Action', ' Adventure']",7.0,/name/nm0009942/,"/name/nm0000704/,/name/nm0000124/,/name/nm0000417/,/name/nm0001626/",142324.0,31743332.0,0.5319148936170214,0.016423186908975134
Nausicaä of the Valley of the Wind,tt0087544,1984.0,,"['Animation', ' Adventure', ' Sci-Fi']",8.0,/name/nm0594503/,"/name/nm0793585/,/name/nm0875332/,/name/nm0477449/,/name/nm0623214/",172168.0,495770.0,0.7446808510638299,0.02801081729602544
Mary and Max,tt0978762,2009.0,,"['Animation', ' Comedy', ' Drama']",8.1,/name/nm0254178/,"/name/nm0001057/,/name/nm0000450/,/name/nm0051509/,/name/nm0402032/",179424.0,5017971.0,0.7659574468085106,0.03082812885239982
The Simpsons Movie,tt0462538,2007.0,,"['Animation', ' Adventure', ' Comedy']",7.3,/name/nm0798899/,"/name/nm0144657/,/name/nm0001413/,/name/nm0004813/,/name/nm0810379/",335685.0,183135014.0,0.5957446808510639,0.09150011356996006
Blade Runner 2049,tt1856101,2017.0,,"['Action', ' Drama', ' Mystery']",8.0,/name/nm0898288/,"/name/nm0000148/,/name/nm0331516/,/name/nm1869101/,/name/nm1176985/",586274.0,92054159.0,0.7446808510638299,0.18879714852038726
Shutter Island,tt1130884,2010.0,,"['Mystery', ' Thriller']",8.2,/name/nm0000217/,"/name/nm0000138/,/name/nm0607865/,/name/nm0749263/,/name/nm0001426/",1332201.0,128012934.0,0.7872340425531914,0.47842073690402465
Gone Girl,tt2267998,2014.0,,"['Drama', ' Mystery', ' Thriller']",8.1,/name/nm0000399/,"/name/nm0000255/,/name/nm0683253/,/name/nm0000439/,/name/nm1347153/",993335.0,167767189.0,0.7659574468085106,0.34684809386896936
The Prestige,tt0482571,2006.0,,"['Drama', ' Mystery', ' Sci-Fi']",8.5,/name/nm0634240/,"/name/nm0000288/,/name/nm0413168/,/name/nm0424060/,/name/nm0000323/",1344449.0,53089891.0,0.8510638297872342,0.48317630911219356
Apocalypse Now,tt0078788,1979.0,,"['Drama', ' Mystery', ' War']",8.5,/name/nm0000338/,"/name/nm0000640/,/name/nm0000008/,/name/nm0000380/,/name/nm0002078/",673330.0,83471511.0,0.8510638297872342,0.2225986748229959
The Lighthouse,tt7984734,2019.0,,"['Drama', ' Fantasy', ' Mystery']",7.4,/name/nm3211470/,"/name/nm1500155/,/name/nm0000353/,/name/nm10840078/,/name/nm11125041/",223508.0,427797.0,0.6170212765957448,0.04794477199617162
The Sixth Sense,tt0167404,1999.0,,"['Drama', ' Mystery', ' Thriller']",8.2,/name/nm0796117/,"/name/nm0000246/,/name/nm0005286/,/name/nm0001057/,/name/nm0931404/",999364.0,293506292.0,0.7872340425531914,0.3491889940031178
Oldboy,tt0364569,2003.0,,"['Action', ' Drama', ' Mystery']",8.4,/name/nm0661791/,"/name/nm0158856/,/name/nm0949167/,/name/nm1367246/,/name/nm1366028/",586033.0,707481.0,0.8297872340425534,0.18870357463876017
Memento,tt0209144,2000.0,,"['Mystery', ' Thriller']",8.4,/name/nm0634240/,"/name/nm0001602/,/name/nm0005251/,/name/nm0001592/,/name/nm0095478/",1247771.0,25544867.0,0.8297872340425534,0.44563881646512044
Eyes Wide Shut,tt0120663,1999.0,,"['Drama', ' Mystery', ' Thriller']",7.5,/name/nm0000040/,"/name/nm0000129/,/name/nm0000173/,/name/nm0276062/,/name/nm0001628/",348395.0,55691208.0,0.6382978723404257,0.0964350680740282
Signs,tt0286106,2002.0,,"['Drama', ' Mystery', ' Sci-Fi']",6.8,/name/nm0796117/,"/name/nm0000154/,/name/nm0001618/,/name/nm0191412/,/name/nm1113550/",368336.0,227966634.0,0.4893617021276596,0.10417762730027703
The Village,tt0368447,2004.0,,"['Drama', ' Mystery', ' Thriller']",6.6,/name/nm0796117/,"/name/nm0000244/,/name/nm0000458/,/name/nm0001618/,/name/nm0397171/",265580.0,114197520.0,0.44680851063829785,0.06428020912403587
Donnie Darko,tt0246578,2001.0,,"['Drama', ' Mystery', ' Sci-Fi']",8.0,/name/nm0446819/,"/name/nm0350453/,/name/nm0540441/,/name/nm0001521/,/name/nm0651660/",809597.0,1480006.0,0.7446808510638299,0.27550752182581667
Arrival,tt2543164,2016.0,,"['Drama', ' Mystery', ' Sci-Fi']",7.9,/name/nm0898288/,"/name/nm0010736/,/name/nm0719637/,/name/nm0001845/,/name/nm0836121/",705564.0,100546139.0,0.7234042553191491,0.23511427855896222
Basic Instinct,tt0103772,1992.0,,"['Drama', ' Mystery', ' Thriller']",7.0,/name/nm0000682/,"/name/nm0000140/,/name/nm0000232/,/name/nm0001169/,/name/nm0000675/",204829.0,117727000.0,0.5319148936170214,0.04069221376001988
Mulholland Drive,tt0166924,2001.0,,"['Drama', ' Mystery', ' Thriller']",7.9,/name/nm0000186/,"/name/nm0915208/,/name/nm0005009/,/name/nm0857620/,/name/nm0060931/",361668.0,7220243.0,0.7234042553191491,0.10158862048413807
Divergent,tt1840309,2014.0,,"['Action', ' Adventure', ' Mystery']",6.6,/name/nm1139726/,"/name/nm0940362/,/name/nm3772243/,/name/nm0000701/,/name/nm2541974/",466121.0,150947895.0,0.44680851063829785,0.14214493856544638
The Father,tt10272386,2020.0,,"['Drama', ' Mystery']",8.2,/name/nm1725469/,"/name/nm0000164/,/name/nm1469236/,/name/nm0309693/,/name/nm0931404/",159972.0,5017971.0,0.7872340425531914,0.023275435302979416
National Treasure,tt0368891,2004.0,,"['Action', ' Adventure', ' Mystery']",6.9,/name/nm0005509/,"/name/nm0000115/,/name/nm1208167/,/name/nm0058581/,/name/nm0000293/",338858.0,173008894.0,0.5106382978723406,0.09273210496582224
The Maze Runner,tt1790864,2014.0,,"['Action', ' Mystery', ' Sci-Fi']",6.8,/name/nm1226871/,"/name/nm3729721/,/name/nm2546012/,/name/nm2401020/,/name/nm1032473/",475471.0,102427862.0,0.4893617021276596,0.1457752945538836
Jack Reacher,tt0790724,2012.0,,"['Action', ' Mystery', ' Thriller']",7.0,/name/nm0003160/,"/name/nm0000129/,/name/nm0683253/,/name/nm0420955/,/name/nm0001348/",346299.0,80070736.0,0.5319148936170214,0.09562124709522987
Prometheus,tt1446714,2012.0,,"['Adventure', ' Mystery', ' Sci-Fi']",7.0,/name/nm0000631/,"/name/nm0636426/,/name/nm1334869/,/name/nm1055413/,/name/nm0000234/",615727.0,126477084.0,0.5319148936170214,0.20023296402064839
Watchmen,tt0409459,2009.0,,"['Action', ' Drama', ' Mystery']",7.6,/name/nm0811583/,"/name/nm0355097/,/name/nm0933940/,/name/nm0001303/,/name/nm0015196/",557372.0,107509799.0,0.6595744680851064,0.1775752716457549
The Game,tt0119174,1997.0,,"['Drama', ' Mystery', ' Thriller']",7.7,/name/nm0000399/,"/name/nm0000140/,/name/nm0000679/,/name/nm0000576/,/name/nm0714310/",403052.0,48323648.0,0.6808510638297873,0.11765692553499217
Quantum of Solace,tt0830515,2008.0,,"['Action', ' Adventure', ' Mystery']",6.6,/name/nm0286975/,"/name/nm0185819/,/name/nm1385871/,/name/nm0023832/,/name/nm0001132/",453757.0,168368427.0,0.44680851063829785,0.13734432664661883
The Devil's Advocate,tt0118971,1997.0,,"['Drama', ' Mystery', ' Thriller']",7.5,/name/nm0000431/,"/name/nm0000206/,/name/nm0000199/,/name/nm0000234/,/name/nm0000470/",377787.0,60984028.0,0.6382978723404257,0.10784719889885673
Unbreakable,tt0217869,2000.0,,"['Drama', ' Mystery', ' Sci-Fi']",7.3,/name/nm0796117/,"/name/nm0000246/,/name/nm0000168/,/name/nm0000705/,/name/nm0004829/",422978.0,95011339.0,0.5957446808510639,0.1253936606607248
The Lives of Others,tt0405094,2006.0,,"['Drama', ' Mystery', ' Thriller']",8.4,/name/nm0003697/,"/name/nm0618057/,/name/nm0311476/,/name/nm0462407/,/name/nm0876300/",392565.0,11286112.0,0.8297872340425534,0.11358510272742627
"I, Robot",tt0343818,2004.0,,"['Action', ' Mystery', ' Sci-Fi']",7.1,/name/nm0001639/,"/name/nm0000226/,/name/nm0005256/,/name/nm0339304/,/name/nm0876138/",547519.0,144801023.0,0.5531914893617021,0.1737496141533408
Incendies,tt1255953,2010.0,,"['Drama', ' Mystery']",8.3,/name/nm0898288/,"/name/nm0044073/,/name/nm0246386/,/name/nm0309945/,/name/nm1323233/",180478.0,6857096.0,0.8085106382978726,0.03123736898200547
Ad Astra,tt2935510,2019.0,,"['Adventure', ' Drama', ' Mystery']",6.5,/name/nm0336695/,"/name/nm0000093/,/name/nm0000169/,/name/nm1550948/,/name/nm0000661/",240628.0,50188370.0,0.4255319148936171,0.05459201205200533
12 Monkeys,tt0114746,1995.0,,"['Mystery', ' Sci-Fi', ' Thriller']",8.0,/name/nm0000416/,"/name/nm0000246/,/name/nm0000656/,/name/nm0000093/,/name/nm0577828/",623501.0,57141459.0,0.7446808510638299,0.20325140118151586
Lady in the Water,tt0452637,2006.0,,"['Drama', ' Fantasy', ' Mystery']",5.5,/name/nm0796117/,"/name/nm0316079/,/name/nm0397171/,/name/nm0942482/,/name/nm0000837/",101053.0,42285169.0,0.21276595744680854,0.00039875674867647314
The Bourne Identity,tt0258463,2002.0,,"['Action', ' Mystery', ' Thriller']",7.9,/name/nm0510731/,"/name/nm0004376/,/name/nm0000354/,/name/nm0177933/,/name/nm0654110/",552407.0,121661683.0,0.7234042553191491,0.17564749437488958
Super 8,tt1650062,2011.0,,"['Action', ' Mystery', ' Sci-Fi']",7.0,/name/nm0009190/,"/name/nm1102577/,/name/nm1404488/,/name/nm0151419/,/name/nm1525807/",357094.0,127004179.0,0.5319148936170214,0.09981265810006193
Sherlock Holmes,tt0988045,2009.0,,"['Action', ' Adventure', ' Mystery']",7.6,/name/nm0005363/,"/name/nm0000375/,/name/nm0000179/,/name/nm1046097/,/name/nm0835016/",641133.0,209028679.0,0.6595744680851064,0.21009743720163618
Chinatown,tt0071315,1974.0,,"['Drama', ' Mystery', ' Thriller']",8.2,/name/nm0000591/,"/name/nm0000197/,/name/nm0001159/,/name/nm0001379/,/name/nm0520164/",330463.0,8486653.0,0.7872340425531914,0.08947255004358369
The Gift,tt4178092,2015.0,,"['Drama', ' Mystery', ' Thriller']",7.0,/name/nm0249291/,"/name/nm0000867/,/name/nm0356017/,/name/nm0249291/,/name/nm2798112/",161695.0,43771291.0,0.5319148936170214,0.023944430315608008
Hot Fuzz,tt0425112,2007.0,,"['Action', ' Comedy', ' Mystery']",7.8,/name/nm0942367/,"/name/nm0670408/,/name/nm0296545/,/name/nm0293509/,/name/nm0631490/",511241.0,23637265.0,0.7021276595744681,0.15966383291820438
Men in Black II,tt0120912,2002.0,,"['Action', ' Adventure', ' Comedy']",6.1,/name/nm0001756/,"/name/nm0000169/,/name/nm0000226/,/name/nm0001800/,/name/nm0001223/",381299.0,190418803.0,0.3404255319148936,0.10921081496638524
Enemy,tt2316411,2013.0,,"['Drama', ' Mystery', ' Thriller']",6.9,/name/nm0898288/,"/name/nm0350453/,/name/nm0491259/,/name/nm0300589/,/name/nm0000618/",198412.0,1007088.0,0.5106382978723406,0.03820066355918548
Contact,tt0118884,1997.0,,"['Drama', ' Mystery', ' Sci-Fi']",7.5,/name/nm0000709/,"/name/nm0000149/,/name/nm0000190/,/name/nm0000643/,/name/nm0000457/",278803.0,100920329.0,0.6382978723404257,0.06941434786575837
The Abyss,tt0096754,1989.0,,"['Adventure', ' Drama', ' Mystery']",7.5,/name/nm0000116/,"/name/nm0000438/,/name/nm0001512/,/name/nm0000299/,/name/nm0122238/",181469.0,54461047.0,0.6382978723404257,0.03162214788944304
Cloud Atlas,tt1371111,2012.0,,"['Drama', ' Mystery', ' Sci-Fi']",7.4,/name/nm0878756/,"/name/nm0905154/,/name/nm0905152/,/name/nm0000158/,/name/nm0000932/,/name/nm0000424/,/name/nm0915989/",365228.0,27108272.0,0.6170212765957448,0.10297087367331843
Source Code,tt0945513,2011.0,,"['Action', ' Drama', ' Mystery']",7.5,/name/nm1512910/,"/name/nm0350453/,/name/nm1157358/,/name/nm0267812/,/name/nm0942482/",526230.0,54712227.0,0.6382978723404257,0.16548366242736862
Rear Window,tt0047396,1954.0,,"['Mystery', ' Thriller']",8.5,/name/nm0000033/,"/name/nm0000071/,/name/nm0000038/,/name/nm0179819/,/name/nm0728812/",495801.0,36764313.0,0.8510638297872342,0.15366889212018614
Knowing,tt0448011,2009.0,,"['Action', ' Mystery', ' Sci-Fi']",6.2,/name/nm0001639/,"/name/nm0000115/,/name/nm2425105/,/name/nm0126284/,/name/nm3041648/",237432.0,79957634.0,0.36170212765957455,0.053351090368684975
The Da Vinci Code,tt0382625,2006.0,,"['Mystery', ' Thriller']",6.6,/name/nm0000165/,"/name/nm0000158/,/name/nm0851582/,/name/nm0000606/,/name/nm0005212/",438723.0,217536138.0,0.44680851063829785,0.13150702483590596
Moon,tt1182345,2009.0,,"['Drama', ' Mystery', ' Sci-Fi']",7.8,/name/nm1512910/,"/name/nm0005377/,/name/nm0000228/,/name/nm1069800/,/name/nm3675884/",363206.0,5009677.0,0.7021276595744681,0.1021857849237334
Citizen Kane,tt0033467,1941.0,,"['Drama', ' Mystery']",8.3,/name/nm0000080/,"/name/nm0000080/,/name/nm0001072/,/name/nm0173827/,/name/nm0001547/",445675.0,1585634.0,0.8085106382978726,0.13420630128848518
Dark City,tt0118929,1998.0,,"['Fantasy', ' Mystery', ' Sci-Fi']",7.6,/name/nm0001639/,"/name/nm0001722/,/name/nm0000662/,/name/nm0000124/,/name/nm0000458/",202722.0,14378331.0,0.6595744680851064,0.039874121774176326
Identity,tt0309698,2003.0,,"['Mystery', ' Thriller']",7.3,/name/nm0003506/,"/name/nm0000131/,/name/nm0000501/,/name/nm0001605/,/name/nm0370035/",253155.0,52159536.0,0.5957446808510639,0.059455912529775716
Insomnia,tt0278504,2002.0,,"['Drama', ' Mystery', ' Thriller']",7.2,/name/nm0634240/,"/name/nm0000199/,/name/nm0000245/,/name/nm0005476/,/name/nm0233027/",299477.0,67355513.0,0.5744680851063831,0.07744151147056597
The Firm,tt0106918,1993.0,,"['Drama', ' Mystery', ' Thriller']",6.8,/name/nm0001628/,"/name/nm0000129/,/name/nm0000675/,/name/nm0000432/,/name/nm0001358/",138344.0,158348367.0,0.4893617021276596,0.014877858905340895
The Bourne Supremacy,tt0372183,2004.0,,"['Action', ' Mystery', ' Thriller']",7.7,/name/nm0339030/,"/name/nm0000354/,/name/nm0004376/,/name/nm0000260/,/name/nm0004051/",468505.0,176241941.0,0.6808510638297873,0.14307058227415595
Coherence,tt2866360,2013.0,,"['Drama', ' Mystery', ' Sci-Fi']",7.2,/name/nm0126096/,"/name/nm2032150/,/name/nm0827561/,/name/nm0107183/,/name/nm0001286/",131840.0,68877.0,0.5744680851063831,0.01235252892151248
Triangle,tt1187064,2009.0,,"['Fantasy', ' Mystery', ' Sci-Fi']",6.9,/name/nm1247462/,"/name/nm0313534/,/name/nm3620280/,/name/nm3815288/,/name/nm1168915/",119293.0,5017971.0,0.5106382978723406,0.007480862976387155
National Treasure: Book of Secrets,tt0465234,2007.0,,"['Action', ' Adventure', ' Mystery']",6.5,/name/nm0005509/,"/name/nm0000115/,/name/nm1208167/,/name/nm0058581/,/name/nm0000685/",242334.0,219964115.0,0.4255319148936171,0.055254406417382225
We Need to Talk About Kevin,tt1242460,2011.0,,"['Drama', ' Mystery', ' Thriller']",7.5,/name/nm0708903/,"/name/nm0842770/,/name/nm0000604/,/name/nm3009232/,/name/nm3838127/",158153.0,1738692.0,0.6382978723404257,0.022569166047047083
Tinker Tailor Soldier Spy,tt1340800,2011.0,,"['Drama', ' Mystery', ' Thriller']",7.0,/name/nm0019247/,"/name/nm0000198/,/name/nm0000147/,/name/nm0362766/,/name/nm0835016/",204605.0,24149393.0,0.5319148936170214,0.04060524052564449
North by Northwest,tt0053125,1959.0,,"['Action', ' Adventure', ' Mystery']",8.3,/name/nm0000033/,"/name/nm0000026/,/name/nm0001693/,/name/nm0000051/,/name/nm0484829/",331083.0,13275000.0,0.8085106382978726,0.089713279531587
The Conversation,tt0071360,1974.0,,"['Drama', ' Mystery', ' Thriller']",7.8,/name/nm0000338/,"/name/nm0000432/,/name/nm0001030/,/name/nm0307255/,/name/nm0002078/",114197.0,4420000.0,0.7021276595744681,0.005502221894346934
Lost Highway,tt0116922,1997.0,,"['Mystery', ' Thriller']",7.6,/name/nm0000186/,"/name/nm0000597/,/name/nm0000099/,/name/nm0741803/,/name/nm0258388/",145323.0,3796699.0,0.6595744680851064,0.017587618738849273
Angels & Demons,tt0808151,2009.0,,"['Action', ' Mystery', ' Thriller']",6.7,/name/nm0000165/,"/name/nm0000158/,/name/nm0000191/,/name/nm0957909/,/name/nm0001745/",297430.0,133375846.0,0.46808510638297884,0.07664671588678725
The Guest,tt2980592,2014.0,,"['Action', ' Mystery', ' Thriller']",6.7,/name/nm1417392/,"/name/nm1405398/,/name/nm0445992/,/name/nm2140860/,/name/nm0601376/",102267.0,322600.0,0.46808510638297884,0.0008701206171216907
Allegiant,tt3410834,2016.0,,"['Action', ' Adventure', ' Mystery']",5.7,/name/nm0777881/,"/name/nm0940362/,/name/nm3772243/,/name/nm0001099/,/name/nm0915208/",125325.0,66184051.0,0.2553191489361703,0.009822927930638846
The Bourne Ultimatum,tt0440963,2007.0,,"['Action', ' Mystery', ' Thriller']",8.0,/name/nm0339030/,"/name/nm0000354/,/name/nm1183149/,/name/nm0000260/,/name/nm0005466/",639211.0,227471070.0,0.7446808510638299,0.2093511757888259
"Hail, Caesar!",tt0475290,2016.0,,"['Comedy', ' Drama', ' Mystery']",6.3,/name/nm0001053/,"/name/nm0001054/,/name/nm0000982/,/name/nm0000123/,/name/nm2403277/,/name/nm0000146/",137318.0,30498085.0,0.3829787234042553,0.014479490430032169
The Ninth Gate,tt0142688,1999.0,,"['Mystery', ' Thriller']",6.7,/name/nm0000591/,"/name/nm0000136/,/name/nm0001449/,/name/nm0000565/,/name/nm0782561/",186007.0,18661336.0,0.46808510638297884,0.03338413243228027
Sherlock Holmes: A Game of Shadows,tt1515091,2011.0,,"['Action', ' Adventure', ' Mystery']",7.4,/name/nm0005363/,"/name/nm0000375/,/name/nm0000179/,/name/nm0364813/,/name/nm1046097/",460673.0,186848418.0,0.6170212765957448,0.14002962525795912
The Man from Earth,tt0756683,2007.0,,"['Drama', ' Fantasy', ' Mystery']",7.9,/name/nm0770942/,"/name/nm0807900/,/name/nm0865302/,/name/nm0082517/,/name/nm0186761/",190135.0,5017971.0,0.7234042553191491,0.03498692489434111
"Dude, Where's My Car?",tt0242423,2000.0,,"['Comedy', ' Mystery', ' Sci-Fi']",5.5,/name/nm0500444/,"/name/nm0005110/,/name/nm0005405/,/name/nm0004950/,/name/nm0005448/",141735.0,46729800.0,0.21276595744680854,0.016194493895371975
The Name of the Rose,tt0091605,1986.0,,"['Drama', ' Mystery', ' Thriller']",7.7,/name/nm0000269/,"/name/nm0000125/,/name/nm0000225/,/name/nm0702818/,/name/nm0059946/",110673.0,7153487.0,0.6808510638297873,0.004133946546405462
Non-Stop,tt2024469,2014.0,,"['Action', ' Mystery', ' Thriller']",6.9,/name/nm1429471/,"/name/nm0000553/,/name/nm0000194/,/name/nm1058940/,/name/nm1890784/",267684.0,92168600.0,0.5106382978723406,0.06509713628977618
Winter's Bone,tt1399683,2010.0,,"['Drama', ' Mystery']",7.1,/name/nm0335138/,"/name/nm2225369/,/name/nm0370035/,/name/nm0226813/,/name/nm3493212/",144980.0,6531503.0,0.5531914893617021,0.017454440973711953
Unknown,tt1401152,2011.0,,"['Action', ' Mystery', ' Thriller']",6.8,/name/nm1429471/,"/name/nm0000553/,/name/nm1208167/,/name/nm0005064/,/name/nm0001644/",263780.0,63686397.0,0.4893617021276596,0.06358131706209073
The Imaginarium of Doctor Parnassus,tt1054606,2009.0,,"['Adventure', ' Comedy', ' Fantasy']",6.8,/name/nm0000416/,"/name/nm0001626/,/name/nm2178959/,/name/nm0005132/,/name/nm1940449/",150866.0,7689607.0,0.4893617021276596,0.019739818016272538
Eagle Eye,tt1059786,2008.0,,"['Action', ' Mystery', ' Thriller']",6.6,/name/nm0142286/,"/name/nm0479471/,/name/nm1157358/,/name/nm0206257/,/name/nm0004821/",189319.0,101111837.0,0.44680851063829785,0.03467009382625932
Doubt,tt0918927,2008.0,,"['Drama', ' Mystery']",7.5,/name/nm0788234/,"/name/nm0000658/,/name/nm0000450/,/name/nm0010736/,/name/nm0205626/",131419.0,33422556.0,0.6382978723404257,0.012189065833690869
Buried,tt1462758,2010.0,,"['Drama', ' Mystery', ' Thriller']",7.0,/name/nm0181579/,"/name/nm0005351/,/name/nm0305825/,/name/nm1746358/,/name/nm0864997/",163109.0,1028658.0,0.5319148936170214,0.024493448857602684
The Commuter,tt1590193,2018.0,,"['Action', ' Mystery', ' Thriller']",6.3,/name/nm1429471/,"/name/nm0000553/,/name/nm0267812/,/name/nm0933940/,/name/nm0052186/",118160.0,36343858.0,0.3829787234042553,0.007040949250729469
Paycheck,tt0338337,2003.0,,"['Action', ' Mystery', ' Sci-Fi']",6.3,/name/nm0000247/,"/name/nm0000255/,/name/nm0001173/,/name/nm0000235/,/name/nm0355910/",110073.0,53790451.0,0.3829787234042553,0.0039009825257570845
Flightplan,tt0408790,2005.0,,"['Drama', ' Mystery', ' Thriller']",6.3,/name/nm0777881/,"/name/nm0000149/,/name/nm0765597/,/name/nm0000293/,/name/nm0063571/",165007.0,89707299.0,0.3829787234042553,0.02523039170958705
The X Files,tt0120902,1998.0,,"['Drama', ' Mystery', ' Sci-Fi']",7.0,/name/nm0101385/,"/name/nm0000141/,/name/nm0000096/,/name/nm0627453/,/name/nm0205657/",107022.0,83898313.0,0.5319148936170214,0.0027163604807600838
K-PAX,tt0272152,2001.0,,"['Drama', ' Mystery', ' Sci-Fi']",7.4,/name/nm0812200/,"/name/nm0000228/,/name/nm0000313/,/name/nm0005203/,/name/nm0005569/",186436.0,50338485.0,0.6170212765957448,0.03355070170704386
Secret Window,tt0363988,2004.0,,"['Drama', ' Mystery', ' Thriller']",6.5,/name/nm0462895/,"/name/nm0000136/,/name/nm0004742/,/name/nm0001806/,/name/nm0000459/",199948.0,48022900.0,0.4255319148936171,0.038797051452045324
Conspiracy Theory,tt0118883,1997.0,,"['Action', ' Mystery', ' Thriller']",6.7,/name/nm0001149/,"/name/nm0000154/,/name/nm0000210/,/name/nm0001772/,/name/nm0185475/",102471.0,75982834.0,0.46808510638297884,0.0009493283841421391
Extremely Loud & Incredibly Close,tt0477302,2011.0,,"['Adventure', ' Drama', ' Mystery']",6.9,/name/nm0197636/,"/name/nm4223385/,/name/nm0000158/,/name/nm0000113/,/name/nm0001884/",103083.0,31847881.0,0.5106382978723406,0.0011869516852034843
The Jacket,tt0366627,2005.0,,"['Drama', ' Fantasy', ' Mystery']",7.1,/name/nm0562266/,"/name/nm0004778/,/name/nm0461136/,/name/nm0185819/,/name/nm0001434/",115196.0,6303762.0,0.5531914893617021,0.005890106988726483
The Manchurian Candidate,tt0368008,2004.0,,"['Drama', ' Mystery', ' Sci-Fi']",6.6,/name/nm0001129/,"/name/nm0000243/,/name/nm0000630/,/name/nm0000658/,/name/nm0253708/",112414.0,65955630.0,0.44680851063829785,0.004809930479653505
Black Mirror: Bandersnatch,tt9495224,2018.0,,"['Drama', ' Fantasy', ' Mystery']",7.1,/name/nm1720541/,"/name/nm7887725/,/name/nm0971135/,/name/nm1546686/,/name/nm5219130/",128791.0,5017971.0,0.5531914893617021,0.011168683423250975
Self/less,tt2140379,2015.0,,"['Action', ' Mystery', ' Sci-Fi']",6.5,/name/nm0802248/,"/name/nm0005351/,/name/nm2358540/,/name/nm0328828/,/name/nm0001426/",100772.0,12276810.0,0.4255319148936171,0.00028965193233948294
The 6th Day,tt0216216,2000.0,,"['Action', ' Mystery', ' Sci-Fi']",5.9,/name/nm0006854/,"/name/nm0000216/,/name/nm0001650/,/name/nm0001282/,/name/nm0740264/",124152.0,34604280.0,0.297872340425532,0.009367483270271267
Sphere,tt0120184,1998.0,,"['Action', ' Mystery', ' Sci-Fi']",6.1,/name/nm0001469/,"/name/nm0000163/,/name/nm0000232/,/name/nm0000168/,/name/nm0001075/",108221.0,37020277.0,0.3404255319148936,0.003181900248689092
Ford v Ferrari,tt1950186,2019.0,,"['Action', ' Biography', ' Drama']",8.1,/name/nm0003506/,"/name/nm0000354/,/name/nm0000288/,/name/nm1256532/,/name/nm1495520/",403381.0,117624028.0,0.7659574468085106,0.11778466747298103
Rocky,tt0075148,1976.0,,"['Drama', ' Sport']",8.1,/name/nm0000814/,"/name/nm0000230/,/name/nm0001735/,/name/nm0949350/,/name/nm0001835/",584389.0,117235247.0,0.7659574468085106,0.18806525322218362
Happy Gilmore,tt0116483,1996.0,,"['Comedy', ' Sport']",7.0,/name/nm0240797/,"/name/nm0001191/,/name/nm0001520/,/name/nm0100866/,/name/nm0062844/",230812.0,38624000.0,0.5319148936170214,0.05078072067419787
Hustle,tt8009428,2022.0,,"['Comedy', ' Drama', ' Sport']",7.3,/name/nm1476102/,"/name/nm0001191/,/name/nm0001451/,/name/nm12373736/,/name/nm0004936/",125587.0,5017971.0,0.5957446808510639,0.009924655552988637
Creed,tt3076658,2015.0,,"['Action', ' Drama', ' Sport']",7.6,/name/nm3363032/,"/name/nm0430107/,/name/nm0000230/,/name/nm1935086/,/name/nm0711118/",279120.0,109767581.0,0.6595744680851064,0.06953743052333426
Moneyball,tt1210166,2011.0,,"['Biography', ' Drama', ' Sport']",7.6,/name/nm0587955/,"/name/nm0000093/,/name/nm0000705/,/name/nm1706767/,/name/nm0000450/",430536.0,75605492.0,0.6595744680851064,0.12832823077415886
Warrior,tt1291584,2011.0,,"['Action', ' Drama', ' Sport']",8.2,/name/nm0640334/,"/name/nm0362766/,/name/nm0000560/,/name/nm0249291/,/name/nm0607185/",476838.0,13657115.0,0.7872340425531914,0.14630606424759415
Creed II,tt6343314,2018.0,,"['Action', ' Drama', ' Sport']",7.1,/name/nm4023702/,"/name/nm0430107/,/name/nm0000230/,/name/nm1935086/,/name/nm0711118/",129259.0,115715889.0,0.5531914893617021,0.011350395359356709
Talladega Nights: The Ballad of Ricky Bobby,tt0415306,2006.0,,"['Comedy', ' Sport']",6.6,/name/nm0570912/,"/name/nm0002071/,/name/nm0000604/,/name/nm0056187/,/name/nm0170550/",188485.0,148213377.0,0.44680851063829785,0.03434627383755807
The Blind Side,tt0878804,2009.0,,"['Biography', ' Drama', ' Sport']",7.6,/name/nm0359387/,"/name/nm2466842/,/name/nm0000113/,/name/nm0005210/,/name/nm2052567/",338059.0,255959475.0,0.6595744680851064,0.09242187454499215
Remember the Titans,tt0210945,2000.0,,"['Biography', ' Drama', ' Sport']",7.8,/name/nm0945026/,"/name/nm0000243/,/name/nm0001599/,/name/nm0365445/,/name/nm0403652/",219136.0,115654751.0,0.7021276595744681,0.046247240832380444
Dodgeball: A True Underdog Story,tt0364725,2004.0,,"['Comedy', ' Sport']",6.7,/name/nm1098493/,"/name/nm0001774/,/name/nm0852132/,/name/nm0000681/,/name/nm0001800/",254439.0,114326736.0,0.46808510638297884,0.059954455533963245
"I, Tonya",tt5580036,2017.0,,"['Biography', ' Comedy', ' Drama']",7.5,/name/nm0318916/,"/name/nm3053338/,/name/nm1659221/,/name/nm0005049/,/name/nm0629855/",222315.0,30014539.0,0.6382978723404257,0.0474815618684491
A League of Their Own,tt0104694,1992.0,,"['Comedy', ' Drama', ' Sport']",7.3,/name/nm0001508/,"/name/nm0000158/,/name/nm0000133/,/name/nm0001614/,/name/nm0000187/",111660.0,107533928.0,0.5957446808510639,0.004517172360372044
Unbroken,tt1809398,2014.0,,"['Action', ' Biography', ' Drama']",7.2,/name/nm0001401/,"/name/nm1925239/,/name/nm2032193/,/name/nm1727304/,/name/nm1330560/",171332.0,115637895.0,0.5744680851063831,0.0276862207605887
The Waterboy,tt0120484,1998.0,,"['Comedy', ' Sport']",6.1,/name/nm0178997/,"/name/nm0001191/,/name/nm0000870/,/name/nm0001857/,/name/nm0000103/",168097.0,161491646.0,0.3404255319148936,0.026430156415926196
Rocky IV,tt0089927,1985.0,,"['Drama', ' Sport']",6.8,/name/nm0000230/,"/name/nm0000230/,/name/nm0001735/,/name/nm0949350/,/name/nm0001835/",209903.0,127873716.0,0.4893617021276596,0.04266231282796966
Coach Carter,tt0393162,2005.0,,"['Biography', ' Drama', ' Sport']",7.3,/name/nm0141961/,"/name/nm0000168/,/name/nm0327779/,/name/nm0722647/,/name/nm0114532/",154608.0,67264877.0,0.5957446808510639,0.02119273695838292
Rocky Balboa,tt0479143,2006.0,,"['Action', ' Drama', ' Sport']",7.1,/name/nm0000230/,"/name/nm0000230/,/name/nm1620989/,/name/nm0893257/,/name/nm0949350/",219718.0,70270943.0,0.5531914893617021,0.04647321593240937
Rush,tt1979320,2013.0,,"['Action', ' Biography', ' Drama']",8.1,/name/nm0000165/,"/name/nm0117709/,/name/nm1165110/,/name/nm1312575/,/name/nm0487884/",484813.0,26947624.0,0.7659574468085106,0.14940254435537884
The Wrestler,tt1125849,2008.0,,"['Drama', ' Sport']",7.9,/name/nm0004716/,"/name/nm0000620/,/name/nm0000673/,/name/nm0939697/,/name/nm0546797/",309583.0,26236603.0,0.7234042553191491,0.08136540212502014
Million Dollar Baby,tt0405159,2004.0,,"['Drama', ' Sport']",8.1,/name/nm0000142/,"/name/nm0005476/,/name/nm0000142/,/name/nm0000151/,/name/nm0059431/",692544.0,100492203.0,0.7659574468085106,0.23005895931089243
Raging Bull,tt0081398,1980.0,,"['Biography', ' Drama', ' Sport']",8.2,/name/nm0000217/,"/name/nm0000134/,/name/nm0001550/,/name/nm0000582/,/name/nm0898634/",357886.0,23383987.0,0.7872340425531914,0.10012017060731779
King Richard,tt9620288,2021.0,,"['Biography', ' Drama', ' Sport']",7.5,/name/nm3232264/,"/name/nm0000226/,/name/nm0254712/,/name/nm1256532/,/name/nm5181138/",117846.0,5017971.0,0.6382978723404257,0.006919031413256818
The Fighter,tt0964517,2010.0,,"['Action', ' Biography', ' Drama']",7.8,/name/nm0751102/,"/name/nm0000242/,/name/nm0000288/,/name/nm0010736/,/name/nm0502425/",372823.0,93617009.0,0.7021276595744681,0.10591980990135916
Caddyshack,tt0080487,1980.0,,"['Comedy', ' Sport']",7.2,/name/nm0000601/,"/name/nm0000331/,/name/nm0001098/,/name/nm0000195/,/name/nm0461095/",120597.0,39846344.0,0.5744680851063831,0.007987171447929629
Rocky V,tt0100507,1990.0,,"['Drama', ' Sport']",5.3,/name/nm0000814/,"/name/nm0000230/,/name/nm0001735/,/name/nm0949350/,/name/nm0821739/",140501.0,40946358.0,0.1702127659574468,0.01571536455957181
Rocky III,tt0084602,1982.0,,"['Drama', ' Sport']",6.8,/name/nm0000230/,"/name/nm0000230/,/name/nm0001735/,/name/nm0949350/,/name/nm0001835/",195553.0,125049125.0,0.4893617021276596,0.03709059000079596
Rocky II,tt0079817,1979.0,,"['Drama', ' Sport']",7.3,/name/nm0000230/,"/name/nm0000230/,/name/nm0001735/,/name/nm0949350/,/name/nm0001835/",214338.0,5017971.0,0.5957446808510639,0.04438430521392892
Real Steel,tt0433035,2011.0,,"['Action', ' Drama', ' Sci-Fi']",7.0,/name/nm0506613/,"/name/nm0413168/,/name/nm1431940/,/name/nm2023672/,/name/nm1107001/",335114.0,85468508.0,0.5319148936170214,0.09127840947697637
Any Given Sunday,tt0146838,1999.0,,"['Drama', ' Sport']",6.9,/name/nm0000231/,"/name/nm0000199/,/name/nm0000598/,/name/nm0000139/,/name/nm0000249/",121773.0,75530832.0,0.5106382978723406,0.00844378092840045
Never Back Down,tt1023111,2008.0,,"['Action', ' Drama', ' Sport']",6.5,/name/nm0905592/,"/name/nm0267511/,/name/nm0005023/,/name/nm1720028/,/name/nm1544217/",103018.0,24850922.0,0.4255319148936171,0.00116171391629991
Blades of Glory,tt0445934,2006.0,,"['Comedy', ' Sport']",6.3,/name/nm0330347/,"/name/nm0817447/,/name/nm0002071/,/name/nm1417647/,/name/nm0688132/,/name/nm0004715/",171432.0,118594548.0,0.3829787234042553,0.02772504809736343
Ali,tt0248667,2001.0,,"['Biography', ' Drama', ' Sport']",6.7,/name/nm0000520/,"/name/nm0000226/,/name/nm0004937/,/name/nm0000685/,/name/nm0005522/",101562.0,58203105.0,0.46808510638297884,0.0005963878928598469
Dangal,tt5074352,2016.0,,"['Action', ' Biography', ' Drama']",8.3,/name/nm4318159/,"/name/nm0451148/,/name/nm2799219/,/name/nm0760778/,/name/nm7621667/",193894.0,12391761.0,0.8085106382978726,0.0364464444837032
Lagaan: Once Upon a Time in India,tt0169102,2001.0,,"['Drama', ' Musical', ' Sport']",8.1,/name/nm0332950/,"/name/nm0451148/,/name/nm0944834/,/name/nm0961737/,/name/nm0791226/",115872.0,70147.0,0.7659574468085106,0.006152579785323655
Black Panther: Wakanda Forever,tt9114286,2022.0,,"['Action', ' Adventure', ' Drama']",6.9,/name/nm3363032/,"/name/nm4004793/,/name/nm2143282/,/name/nm1775091/,/name/nm6328300/",204835.0,5017971.0,0.5106382978723406,0.040694543400226366
Avatar: The Way of Water,tt1630029,2022.0,,"['Action', ' Adventure', ' Fantasy']",7.8,/name/nm0000116/,"/name/nm0941777/,/name/nm0757855/,/name/nm0000244/,/name/nm0002332/",295119.0,5017971.0,0.7021276595744681,0.07574941613392325
Everything Everywhere All at Once,tt6710474,2022.0,,"['Action', ' Adventure', ' Comedy']",8.0,/name/nm3453283/,"/name/nm3215397/,/name/nm0000706/,/name/nm3513533/,/name/nm0000130/,/name/nm0702841/",327858.0,5017971.0,0.7446808510638299,0.08846109792060199
Pathaan,tt12844910,2023.0,,"['Action', ' Adventure', ' Drama']",6.6,/name/nm1893457/,"/name/nm0451321/,/name/nm2138653/,/name/nm1303433/,/name/nm0438092/",120080.0,5017971.0,0.44680851063829785,0.007786434116804277
Black Panther,tt1825683,2018.0,,"['Action', ' Adventure', ' Sci-Fi']",7.3,/name/nm3363032/,"/name/nm1569276/,/name/nm0430107/,/name/nm2143282/,/name/nm1775091/",785813.0,700059566.0,0.5957446808510639,0.266272828047315
Avatar,tt0499549,2009.0,,"['Action', ' Adventure', ' Fantasy']",7.9,/name/nm0000116/,"/name/nm0941777/,/name/nm0757855/,/name/nm0000244/,/name/nm0735442/",1322694.0,760507625.0,0.7234042553191491,0.4747294219968511
Black Adam,tt6443346,2022.0,,"['Action', ' Adventure', ' Fantasy']",6.4,/name/nm1429471/,"/name/nm0425005/,/name/nm0388038/,/name/nm0000112/,/name/nm3170207/",222934.0,5017971.0,0.4042553191489363,0.047721903083084674
Interstellar,tt0816692,2014.0,,"['Adventure', ' Drama', ' Sci-Fi']",8.6,/name/nm0634240/,"/name/nm0000190/,/name/nm0004266/,/name/nm1567113/,/name/nm3237775/",1859256.0,188020017.0,0.8723404255319149,0.6830621567420758
Jurassic World: Dominion,tt8041270,2022.0,,"['Action', ' Adventure', ' Sci-Fi']",5.6,/name/nm1119880/,"/name/nm0695435/,/name/nm0397171/,/name/nm0000368/,/name/nm0000554/",171780.0,5017971.0,0.2340425531914893,0.02786016722933949
The Hunger Games,tt1392170,2012.0,,"['Action', ' Adventure', ' Sci-Fi']",7.2,/name/nm0002657/,"/name/nm2225369/,/name/nm1242688/,/name/nm2955013/,/name/nm0001804/",927499.0,408010692.0,0.5744680851063831,0.3212857284299584
Dune,tt1160419,2021.0,,"['Action', ' Adventure', ' Drama']",8.0,/name/nm0898288/,"/name/nm3154303/,/name/nm0272581/,/name/nm3918035/,/name/nm1209966/",649342.0,108327830.0,0.7446808510638299,0.21328477327747375
RRR,tt8178634,2022.0,,"['Action', ' Adventure', ' Drama']",7.9,/name/nm1442514/,"/name/nm1694524/,/name/nm2776304/,/name/nm0222426/,/name/nm1017633/",135454.0,5017971.0,0.7234042553191491,0.013755748872551208
The Lord of the Rings: The Fellowship of the Ring,tt0120737,2001.0,,"['Action', ' Adventure', ' Drama']",8.8,/name/nm0001392/,"/name/nm0000704/,/name/nm0005212/,/name/nm0089217/,/name/nm0000293/",1889727.0,315544750.0,0.9148936170212769,0.6948932345307037
Inception,tt1375666,2010.0,,"['Action', ' Adventure', ' Sci-Fi']",8.8,/name/nm0634240/,"/name/nm0000138/,/name/nm0330687/,/name/nm0680983/,/name/nm0913822/",2373682.0,292576195.0,0.9148936170212769,0.8828000722188464
Spider-Man: No Way Home,tt10872600,2021.0,,"['Action', ' Adventure', ' Fantasy']",8.2,/name/nm1218281/,"/name/nm4043618/,/name/nm3918035/,/name/nm1212722/,/name/nm8188622/",770492.0,804747988.0,0.7872340425531914,0.26032409178005866
Gladiator,tt0172495,2000.0,,"['Action', ' Adventure', ' Drama']",8.5,/name/nm0000631/,"/name/nm0000128/,/name/nm0001618/,/name/nm0001567/,/name/nm0001657/",1512747.0,187705427.0,0.8510638297872342,0.5485219403573279
Avengers: Endgame,tt4154796,2019.0,,"['Action', ' Adventure', ' Drama']",8.4,/name/nm0751577/,"/name/nm0751648/,/name/nm0000375/,/name/nm0262635/,/name/nm0749263/,/name/nm1165110/",1148100.0,858373000.0,0.8297872340425534,0.4069392216283797
Raiders of the Lost Ark,tt0082971,1981.0,,"['Action', ' Adventure']",8.4,/name/nm0000229/,"/name/nm0000148/,/name/nm0000261/,/name/nm0293550/,/name/nm0722636/",974011.0,248159971.0,0.8297872340425534,0.3393450993106206
Independence Day,tt0116629,1996.0,,"['Action', ' Adventure', ' Sci-Fi']",7.0,/name/nm0000386/,"/name/nm0000226/,/name/nm0000597/,/name/nm0000156/,/name/nm0001521/",580884.0,306169255.0,0.5319148936170214,0.18670435506822933
Inglourious Basterds,tt0361748,2009.0,,"['Adventure', ' Drama', ' War']",8.3,/name/nm0000233/,"/name/nm0000093/,/name/nm1208167/,/name/nm0744834/,/name/nm0491259/",1464903.0,120540719.0,0.8085106382978726,0.5299453893508264
No Time to Die,tt2382320,2021.0,,"['Action', ' Adventure', ' Thriller']",7.3,/name/nm1560977/,"/name/nm0185819/,/name/nm1869101/,/name/nm1785339/,/name/nm2244205/",409290.0,160869031.0,0.5957446808510639,0.1200789748029998
Uncharted,tt1464335,2022.0,,"['Action', ' Adventure']",6.3,/name/nm0281508/,"/name/nm4043618/,/name/nm0000242/,/name/nm0000104/,/name/nm1496115/",218026.0,5017971.0,0.3829787234042553,0.045816257394180944
The Suicide Squad,tt6334354,2021.0,,"['Action', ' Adventure', ' Comedy']",7.2,/name/nm0348181/,"/name/nm3053338/,/name/nm0252961/,/name/nm1078479/,/name/nm1172478/",359784.0,55817425.0,0.5744680851063831,0.10085711345930215
The Mummy,tt0120616,1999.0,,"['Action', ' Adventure', ' Fantasy']",7.1,/name/nm0814085/,"/name/nm0000409/,/name/nm0001838/,/name/nm0001314/,/name/nm0903677/",436705.0,155247825.0,0.5531914893617021,0.13072348917979193
Back to the Future,tt0088763,1985.0,,"['Adventure', ' Comedy', ' Sci-Fi']",8.5,/name/nm0000709/,"/name/nm0000150/,/name/nm0000502/,/name/nm0000670/,/name/nm0000417/",1217078.0,210609762.0,0.8510638297872342,0.43372154198885265
Jurassic Park,tt0107290,1993.0,,"['Action', ' Adventure', ' Sci-Fi']",8.2,/name/nm0000229/,"/name/nm0000554/,/name/nm0000368/,/name/nm0000156/,/name/nm0000277/",998360.0,402453882.0,0.7872340425531914,0.34879916754189955
Edge of Tomorrow,tt1631867,2014.0,,"['Action', ' Adventure', ' Sci-Fi']",7.9,/name/nm0510731/,"/name/nm0000129/,/name/nm1289434/,/name/nm0000200/,/name/nm0322407/",687691.0,100206256.0,0.7234042553191491,0.2281746686572148
Dances with Wolves,tt0099348,1990.0,,"['Adventure', ' Drama', ' Western']",8.0,/name/nm0000126/,"/name/nm0000126/,/name/nm0001521/,/name/nm0001295/,/name/nm0002110/",270548.0,184208848.0,0.7446808510638299,0.06620915121500444
The Lord of the Rings: The Return of the King,tt0167260,2003.0,,"['Action', ' Adventure', ' Drama']",9.0,/name/nm0001392/,"/name/nm0000704/,/name/nm0001557/,/name/nm0005212/,/name/nm0089217/",1860374.0,377845905.0,0.9574468085106385,0.6834962463672173
The Hunger Games: Catching Fire,tt1951264,2013.0,,"['Action', ' Adventure', ' Sci-Fi']",7.5,/name/nm1349376/,"/name/nm2225369/,/name/nm1242688/,/name/nm2955013/,/name/nm0000450/",672299.0,424668047.0,0.6382978723404257,0.2221983649808484
The King's Man,tt6856242,2021.0,,"['Action', ' Adventure', ' Thriller']",6.3,/name/nm0891216/,"/name/nm0000146/,/name/nm2605345/,/name/nm0406975/,/name/nm6170168/",151685.0,5017971.0,0.3829787234042553,0.020057813904457572
Eternals,tt9032400,2021.0,,"['Action', ' Adventure', ' Fantasy']",6.3,/name/nm2125482/,"/name/nm2110418/,/name/nm0534635/,/name/nm0001401/,/name/nm0000161/",348052.0,164870234.0,0.3829787234042553,0.09630189030889087
Guardians of the Galaxy,tt2015381,2014.0,,"['Action', ' Adventure', ' Comedy']",8.0,/name/nm0348181/,"/name/nm0695435/,/name/nm0004874/,/name/nm0177896/,/name/nm0757855/",1189915.0,333176600.0,0.7446808510638299,0.4231748725007329
Mad Max: Fury Road,tt1392190,2015.0,,"['Action', ' Adventure', ' Sci-Fi']",8.1,/name/nm0004306/,"/name/nm0362766/,/name/nm0000234/,/name/nm0396558/,/name/nm2368789/",1013606.0,154058340.0,0.7659574468085106,0.3547187833065748
Free Guy,tt6264654,2021.0,,"['Action', ' Adventure', ' Comedy']",7.1,/name/nm0506613/,"/name/nm0005351/,/name/nm3069650/,/name/nm0169806/,/name/nm2577076/",377893.0,121626598.0,0.5531914893617021,0.10788835587583795
Star Wars,tt0076759,1977.0,,"['Action', ' Adventure', ' Fantasy']",8.6,/name/nm0000184/,"/name/nm0000434/,/name/nm0000148/,/name/nm0000402/,/name/nm0000027/",1374568.0,322740140.0,0.8723404255319149,0.49487071467537436
GoldenEye,tt0113189,1995.0,,"['Action', ' Adventure', ' Thriller']",7.2,/name/nm0132709/,"/name/nm0000112/,/name/nm0000293/,/name/nm0001713/,/name/nm0000463/",260551.0,106600000.0,0.5744680851063831,0.06232758235763471
Suicide Squad,tt1386697,2016.0,,"['Action', ' Adventure', ' Fantasy']",5.9,/name/nm0043742/,"/name/nm0000226/,/name/nm0001467/,/name/nm3053338/,/name/nm0205626/",692080.0,325100054.0,0.297872340425532,0.22987880046825768
Deliverance,tt0068473,1972.0,,"['Adventure', ' Drama', ' Thriller']",7.7,/name/nm0000958/,"/name/nm0000685/,/name/nm0000608/,/name/nm0000885/,/name/nm0001074/",112173.0,7056013.0,0.6808510638297873,0.004716356598026407
Avengers: Infinity War,tt4154756,2018.0,,"['Action', ' Adventure', ' Sci-Fi']",8.4,/name/nm0751577/,"/name/nm0751648/,/name/nm0000375/,/name/nm1165110/,/name/nm0749263/,/name/nm0262635/",1095301.0,678815482.0,0.8297872340425534,0.3864387760846902
Wonder Woman 1984,tt7126948,2020.0,,"['Action', ' Adventure', ' Fantasy']",5.4,/name/nm0420941/,"/name/nm2933757/,/name/nm1517976/,/name/nm1325419/,/name/nm0050959/",272614.0,46370364.0,0.19148936170212777,0.06701132399277035
Deadpool 2,tt5463162,2018.0,,"['Action', ' Adventure', ' Comedy']",7.7,/name/nm0500610/,"/name/nm0005351/,/name/nm0000982/,/name/nm1072555/,/name/nm5421877/",591647.0,324591735.0,0.6808510638297873,0.1908833413252935
Kingsman: The Secret Service,tt2802144,2014.0,,"['Action', ' Adventure', ' Comedy']",7.7,/name/nm0891216/,"/name/nm0000147/,/name/nm5473782/,/name/nm0000168/,/name/nm0000323/",675476.0,128261724.0,0.6808510638297873,0.22343190947018157
Pirates of the Caribbean: The Curse of the Black Pearl,tt0325980,2003.0,,"['Action', ' Adventure', ' Fantasy']",8.1,/name/nm0893659/,"/name/nm0000136/,/name/nm0001691/,/name/nm0089217/,/name/nm0461136/",1137362.0,305413918.0,0.7659574468085106,0.4027699422055092
Ant-Man and the Wasp,tt5095030,2018.0,,"['Action', ' Adventure', ' Comedy']",7.0,/name/nm0715636/,"/name/nm0748620/,/name/nm1431940/,/name/nm0671567/,/name/nm0324658/",410304.0,216648740.0,0.5319148936170214,0.12047268399789555
The Lord of the Rings: The Two Towers,tt0167261,2002.0,,"['Action', ' Adventure', ' Drama']",8.8,/name/nm0001392/,"/name/nm0000704/,/name/nm0005212/,/name/nm0001557/,/name/nm0089217/",1679818.0,342551365.0,0.9148936170212769,0.6133911601802365
Indiana Jones and the Last Crusade,tt0097576,1989.0,,"['Action', ' Adventure']",8.2,/name/nm0000229/,"/name/nm0000148/,/name/nm0000125/,/name/nm0233145/,/name/nm0001186/",761587.0,197171806.0,0.7872340425531914,0.256866517440269
Mission: Impossible - Fallout,tt4912910,2018.0,,"['Action', ' Adventure', ' Thriller']",7.7,/name/nm0003160/,"/name/nm0000129/,/name/nm0147147/,/name/nm0000609/,/name/nm0670408/",338316.0,220159104.0,0.6808510638297873,0.0925216608005032
Rogue One: A Star Wars Story,tt3748528,2016.0,,"['Action', ' Adventure', ' Sci-Fi']",7.8,/name/nm2284484/,"/name/nm0428065/,/name/nm0526019/,/name/nm0876138/,/name/nm0947447/",647255.0,532177324.0,0.7021276595744681,0.21247444675898514
The Man from U.N.C.L.E.,tt1638355,2015.0,,"['Action', ' Adventure', ' Comedy']",7.2,/name/nm0005363/,"/name/nm0147147/,/name/nm2309517/,/name/nm2539953/,/name/nm4456120/",315020.0,45445109.0,0.5744680851063831,0.08347644442546219
Stand by Me,tt0092005,1986.0,,"['Adventure', ' Drama']",8.1,/name/nm0001661/,"/name/nm0000696/,/name/nm0000203/,/name/nm0000397/,/name/nm0005278/",409545.0,52287414.0,0.7659574468085106,0.12017798451177536
Ready Player One,tt1677720,2018.0,,"['Action', ' Adventure', ' Sci-Fi']",7.4,/name/nm0000229/,"/name/nm4446467/,/name/nm4972453/,/name/nm0578853/,/name/nm2913119/",443870.0,137690172.0,0.6170212765957448,0.1335054678597013
Spider-Man,tt0145487,2002.0,,"['Action', ' Adventure', ' Sci-Fi']",7.4,/name/nm0000600/,"/name/nm0001497/,/name/nm0000379/,/name/nm0000353/,/name/nm0290556/",826095.0,403706375.0,0.6170212765957448,0.28191325584691157
Aliens,tt0090605,1986.0,,"['Action', ' Adventure', ' Sci-Fi']",8.4,/name/nm0000116/,"/name/nm0000244/,/name/nm0000299/,/name/nm0001343/,/name/nm0001663/",723705.0,85160248.0,0.8297872340425534,0.24215794572326593
The Fifth Element,tt0119116,1997.0,,"['Action', ' Adventure', ' Sci-Fi']",7.6,/name/nm0000108/,"/name/nm0000246/,/name/nm0000170/,/name/nm0000198/,/name/nm0000453/",479782.0,63540020.0,0.6595744680851064,0.1474491410422422
Zack Snyder's Justice League,tt12361974,2021.0,,"['Action', ' Adventure', ' Fantasy']",8.0,/name/nm0811583/,"/name/nm0147147/,/name/nm0000255/,/name/nm2933757/,/name/nm0010736/",403732.0,5017971.0,0.7446808510638299,0.11792095142506033
Oblivion,tt1483013,2013.0,,"['Action', ' Adventure', ' Sci-Fi']",7.0,/name/nm2676052/,"/name/nm0000129/,/name/nm0000151/,/name/nm2057859/,/name/nm1385871/",532260.0,89021735.0,0.5319148936170214,0.1678249508348848
Casino Royale,tt0381061,2006.0,,"['Action', ' Adventure', ' Thriller']",8.0,/name/nm0132709/,"/name/nm0185819/,/name/nm1200692/,/name/nm0001132/,/name/nm0942482/",664141.0,167445960.0,0.7446808510638299,0.21903083084676597
Almost Famous,tt0181875,2000.0,,"['Adventure', ' Comedy', ' Drama']",7.9,/name/nm0001081/,"/name/nm0001082/,/name/nm0297578/,/name/nm0005028/,/name/nm0000531/",280337.0,32534850.0,0.7234042553191491,0.07000995921188272
2001: A Space Odyssey,tt0062622,1968.0,,"['Adventure', ' Sci-Fi']",8.3,/name/nm0000040/,"/name/nm0001158/,/name/nm0516972/,/name/nm0843213/,/name/nm0725220/",675295.0,56954992.0,0.8085106382978726,0.2233616319906193
The Day After Tomorrow,tt0319262,2004.0,,"['Action', ' Adventure', ' Sci-Fi']",6.4,/name/nm0000386/,"/name/nm0000598/,/name/nm0350453/,/name/nm0002536/,/name/nm0005231/",454986.0,186740799.0,0.4042553191489363,0.13782151461558023
War of the Worlds,tt0407304,2005.0,,"['Action', ' Adventure', ' Sci-Fi']",6.5,/name/nm0000229/,"/name/nm0000129/,/name/nm0266824/,/name/nm0000209/,/name/nm0001584/",454606.0,234280354.0,0.4255319148936171,0.13767397073583626
Man of Steel,tt0770828,2013.0,,"['Action', ' Adventure', ' Sci-Fi']",7.1,/name/nm0811583/,"/name/nm0147147/,/name/nm0010736/,/name/nm0788335/,/name/nm0000178/",777959.0,291045518.0,0.5531914893617021,0.2632233290170277
Captain America: The First Avenger,tt0458339,2011.0,,"['Action', ' Adventure', ' Sci-Fi']",6.9,/name/nm0002653/,"/name/nm0262635/,/name/nm0915989/,/name/nm0000168/,/name/nm2017943/",853045.0,176654505.0,0.5106382978723406,0.2923772231077012
Shazam!,tt0448115,2019.0,,"['Action', ' Adventure', ' Comedy']",7.0,/name/nm2497546/,"/name/nm1157048/,/name/nm0835016/,/name/nm4755508/,/name/nm6244013/",345790.0,140371656.0,0.5319148936170214,0.0954236159510465
Indiana Jones and the Temple of Doom,tt0087469,1984.0,,"['Action', ' Adventure']",7.5,/name/nm0000229/,"/name/nm0000148/,/name/nm0001009/,/name/nm0702841/,/name/nm0700869/",495242.0,179870271.0,0.6382978723404257,0.1534518473076154
Apocalypto,tt0472043,2006.0,,"['Action', ' Adventure', ' Drama']",7.8,/name/nm0000154/,"/name/nm0850162/,/name/nm0874232/,/name/nm2199664/,/name/nm2199632/",316817.0,50866635.0,0.7021276595744681,0.08417417166730408
Star Wars: The Rise Of Skywalker,tt2527338,2019.0,,"['Action', ' Adventure', ' Fantasy']",6.5,/name/nm0009190/,"/name/nm5397459/,/name/nm3915784/,/name/nm1209966/,/name/nm3485845/",458091.0,515202542.0,0.4255319148936171,0.1390271034224356
"The Good, the Bad and the Ugly",tt0060196,1966.0,,"['Adventure', ' Western']",8.8,/name/nm0001466/,"/name/nm0000142/,/name/nm0908919/,/name/nm0001812/,/name/nm0321294/",767374.0,6100000.0,0.9148936170212769,0.2591134554194226
Ghostbusters: Afterlife,tt4513678,2021.0,,"['Adventure', ' Comedy', ' Fantasy']",7.1,/name/nm0718646/,"/name/nm4689420/,/name/nm0748620/,/name/nm6016511/,/name/nm5085683/",186697.0,129360575.0,0.5531914893617021,0.03365204105602591
The Martian,tt3659388,2015.0,,"['Adventure', ' Drama', ' Sci-Fi']",8.0,/name/nm0000631/,"/name/nm0000354/,/name/nm1567113/,/name/nm1325419/,/name/nm0544718/",865215.0,228433663.0,0.7446808510638299,0.2971025099931858
Vacation,tt1524930,2015.0,,"['Adventure', ' Comedy']",6.1,/name/nm0197855/,"/name/nm0326246/,/name/nm1159180/,/name/nm0000775/,/name/nm1711114/,/name/nm4347315/",114944.0,58884188.0,0.3404255319148936,0.005792262100054164
Idiocracy,tt0387808,2006.0,,"['Adventure', ' Comedy', ' Sci-Fi']",6.5,/name/nm0431918/,"/name/nm0005561/,/name/nm0748973/,/name/nm1009277/,/name/nm0187719/",167228.0,438653.0,0.4255319148936171,0.026092746859353796
The Rock,tt0117500,1996.0,,"['Action', ' Adventure', ' Thriller']",7.4,/name/nm0000881/,"/name/nm0000125/,/name/nm0000115/,/name/nm0000438/,/name/nm0817983/",342892.0,134069511.0,0.6170212765957448,0.09429839973131483
Black Widow,tt3480822,2021.0,,"['Action', ' Adventure', ' Sci-Fi']",6.7,/name/nm0795153/,"/name/nm0424060/,/name/nm6073955/,/name/nm1092086/,/name/nm0001838/",385960.0,183651655.0,0.46808510638297884,0.11102055713345538
Shang-Chi and the Legend of the Ten Rings,tt9376612,2021.0,,"['Action', ' Adventure', ' Fantasy']",7.4,/name/nm2308774/,"/name/nm4855517/,/name/nm5377144/,/name/nm0504897/,/name/nm0001426/",389332.0,224543292.0,0.6170212765957448,0.11232981492949927
The Revenant,tt1663202,2015.0,,"['Action', ' Adventure', ' Drama']",8.0,/name/nm0327944/,"/name/nm0000138/,/name/nm0362766/,/name/nm2401020/,/name/nm1727304/",814804.0,183637894.0,0.7446808510638299,0.2775292612516769
You Only Live Twice,tt0062512,1967.0,,"['Action', ' Adventure', ' Thriller']",6.8,/name/nm0318150/,"/name/nm0000125/,/name/nm0906686/,/name/nm0357240/,/name/nm0848533/",111800.0,43084787.0,0.4893617021276596,0.004571530631856665
Star Wars: Episode I - The Phantom Menace,tt0120915,1999.0,,"['Action', ' Adventure', ' Fantasy']",6.5,/name/nm0000184/,"/name/nm0000191/,/name/nm0000553/,/name/nm0000204/,/name/nm0005157/",813516.0,474544677.0,0.4255319148936171,0.2770291651540183
Transformers,tt0418279,2007.0,,"['Action', ' Adventure', ' Sci-Fi']",7.0,/name/nm0000881/,"/name/nm0479471/,/name/nm1083271/,/name/nm0241049/,/name/nm0879085/",644822.0,319246193.0,0.5319148936170214,0.21152977765525596
Star Wars: Episode VII - The Force Awakens,tt2488496,2015.0,,"['Action', ' Adventure', ' Sci-Fi']",7.8,/name/nm0009190/,"/name/nm5397459/,/name/nm3915784/,/name/nm1209966/,/name/nm1727304/",937714.0,936662225.0,0.7021276595744681,0.325251940881497
Mission: Impossible,tt0117060,1996.0,,"['Action', ' Adventure', ' Thriller']",7.1,/name/nm0000361/,"/name/nm0000129/,/name/nm0000685/,/name/nm0000322/,/name/nm0001089/",432805.0,180981856.0,0.5531914893617021,0.12920922304557747
Jaws,tt0073195,1975.0,,"['Adventure', ' Thriller']",8.1,/name/nm0000229/,"/name/nm0001702/,/name/nm0001727/,/name/nm0000377/,/name/nm0308882/",613973.0,260000000.0,0.7659574468085106,0.1995519325336196
Iron Man,tt0371746,2008.0,,"['Action', ' Adventure', ' Sci-Fi']",7.9,/name/nm0269463/,"/name/nm0000375/,/name/nm0000569/,/name/nm0005024/,/name/nm0000313/",1067971.0,318412101.0,0.7234042553191491,0.3758272649441566
From Russia with Love,tt0057076,1963.0,,"['Action', ' Adventure', ' Thriller']",7.4,/name/nm0950109/,"/name/nm0000125/,/name/nm0001727/,/name/nm0502322/,/name/nm0000938/",137609.0,24796765.0,0.6170212765957448,0.014592477980046632
2012,tt1190080,2009.0,,"['Action', ' Adventure', ' Sci-Fi']",5.8,/name/nm0000386/,"/name/nm0000131/,/name/nm0628601/,/name/nm0252230/,/name/nm0001605/",382396.0,166112167.0,0.2765957446808511,0.10963675085080402
Goldfinger,tt0058150,1964.0,,"['Action', ' Adventure', ' Thriller']",7.7,/name/nm0357891/,"/name/nm0000125/,/name/nm0002085/,/name/nm0000303/,/name/nm0247881/",193468.0,51081062.0,0.6808510638297873,0.036281040029042845
The Hunger Games: Mockingjay - Part 2,tt1951266,2015.0,,"['Action', ' Adventure', ' Sci-Fi']",6.5,/name/nm1349376/,"/name/nm2225369/,/name/nm1242688/,/name/nm2955013/,/name/nm0000437/",333896.0,281723902.0,0.4255319148936171,0.09080549251506015
The Adam Project,tt2463208,2022.0,,"['Action', ' Adventure', ' Comedy']",6.7,/name/nm0506613/,"/name/nm0005351/,/name/nm11880640/,/name/nm0749263/,/name/nm0004950/",207441.0,5017971.0,0.46808510638297884,0.04170638379657582
Tron: Legacy,tt1104001,2010.0,,"['Action', ' Adventure', ' Sci-Fi']",6.8,/name/nm2676052/,"/name/nm0000313/,/name/nm1330560/,/name/nm1312575/,/name/nm0000310/",341820.0,172062763.0,0.4893617021276596,0.09388217068108973
Jurassic World: Fallen Kingdom,tt4881806,2018.0,,"['Action', ' Adventure', ' Sci-Fi']",6.1,/name/nm1291105/,"/name/nm0695435/,/name/nm0397171/,/name/nm1245863/,/name/nm6819854/",321889.0,417719760.0,0.3404255319148936,0.08614349418851837
Okja,tt3967856,2017.0,,"['Action', ' Adventure', ' Drama']",7.3,/name/nm0094435/,"/name/nm0842770/,/name/nm0200452/,/name/nm3673821/,/name/nm0350453/",124273.0,5017971.0,0.5957446808510639,0.00941446434776869
Thor: Ragnarok,tt3501632,2017.0,,"['Action', ' Adventure', ' Comedy']",7.9,/name/nm0169806/,"/name/nm1165110/,/name/nm1089991/,/name/nm0000949/,/name/nm0749263/",761745.0,315058289.0,0.7234042553191491,0.25692786463237305
Wonder Woman,tt0451279,2017.0,,"['Action', ' Adventure', ' Fantasy']",7.4,/name/nm0420941/,"/name/nm2933757/,/name/nm1517976/,/name/nm0000705/,/name/nm0205063/",665310.0,412563408.0,0.6170212765957448,0.21948472241366257
Alita: Battle Angel,tt0437086,2019.0,,"['Action', ' Adventure', ' Sci-Fi']",7.3,/name/nm0001675/,"/name/nm4023073/,/name/nm0910607/,/name/nm0000124/,/name/nm0991810/",273749.0,85710210.0,0.5957446808510639,0.06745201426516353
Men in Black,tt0119654,1997.0,,"['Action', ' Adventure', ' Comedy']",7.3,/name/nm0001756/,"/name/nm0000169/,/name/nm0000226/,/name/nm0000400/,/name/nm0000352/",576229.0,250690539.0,0.5957446808510639,0.18489694254136568
Aquaman,tt1477834,2018.0,,"['Action', ' Adventure', ' Fantasy']",6.8,/name/nm1490123/,"/name/nm0597388/,/name/nm1720028/,/name/nm0000353/,/name/nm0933940/",481532.0,335061807.0,0.4893617021276596,0.14812861943579997
Fast & Furious Presents: Hobbs & Shaw,tt6806448,2019.0,,"['Action', ' Adventure', ' Thriller']",6.5,/name/nm0500610/,"/name/nm0425005/,/name/nm0005458/,/name/nm0252961/,/name/nm3948952/",216997.0,173956935.0,0.4255319148936171,0.04541672409876898
The Hobbit: The Battle of the Five Armies,tt2310332,2014.0,,"['Adventure', ' Fantasy']",7.4,/name/nm0001392/,"/name/nm0005212/,/name/nm0293509/,/name/nm0035514/,/name/nm0000949/",540315.0,255119788.0,0.6170212765957448,0.17095249281208927
Batman v Superman: Dawn of Justice,tt2975590,2016.0,,"['Action', ' Adventure', ' Sci-Fi']",6.4,/name/nm0811583/,"/name/nm0000255/,/name/nm0147147/,/name/nm0010736/,/name/nm0251986/",705173.0,330360194.0,0.4042553191489363,0.23496246367217302
Thunderball,tt0059800,1965.0,,"['Action', ' Adventure', ' Thriller']",6.9,/name/nm0950109/,"/name/nm0000125/,/name/nm0000805/,/name/nm0148041/,/name/nm0658885/",120852.0,63600000.0,0.5106382978723406,0.00808618115670519
Spider-Man: Homecoming,tt2250912,2017.0,,"['Action', ' Adventure', ' Sci-Fi']",7.4,/name/nm1218281/,"/name/nm4043618/,/name/nm0000474/,/name/nm0000375/,/name/nm0000673/",666223.0,334201140.0,0.6170212765957448,0.21983921599841585
Guardians of the Galaxy Vol. 2,tt3896198,2017.0,,"['Action', ' Adventure', ' Comedy']",7.6,/name/nm0348181/,"/name/nm0695435/,/name/nm0757855/,/name/nm1176985/,/name/nm0004874/",690770.0,389813101.0,0.6595744680851064,0.22937016235650873
Jumanji: Welcome to the Jungle,tt2283362,2017.0,,"['Action', ' Adventure', ' Comedy']",6.9,/name/nm0440458/,"/name/nm0425005/,/name/nm2394794/,/name/nm0366389/,/name/nm0085312/",388565.0,404515480.0,0.5106382978723406,0.11203200925643708
Into the Wild,tt0758758,2007.0,,"['Adventure', ' Biography', ' Drama']",8.1,/name/nm0000576/,"/name/nm0386472/,/name/nm0000681/,/name/nm0001416/,/name/nm0001315/",628558.0,18354356.0,0.7659574468085106,0.20521489960221392
Star Wars: Episode V - The Empire Strikes Back,tt0080684,1980.0,,"['Action', ' Adventure', ' Fantasy']",8.7,/name/nm0449984/,"/name/nm0000434/,/name/nm0000148/,/name/nm0000402/,/name/nm0001850/",1302151.0,290475067.0,0.8936170212765957,0.4667531222032184
Armageddon,tt0120591,1998.0,,"['Action', ' Adventure', ' Sci-Fi']",6.7,/name/nm0000881/,"/name/nm0000246/,/name/nm0000671/,/name/nm0000255/,/name/nm0000239/",431479.0,201573391.0,0.46808510638297884,0.12869437255994456
Love and Monsters,tt2222042,2020.0,,"['Action', ' Adventure', ' Comedy']",6.9,/name/nm3462290/,"/name/nm3729721/,/name/nm3725055/,/name/nm0740264/,/name/nm2045439/",131262.0,1070714.0,0.5106382978723406,0.012128106914954542
The Hunger Games: Mockingjay - Part 1,tt1951265,2014.0,,"['Action', ' Adventure', ' Sci-Fi']",6.6,/name/nm1349376/,"/name/nm2225369/,/name/nm1242688/,/name/nm2955013/,/name/nm0000437/",462485.0,337135885.0,0.44680851063829785,0.14073317660031723
Transformers: The Last Knight,tt3371366,2017.0,,"['Action', ' Adventure', ' Sci-Fi']",5.2,/name/nm0000881/,"/name/nm0000242/,/name/nm0000164/,/name/nm0241049/,/name/nm2652095/",155328.0,130168683.0,0.148936170212766,0.021472293783160974
Jurassic World,tt0369610,2015.0,,"['Action', ' Adventure', ' Sci-Fi']",6.9,/name/nm1119880/,"/name/nm0695435/,/name/nm0397171/,/name/nm1339223/,/name/nm0339460/",649327.0,652270625.0,0.5106382978723406,0.21327894917695753
Dune,tt0087182,1984.0,,"['Action', ' Adventure', ' Sci-Fi']",6.3,/name/nm0000186/,"/name/nm0001492/,/name/nm0000515/,/name/nm0000768/,/name/nm0162361/",163993.0,30925690.0,0.3829787234042553,0.024836682514691292
Star Wars: Episode VI - Return of the Jedi,tt0086190,1983.0,,"['Action', ' Adventure', ' Fantasy']",8.3,/name/nm0549658/,"/name/nm0000434/,/name/nm0000148/,/name/nm0000402/,/name/nm0001850/",1062181.0,309125409.0,0.8085106382978726,0.3735791621448997
Avengers: Age of Ultron,tt2395427,2015.0,,"['Action', ' Adventure', ' Sci-Fi']",7.3,/name/nm0923736/,"/name/nm0000375/,/name/nm0262635/,/name/nm0749263/,/name/nm1165110/",872228.0,459005868.0,0.5957446808510639,0.2998254711211976
Starship Troopers,tt0120201,1997.0,,"['Action', ' Adventure', ' Sci-Fi']",7.3,/name/nm0000682/,"/name/nm0000680/,/name/nm0000612/,/name/nm0000539/,/name/nm0000998/",300663.0,54814377.0,0.5957446808510639,0.07790200368471425
X-Men,tt0120903,2000.0,,"['Action', ' Adventure', ' Sci-Fi']",7.3,/name/nm0001741/,"/name/nm0001772/,/name/nm0413168/,/name/nm0005212/,/name/nm0000463/",621448.0,157299717.0,0.5957446808510639,0.20245427595753065
Skyfall,tt1074638,2012.0,,"['Action', ' Adventure', ' Thriller']",7.8,/name/nm0005222/,"/name/nm0185819/,/name/nm0000849/,/name/nm0365140/,/name/nm0001132/",703338.0,304360277.0,0.7021276595744681,0.23424998204235675
Tomorrow Never Dies,tt0120347,1997.0,,"['Action', ' Adventure', ' Thriller']",6.5,/name/nm0006854/,"/name/nm0000112/,/name/nm0000596/,/name/nm0000706/,/name/nm0000159/",197384.0,125332007.0,0.4255319148936171,0.03780151853714126
Total Recall,tt0100802,1990.0,,"['Action', ' Adventure', ' Sci-Fi']",7.5,/name/nm0000682/,"/name/nm0000216/,/name/nm0000232/,/name/nm0000461/,/name/nm0001797/",336224.0,119394840.0,0.6382978723404257,0.09170939291517585
Mission: Impossible - Rogue Nation,tt2381249,2015.0,,"['Action', ' Adventure', ' Thriller']",7.4,/name/nm0003160/,"/name/nm0000129/,/name/nm0272581/,/name/nm0719637/,/name/nm0670408/",378784.0,195042377.0,0.6170212765957448,0.10823430744650078
Justice League,tt0974015,2017.0,,"['Action', ' Adventure', ' Fantasy']",6.1,/name/nm0811583/,"/name/nm0000255/,/name/nm2933757/,/name/nm0597388/,/name/nm3009232/",457649.0,229024295.0,0.3404255319148936,0.1388554865938913
Terminator: Dark Fate,tt6450804,2019.0,,"['Action', ' Adventure', ' Sci-Fi']",6.2,/name/nm1783265/,"/name/nm0000157/,/name/nm0000216/,/name/nm4496875/,/name/nm0721376/",181371.0,62253077.0,0.36170212765957455,0.0315840970994038
Star Trek,tt0796366,2009.0,,"['Action', ' Adventure', ' Sci-Fi']",7.9,/name/nm0009190/,"/name/nm1517976/,/name/nm0704270/,/name/nm0670408/,/name/nm0000559/",607007.0,257730019.0,0.7234042553191491,0.19684722025389195
Pirates of the Caribbean: Dead Men Tell No Tales,tt1790809,2017.0,,"['Action', ' Adventure', ' Fantasy']",6.5,/name/nm1461392/,"/name/nm1650283/,/name/nm0000136/,/name/nm0001691/,/name/nm0000849/,/name/nm0089217/",317985.0,172558876.0,0.4255319148936171,0.08462767496083293
Batman,tt0096895,1989.0,,"['Action', ' Adventure']",7.5,/name/nm0000318/,"/name/nm0000474/,/name/nm0000197/,/name/nm0000107/,/name/nm0943237/",382221.0,251188924.0,0.6382978723404257,0.10956880301144824
Captain Marvel,tt4154664,2019.0,,"['Action', ' Adventure', ' Sci-Fi']",6.8,/name/nm1349818/,"/name/nm0281396/,/name/nm0488953/,/name/nm0000168/,/name/nm0578853/,/name/nm0000179/",567884.0,426829839.0,0.4893617021276596,0.1816568012875145
Austin Powers: International Man of Mystery,tt0118655,1997.0,,"['Adventure', ' Comedy']",7.0,/name/nm0005366/,"/name/nm0000196/,/name/nm0000167/,/name/nm0001868/,/name/nm0000211/",244665.0,53883989.0,0.5319148936170214,0.05615947163760117
The Mummy Returns,tt0209163,2001.0,,"['Action', ' Adventure', ' Fantasy']",6.4,/name/nm0814085/,"/name/nm0000409/,/name/nm0001838/,/name/nm0001314/,/name/nm0903677/",330552.0,202019785.0,0.4042553191489363,0.08950710637331319
Mortal Kombat,tt0293429,2021.0,,"['Action', ' Adventure', ' Fantasy']",6.0,/name/nm2585406/,"/name/nm1167985/,/name/nm2537621/,/name/nm0493257/,/name/nm3029144/",177108.0,42201013.0,0.31914893617021284,0.02992888773269708
Mad Max,tt0079501,1979.0,,"['Action', ' Adventure', ' Sci-Fi']",6.8,/name/nm0004306/,"/name/nm0000154/,/name/nm0760394/,/name/nm0117412/,/name/nm0001950/",210752.0,8750000.0,0.4893617021276596,0.042991956917187116
Star Wars: Episode VIII - The Last Jedi,tt2527336,2017.0,,"['Action', ' Adventure', ' Fantasy']",6.9,/name/nm0426059/,"/name/nm5397459/,/name/nm3915784/,/name/nm0000434/,/name/nm0000402/",638906.0,620181382.0,0.5106382978723406,0.20923275241166295
Star Wars: Episode III - Revenge of the Sith,tt0121766,2005.0,,"['Action', ' Adventure', ' Fantasy']",7.6,/name/nm0000184/,"/name/nm0159789/,/name/nm0000204/,/name/nm0000191/,/name/nm0000168/",799964.0,380262555.0,0.6595744680851064,0.271767284474307
The Happening,tt0949731,2008.0,,"['Adventure', ' Drama', ' Sci-Fi']",5.0,/name/nm0796117/,"/name/nm0000242/,/name/nm0221046/,/name/nm0000491/,/name/nm1496319/",209859.0,64506874.0,0.10638297872340427,0.04264522879978878
Mission: Impossible - Ghost Protocol,tt1229238,2011.0,,"['Action', ' Adventure', ' Thriller']",7.4,/name/nm0083348/,"/name/nm0000129/,/name/nm0719637/,/name/nm0670408/,/name/nm1745736/",495999.0,209397903.0,0.6170212765957448,0.1537457702470001
Dr. No,tt0055928,1962.0,,"['Action', ' Adventure', ' Thriller']",7.2,/name/nm0950109/,"/name/nm0000125/,/name/nm0000266/,/name/nm0496866/,/name/nm0936476/",170409.0,16067035.0,0.5744680851063831,0.027327844442157946
Speed,tt0111257,1994.0,,"['Action', ' Adventure', ' Thriller']",7.3,/name/nm0000957/,"/name/nm0000206/,/name/nm0000454/,/name/nm0000113/,/name/nm0608012/",369691.0,121248145.0,0.5957446808510639,0.10470373771357462
Solo: A Star Wars Story,tt3778644,2018.0,,"['Action', ' Adventure', ' Sci-Fi']",6.9,/name/nm0000165/,"/name/nm2403277/,/name/nm0000437/,/name/nm3592338/,/name/nm2255973/",353457.0,213767512.0,0.5106382978723406,0.09840050786156501
Spectre,tt2379713,2015.0,,"['Action', ' Adventure', ' Thriller']",6.8,/name/nm0005222/,"/name/nm0185819/,/name/nm0910607/,/name/nm2244205/,/name/nm0000146/",446089.0,200074175.0,0.4893617021276596,0.13436704646273256
Doctor Strange,tt1211837,2016.0,,"['Action', ' Adventure', ' Fantasy']",7.5,/name/nm0220600/,"/name/nm1212722/,/name/nm0252230/,/name/nm1046097/,/name/nm0938950/",752009.0,232641920.0,0.6382978723404257,0.2531476351239854
Tomb Raider,tt1365519,2018.0,,"['Action', ' Adventure', ' Fantasy']",6.3,/name/nm1012385/,"/name/nm2539953/,/name/nm0922035/,/name/nm0324658/,/name/nm0943079/",217394.0,58250803.0,0.3829787234042553,0.045570868625764656
Iron Man Three,tt1300854,2013.0,,"['Action', ' Adventure', ' Sci-Fi']",7.1,/name/nm0000948/,"/name/nm0000375/,/name/nm0001602/,/name/nm0000569/,/name/nm0000332/",858149.0,409013994.0,0.5531914893617021,0.2943589703766834
Lawrence of Arabia,tt0056172,1962.0,,"['Adventure', ' Biography', ' Drama']",8.3,/name/nm0000180/,"/name/nm0000564/,/name/nm0000027/,/name/nm0000063/,/name/nm0370144/",296933.0,44824144.0,0.8085106382978726,0.07645374402301684
Riddick,tt1411250,2013.0,,"['Action', ' Adventure', ' Sci-Fi']",6.4,/name/nm0878638/,"/name/nm0004874/,/name/nm0881631/,/name/nm0755267/,/name/nm0003244/",169556.0,42025135.0,0.4042553191489363,0.026996647259469504
Stargate,tt0111282,1994.0,,"['Action', ' Adventure', ' Sci-Fi']",7.0,/name/nm0000386/,"/name/nm0000621/,/name/nm0000652/,/name/nm0001109/,/name/nm0511798/",194450.0,71565669.0,0.5319148936170214,0.03666232447617069
The Tomorrow War,tt9777666,2021.0,,"['Action', ' Adventure', ' Drama']",6.5,/name/nm0003021/,"/name/nm0695435/,/name/nm2088803/,/name/nm0799777/,/name/nm2365811/",209436.0,5017971.0,0.4255319148936171,0.04248098916523167
X-Men: Apocalypse,tt3385516,2016.0,,"['Action', ' Adventure', ' Sci-Fi']",6.9,/name/nm0001741/,"/name/nm0564215/,/name/nm1055413/,/name/nm2225369/,/name/nm0396558/",440539.0,155442489.0,0.5106382978723406,0.13221212927173506
Men in Black 3,tt1409024,2012.0,,"['Action', ' Adventure', ' Comedy']",6.8,/name/nm0001756/,"/name/nm0000226/,/name/nm0000169/,/name/nm0000982/,/name/nm1318596/",368312.0,179020854.0,0.4893617021276596,0.1041683087394511
Spider-Man 3,tt0413300,2007.0,,"['Action', ' Adventure', ' Sci-Fi']",6.3,/name/nm0000600/,"/name/nm0001497/,/name/nm0000379/,/name/nm0333410/,/name/nm0002006/",598454.0,336530303.0,0.3829787234042553,0.19352631813954932
Valerian and the City of a Thousand Planets,tt2239822,2017.0,,"['Action', ' Adventure', ' Fantasy']",6.4,/name/nm0000108/,"/name/nm2851530/,/name/nm5353321/,/name/nm0654110/,/name/nm1982597/",184901.0,41189488.0,0.4042553191489363,0.03295470208755176
Spaceballs,tt0094012,1987.0,,"['Adventure', ' Comedy', ' Sci-Fi']",7.1,/name/nm0000316/,"/name/nm0000316/,/name/nm0001006/,/name/nm0001548/,/name/nm0000597/",194621.0,38119483.0,0.5531914893617021,0.03672871922205548
Indiana Jones and the Kingdom of the Crystal Skull,tt0367882,2008.0,,"['Action', ' Adventure']",6.2,/name/nm0000229/,"/name/nm0000148/,/name/nm0000949/,/name/nm0479471/,/name/nm0000261/",460060.0,317101119.0,0.36170212765957455,0.13979161368353002
Captain America: The Winter Soldier,tt1843866,2014.0,,"['Action', ' Adventure', ' Sci-Fi']",7.8,/name/nm0751577/,"/name/nm0751648/,/name/nm0262635/,/name/nm0000168/,/name/nm0424060/,/name/nm0000602/",854167.0,259766572.0,0.7021276595744681,0.29281286582631366
Deep Blue Sea,tt0149261,1999.0,,"['Action', ' Adventure', ' Sci-Fi']",5.9,/name/nm0001317/,"/name/nm0005048/,/name/nm0004787/,/name/nm0000168/,/name/nm0571537/",135982.0,73648142.0,0.297872340425532,0.013960757210721781
First Blood,tt0083944,1982.0,,"['Action', ' Adventure', ' Thriller']",7.7,/name/nm0467646/,"/name/nm0000230/,/name/nm0001133/,/name/nm0001077/,/name/nm0571853/",257935.0,47212904.0,0.6808510638297873,0.06131185922760779
Superman,tt0078346,1978.0,,"['Action', ' Adventure', ' Sci-Fi']",7.4,/name/nm0001149/,"/name/nm0001659/,/name/nm0452288/,/name/nm0000432/,/name/nm0000008/",177943.0,134218018.0,0.6170212765957448,0.030253095994766076
Spider-Man: Far from Home,tt6320628,2019.0,,"['Action', ' Adventure', ' Comedy']",7.4,/name/nm1218281/,"/name/nm4043618/,/name/nm0000168/,/name/nm0350453/,/name/nm0000673/",502168.0,390532085.0,0.6170212765957448,0.15614102865263318
Pirates of the Caribbean: Dead Man's Chest,tt0383574,2006.0,,"['Action', ' Adventure', ' Fantasy']",7.3,/name/nm0893659/,"/name/nm0000136/,/name/nm0089217/,/name/nm0461136/,/name/nm0202603/",727169.0,423315812.0,0.5957446808510639,0.24350292466914256
The Green Knight,tt9243804,2021.0,,"['Adventure', ' Drama', ' Fantasy']",6.6,/name/nm1108007/,"/name/nm2353862/,/name/nm2539953/,/name/nm0249291/,/name/nm0002004/",103869.0,5017971.0,0.44680851063829785,0.001492134552252859
San Andreas,tt2126355,2015.0,,"['Action', ' Adventure', ' Thriller']",6.1,/name/nm0679031/,"/name/nm0425005/,/name/nm0001303/,/name/nm1275259/,/name/nm2686262/",242203.0,155190832.0,0.3404255319148936,0.05520354260620733
The Amazing Spider-Man,tt0948470,2012.0,,"['Action', ' Adventure', ' Sci-Fi']",6.9,/name/nm1989536/,"/name/nm1940449/,/name/nm1297015/,/name/nm0406975/,/name/nm0451234/",663418.0,262030663.0,0.5106382978723406,0.21875010920188467
Jumanji: The Next Level,tt7975244,2019.0,,"['Action', ' Adventure', ' Comedy']",6.7,/name/nm0440458/,"/name/nm0425005/,/name/nm0085312/,/name/nm0366389/,/name/nm2394794/",256717.0,316831246.0,0.46808510638297884,0.06083894226569158
Star Wars: Episode II - Attack of the Clones,tt0121765,2002.0,,"['Action', ' Adventure', ' Fantasy']",6.6,/name/nm0000184/,"/name/nm0159789/,/name/nm0000204/,/name/nm0000191/,/name/nm0000489/",719027.0,310675583.0,0.44680851063829785,0.24034160290894407
Chef,tt2883512,2014.0,,"['Adventure', ' Comedy', ' Drama']",7.3,/name/nm0269463/,"/name/nm0269463/,/name/nm0000375/,/name/nm0424060/,/name/nm0000163/",219637.0,30640336.0,0.5957446808510639,0.04644176578962184
Venom,tt1270797,2018.0,,"['Action', ' Adventure', ' Sci-Fi']",6.6,/name/nm0281508/,"/name/nm0362766/,/name/nm0931329/,/name/nm1981893/,/name/nm2020278/",493655.0,213515506.0,0.44680851063829785,0.15283565747300043
Star Trek Beyond,tt2660888,2016.0,,"['Action', ' Adventure', ' Sci-Fi']",7.0,/name/nm0510912/,"/name/nm1517976/,/name/nm0704270/,/name/nm0881631/,/name/nm0757855/",249158.0,158848340.0,0.5319148936170214,0.05790398387888977
Gods of Egypt,tt2404233,2016.0,,"['Action', ' Adventure', ' Fantasy']",5.4,/name/nm0001639/,"/name/nm4154798/,/name/nm0182666/,/name/nm0124930/,/name/nm1569276/",119458.0,31153464.0,0.19148936170212777,0.007544928082065459
The Hunt for Red October,tt0099810,1990.0,,"['Action', ' Adventure', ' Thriller']",7.5,/name/nm0001532/,"/name/nm0000125/,/name/nm0000285/,/name/nm0001277/,/name/nm0000554/",204524.0,122012643.0,0.6382978723404257,0.04057379038285695
Mission: Impossible II,tt0120755,2000.0,,"['Action', ' Adventure', ' Thriller']",6.1,/name/nm0000247/,"/name/nm0000129/,/name/nm0779084/,/name/nm0628601/,/name/nm0000609/",347930.0,215409889.0,0.3404255319148936,0.09625452095802571
Escape from New York,tt0082340,1981.0,,"['Action', ' Adventure', ' Sci-Fi']",7.1,/name/nm0000118/,"/name/nm0000621/,/name/nm0001812/,/name/nm0000308/,/name/nm0000587/",146442.0,25244700.0,0.5531914893617021,0.018022096637358497
Mulan,tt4566758,2020.0,,"['Action', ' Adventure', ' Drama']",5.7,/name/nm0138927/,"/name/nm1703577/,/name/nm0947447/,/name/nm0000084/,/name/nm0001472/",150455.0,5017971.0,0.2553191489361703,0.019580237662128398
X-Men: Dark Phoenix,tt6565702,2019.0,,"['Action', ' Adventure', ' Sci-Fi']",5.7,/name/nm1334526/,"/name/nm0564215/,/name/nm1055413/,/name/nm2225369/,/name/nm0396558/",190977.0,65845974.0,0.2553191489361703,0.03531385106998433
The World Is Not Enough,tt0143145,1999.0,,"['Action', ' Adventure', ' Thriller']",6.4,/name/nm0000776/,"/name/nm0000112/,/name/nm0000521/,/name/nm0001015/,/name/nm0000612/",203393.0,126943684.0,0.4042553191489363,0.040134653203934764
King Arthur: Legend of the Sword,tt1972591,2017.0,,"['Action', ' Adventure', ' Drama']",6.7,/name/nm0005363/,"/name/nm0402271/,/name/nm2793591/,/name/nm0000179/,/name/nm0005023/",220673.0,39175066.0,0.46808510638297884,0.04684401699860804
Life of Pi,tt0454876,2012.0,,"['Adventure', ' Drama', ' Fantasy']",7.9,/name/nm0000487/,"/name/nm4139037/,/name/nm0451234/,/name/nm1300009/,/name/nm0007102/",637826.0,124987023.0,0.7234042553191491,0.20881341717449586
The Count of Monte Cristo,tt0245844,2002.0,,"['Action', ' Adventure', ' Drama']",7.7,/name/nm0721817/,"/name/nm0001029/,/name/nm0001602/,/name/nm0011478/,/name/nm1072611/",140439.0,54234062.0,0.6808510638297873,0.015691291610771478
The Incredible Hulk,tt0800080,2008.0,,"['Action', ' Adventure', ' Sci-Fi']",6.6,/name/nm0504642/,"/name/nm0001570/,/name/nm0000239/,/name/nm0000619/,/name/nm0000458/",498397.0,134518390.0,0.44680851063829785,0.15467684978285812
Jungle Cruise,tt0870154,2021.0,,"['Action', ' Adventure', ' Comedy']",6.6,/name/nm1429471/,"/name/nm0425005/,/name/nm1289434/,/name/nm1183149/,/name/nm3099754/",195217.0,116987516.0,0.44680851063829785,0.03696013014923287
The Book of Eli,tt1037705,2010.0,,"['Action', ' Adventure', ' Drama']",6.8,/name/nm0400436/,"/name/nm0400441/,/name/nm0000243/,/name/nm0005109/,/name/nm0829032/,/name/nm0000198/",322870.0,94835059.0,0.4893617021276596,0.08652439036227846
Master and Commander: The Far Side of the World,tt0311113,2003.0,,"['Action', ' Adventure', ' Drama']",7.4,/name/nm0001837/,"/name/nm0000128/,/name/nm0079273/,/name/nm0101710/,/name/nm0195439/",225281.0,93927920.0,0.6170212765957448,0.04863318067718758
Pirates of the Caribbean: On Stranger Tides,tt1298650,2011.0,,"['Action', ' Adventure', ' Fantasy']",6.6,/name/nm0551128/,"/name/nm0000136/,/name/nm0004851/,/name/nm0574534/,/name/nm0001691/",534586.0,241063875.0,0.44680851063829785,0.168728074688265
The Magnificent Seven,tt2404435,2016.0,,"['Action', ' Adventure', ' Western']",6.8,/name/nm0298807/,"/name/nm0000243/,/name/nm0695435/,/name/nm0000160/,/name/nm0000352/",215232.0,93432655.0,0.4893617021276596,0.044731421604695
Transformers: Age of Extinction,tt2109248,2014.0,,"['Action', ' Adventure', ' Sci-Fi']",5.6,/name/nm0000881/,"/name/nm0000242/,/name/nm2443758/,/name/nm2930503/,/name/nm0001804/",317939.0,245439076.0,0.2340425531914893,0.08460981438591655
Pacific Rim,tt1663662,2013.0,,"['Action', ' Adventure', ' Sci-Fi']",6.9,/name/nm0868219/,"/name/nm0252961/,/name/nm0402271/,/name/nm0452860/,/name/nm0206359/",507813.0,101802906.0,0.5106382978723406,0.15833283181356667
Highlander,tt0091203,1986.0,,"['Action', ' Adventure', ' Fantasy']",7.1,/name/nm0611683/,"/name/nm0000483/,/name/nm0000125/,/name/nm0000317/,/name/nm0366509/",138674.0,5900000.0,0.5531914893617021,0.015005989116697501
Bumblebee,tt4701182,2018.0,,"['Action', ' Adventure', ' Sci-Fi']",6.7,/name/nm1325899/,"/name/nm2794962/,/name/nm7449863/,/name/nm1078479/,/name/nm6099602/",169911.0,127195589.0,0.46808510638297884,0.02713448430501979
The Great Wall,tt2034800,2016.0,,"['Action', ' Adventure', ' Fantasy']",5.9,/name/nm0955443/,"/name/nm0000354/,/name/nm1320897/,/name/nm0000353/,/name/nm0490489/",138819.0,45540830.0,0.297872340425532,0.01506228875502086
Everest,tt2719848,2015.0,,"['Action', ' Adventure', ' Biography']",7.1,/name/nm0466349/,"/name/nm0164809/,/name/nm7583273/,/name/nm0942876/,/name/nm0376540/",221462.0,43482270.0,0.5531914893617021,0.04715036468576066
Monty Python and the Holy Grail,tt0071853,1975.0,,"['Adventure', ' Comedy', ' Fantasy']",8.2,/name/nm0000416/,"/name/nm0001402/,/name/nm0001037/,/name/nm0000092/,/name/nm0001385/,/name/nm0000416/",546115.0,1229197.0,0.7872340425531914,0.1732044783450236
Mission: Impossible III,tt0317919,2006.0,,"['Action', ' Adventure', ' Thriller']",6.9,/name/nm0009190/,"/name/nm0000129/,/name/nm1157358/,/name/nm0000609/,/name/nm0000450/",361899.0,134029801.0,0.5106382978723406,0.10167831163208768
Back to the Future Part II,tt0096874,1989.0,,"['Adventure', ' Comedy', ' Sci-Fi']",7.8,/name/nm0000709/,"/name/nm0000150/,/name/nm0000502/,/name/nm0000670/,/name/nm0001855/",540001.0,118500000.0,0.7021276595744681,0.17083057497461662
Van Helsing,tt0338526,2004.0,,"['Action', ' Adventure', ' Fantasy']",6.0,/name/nm0814085/,"/name/nm0413168/,/name/nm0000295/,/name/nm0746896/,/name/nm0378175/",271049.0,120177084.0,0.31914893617021284,0.06640367617224584
Batman Forever,tt0112462,1995.0,,"['Action', ' Adventure']",5.4,/name/nm0001708/,"/name/nm0000174/,/name/nm0000169/,/name/nm0000120/,/name/nm0000173/",256293.0,184031112.0,0.19148936170212777,0.060674314357766726
Battleship,tt1440129,2012.0,,"['Action', ' Adventure', ' Sci-Fi']",5.8,/name/nm0000916/,"/name/nm0002907/,/name/nm2395937/,/name/nm0000553/,/name/nm1982597/",250485.0,65422625.0,0.2765957446808511,0.058419222637890435
Hercules,tt1267297,2014.0,,"['Action', ' Adventure', ' Fantasy']",6.0,/name/nm0711840/,"/name/nm0425005/,/name/nm0000457/,/name/nm0574534/,/name/nm0001212/",158532.0,72688614.0,0.31914893617021284,0.02271632165342331
X-Men: Days of Future Past,tt1877832,2014.0,,"['Action', ' Adventure', ' Sci-Fi']",7.9,/name/nm0001741/,"/name/nm0001772/,/name/nm0005212/,/name/nm0413168/,/name/nm0564215/",718367.0,233921534.0,0.7234042553191491,0.24008534248623087
Pirates of the Caribbean: At World's End,tt0449088,2007.0,,"['Action', ' Adventure', ' Fantasy']",7.1,/name/nm0893659/,"/name/nm0000136/,/name/nm0089217/,/name/nm0461136/,/name/nm0001691/",658765.0,309420425.0,0.5531914893617021,0.2169434732217565
Superman Returns,tt0348150,2006.0,,"['Action', ' Adventure', ' Sci-Fi']",6.1,/name/nm0001741/,"/name/nm0746125/,/name/nm0000228/,/name/nm0098378/,/name/nm0005188/",285581.0,200081192.0,0.3404255319148936,0.07204606475234954
Galaxy Quest,tt0177789,1999.0,,"['Adventure', ' Comedy', ' Sci-Fi']",7.4,/name/nm0661751/,"/name/nm0000741/,/name/nm0000244/,/name/nm0000614/,/name/nm0001724/",166455.0,71583916.0,0.6170212765957448,0.025792611546085135
The Chronicles of Riddick,tt0296572,2004.0,,"['Action', ' Adventure', ' Sci-Fi']",6.6,/name/nm0878638/,"/name/nm0004874/,/name/nm0001132/,/name/nm0272173/,/name/nm0628601/",232250.0,57761012.0,0.44680851063829785,0.051339057777018485
Conan the Barbarian,tt0082198,1982.0,,"['Action', ' Adventure', ' Fantasy']",6.9,/name/nm0587518/,"/name/nm0000216/,/name/nm0000469/,/name/nm0001884/,/name/nm0000922/",152794.0,39565475.0,0.5106382978723406,0.020488409069289323
Fear and Loathing in Las Vegas,tt0120669,1998.0,,"['Adventure', ' Comedy', ' Drama']",7.5,/name/nm0000416/,"/name/nm0000136/,/name/nm0001125/,/name/nm0001497/,/name/nm0324672/",287094.0,10680275.0,0.6382978723404257,0.0726335223577512
Tron,tt0084827,1982.0,,"['Action', ' Adventure', ' Sci-Fi']",6.7,/name/nm0513974/,"/name/nm0000313/,/name/nm0000310/,/name/nm0001831/,/name/nm0604563/",123755.0,33000000.0,0.46808510638297884,0.00921333874327559
The Dark Tower,tt1648190,2017.0,,"['Action', ' Adventure', ' Fantasy']",5.6,/name/nm1064048/,"/name/nm0252961/,/name/nm0000190/,/name/nm6999211/,/name/nm0371660/",140655.0,50701325.0,0.2340425531914893,0.015775158658204894
Planet of the Apes,tt0133152,2001.0,,"['Action', ' Adventure', ' Sci-Fi']",5.7,/name/nm0000318/,"/name/nm0000242/,/name/nm0000307/,/name/nm0000619/,/name/nm0003817/",222070.0,180011740.0,0.2553191489361703,0.04738643489335101
Commando,tt0088944,1985.0,,"['Action', ' Adventure', ' Thriller']",6.7,/name/nm0504495/,"/name/nm0000216/,/name/nm0001044/,/name/nm0000445/,/name/nm0920460/",164649.0,35100000.0,0.46808510638297884,0.02509138984393352
Terminator Genisys,tt1340138,2015.0,,"['Action', ' Adventure', ' Sci-Fi']",6.3,/name/nm0851930/,"/name/nm0000216/,/name/nm0164809/,/name/nm3592338/,/name/nm2541974/",281561.0,89760956.0,0.3829787234042553,0.07048520581400541
The Road Warrior,tt0082694,1981.0,,"['Action', ' Adventure', ' Sci-Fi']",7.6,/name/nm0004306/,"/name/nm0000154/,/name/nm0817748/,/name/nm0696463/,/name/nm0681041/",183726.0,12465371.0,0.6595744680851064,0.03249848088044869
Spider-Man 2,tt0316654,2004.0,,"['Action', ' Adventure', ' Sci-Fi']",7.4,/name/nm0000600/,"/name/nm0001497/,/name/nm0000379/,/name/nm0000547/,/name/nm0290556/",661539.0,373585825.0,0.6170212765957448,0.2180205435438875
Big Trouble in Little China,tt0090728,1986.0,,"['Action', ' Adventure', ' Comedy']",7.2,/name/nm0000118/,"/name/nm0000621/,/name/nm0000326/,/name/nm0241748/,/name/nm0393222/",143980.0,11100000.0,0.5744680851063831,0.017066167605964657
Mortal Engines,tt1571234,2018.0,,"['Action', ' Adventure', ' Fantasy']",6.1,/name/nm0729514/,"/name/nm2623492/,/name/nm1588066/,/name/nm0915989/,/name/nm3705886/",129047.0,15951040.0,0.3404255319148936,0.011268081405394282
Twister,tt0117998,1996.0,,"['Action', ' Adventure', ' Thriller']",6.4,/name/nm0000957/,"/name/nm0000166/,/name/nm0000200/,/name/nm0000144/,/name/nm0000415/",199936.0,241721524.0,0.4042553191489363,0.038792392171632356
John Carter,tt0401729,2012.0,,"['Action', ' Adventure', ' Sci-Fi']",6.6,/name/nm0004056/,"/name/nm2018237/,/name/nm1211488/,/name/nm0000353/,/name/nm0608090/",276296.0,73078100.0,0.44680851063829785,0.06844094653281589
Blood Diamond,tt0450259,2006.0,,"['Adventure', ' Drama', ' Thriller']",8.0,/name/nm0001880/,"/name/nm0000138/,/name/nm0005023/,/name/nm0000124/,/name/nm2218894/",556666.0,57366262.0,0.7446808510638299,0.17730115064812532
Planet of the Apes,tt0063442,1968.0,,"['Adventure', ' Sci-Fi']",8.0,/name/nm0769874/,"/name/nm0000032/,/name/nm0001522/,/name/nm0001375/,/name/nm0263052/",182878.0,33395426.0,0.7446808510638299,0.03216922506459898
The Living Daylights,tt0093428,1987.0,,"['Action', ' Adventure', ' Thriller']",6.7,/name/nm0322515/,"/name/nm0001096/,/name/nm0001881/,/name/nm0469103/,/name/nm0000833/",100823.0,51185897.0,0.46808510638297884,0.00030945387409459505
The Lost World: Jurassic Park,tt0119567,1997.0,,"['Action', ' Adventure', ' Sci-Fi']",6.5,/name/nm0000229/,"/name/nm0000156/,/name/nm0000194/,/name/nm0000592/,/name/nm0000681/",423391.0,229086679.0,0.4255319148936171,0.12555401756160442
Serenity,tt0379786,2005.0,,"['Action', ' Adventure', ' Sci-Fi']",7.8,/name/nm0923736/,"/name/nm0277213/,/name/nm0868659/,/name/nm0252230/,/name/nm0876138/",298311.0,25514517.0,0.7021276595744681,0.07698878472377262
Power Rangers,tt3717490,2017.0,,"['Action', ' Adventure', ' Fantasy']",5.9,/name/nm2410311/,"/name/nm4223882/,/name/nm4305463/,/name/nm5518972/,/name/nm3485108/",109801.0,85364450.0,0.297872340425532,0.00379537216972982
I Am Number Four,tt1464540,2011.0,,"['Action', ' Adventure', ' Sci-Fi']",6.1,/name/nm0142286/,"/name/nm1641117/,/name/nm0648249/,/name/nm1872698/,/name/nm1954240/",240259.0,55100437.0,0.3404255319148936,0.05444873917930658
Sucker Punch,tt0978764,2011.0,,"['Action', ' Adventure', ' Fantasy']",6.0,/name/nm0811583/,"/name/nm0115161/,/name/nm1227814/,/name/nm0180411/,/name/nm0540441/",245146.0,36392502.0,0.31914893617021284,0.05634623112748762
The Amazing Spider-Man 2,tt1872181,2014.0,,"['Action', ' Adventure', ' Sci-Fi']",6.6,/name/nm1989536/,"/name/nm1940449/,/name/nm1297015/,/name/nm0004937/,/name/nm0316079/",504903.0,202853933.0,0.44680851063829785,0.15720295631342202
Dogma,tt0120655,1999.0,,"['Adventure', ' Comedy', ' Drama']",7.3,/name/nm0003620/,"/name/nm0000255/,/name/nm0000354/,/name/nm0000400/,/name/nm0001069/",220760.0,30651422.0,0.5957446808510639,0.04687779678160205
xXx,tt0295701,2002.0,,"['Action', ' Adventure', ' Thriller']",5.8,/name/nm0003418/,"/name/nm0004874/,/name/nm0000782/,/name/nm0190744/,/name/nm0000168/",181730.0,142109382.0,0.2765957446808511,0.03172348723842509
Transformers: Dark of the Moon,tt1399103,2011.0,,"['Action', ' Adventure', ' Sci-Fi']",6.2,/name/nm0000881/,"/name/nm0479471/,/name/nm2492819/,/name/nm0879085/,/name/nm0241049/",413822.0,352390543.0,0.36170212765957455,0.12183862970563054
Crocodile Dundee,tt0090555,1986.0,,"['Action', ' Adventure', ' Comedy']",6.6,/name/nm0265363/,"/name/nm0001357/,/name/nm0468957/,/name/nm0576851/,/name/nm0347858/",108391.0,174635000.0,0.44680851063829785,0.003247906721206132
Moonraker,tt0079574,1979.0,,"['Action', ' Adventure', ' Sci-Fi']",6.2,/name/nm0318150/,"/name/nm0000549/,/name/nm0001042/,/name/nm0003909/,/name/nm0001423/",103300.0,70308099.0,0.36170212765957455,0.0012712070060046476
Rambo: First Blood Part II,tt0089880,1985.0,,"['Action', ' Adventure', ' Thriller']",6.5,/name/nm0181902/,"/name/nm0000230/,/name/nm0001077/,/name/nm0621008/,/name/nm0000925/",172595.0,150415432.0,0.4255319148936171,0.028176610024053535
The League of Extraordinary Gentlemen,tt0311429,2003.0,,"['Action', ' Adventure', ' Fantasy']",5.8,/name/nm0635759/,"/name/nm0000125/,/name/nm0870204/,/name/nm0933959/,/name/nm0002076/",178390.0,66465204.0,0.2765957446808511,0.030426654190149116
Transformers: Revenge of the Fallen,tt1055369,2009.0,,"['Action', ' Adventure', ' Sci-Fi']",5.9,/name/nm0000881/,"/name/nm0479471/,/name/nm1083271/,/name/nm0241049/,/name/nm0879085/",411356.0,402111870.0,0.297872340425532,0.12088114758076571
Warcraft,tt0803096,2016.0,,"['Action', ' Adventure', ' Fantasy']",6.7,/name/nm1512910/,"/name/nm1379938/,/name/nm1745736/,/name/nm0004936/,/name/nm1002641/",267404.0,47365290.0,0.46808510638297884,0.06498841974680694
Thor: The Dark World,tt1981115,2013.0,,"['Action', ' Adventure', ' Fantasy']",6.8,/name/nm0851930/,"/name/nm1165110/,/name/nm0000204/,/name/nm1089991/,/name/nm0001745/",690206.0,206362140.0,0.4893617021276596,0.22915117617709924
G.I. Joe: The Rise of Cobra,tt1046173,2009.0,,"['Action', ' Adventure', ' Sci-Fi']",5.7,/name/nm0814085/,"/name/nm0000598/,/name/nm1475594/,/name/nm0005541/,/name/nm0015382/",210521.0,152267519.0,0.2553191489361703,0.04290226576923749
Kong: Skull Island,tt3731562,2017.0,,"['Action', ' Adventure', ' Fantasy']",6.6,/name/nm3611349/,"/name/nm1089991/,/name/nm0000168/,/name/nm0488953/,/name/nm0000604/",324476.0,168052812.0,0.44680851063829785,0.08714795739088062
Maze Runner: The Scorch Trials,tt4046784,2015.0,,"['Action', ' Adventure', ' Sci-Fi']",6.3,/name/nm1226871/,"/name/nm3729721/,/name/nm2546012/,/name/nm1032473/,/name/nm0002064/",256144.0,81697192.0,0.3829787234042553,0.06061646162597238
Teenage Mutant Ninja Turtles,tt1291150,2014.0,,"['Action', ' Adventure', ' Comedy']",5.8,/name/nm0509448/,"/name/nm1083271/,/name/nm0004715/,/name/nm0001209/,/name/nm0279720/",213087.0,191204754.0,0.2765957446808511,0.04389857523087705
Ben-Hur,tt0052618,1959.0,,"['Adventure', ' Drama']",8.1,/name/nm0943758/,"/name/nm0000032/,/name/nm0370144/,/name/nm0000963/,/name/nm0361823/",241868.0,74700000.0,0.7659574468085106,0.05507347102801198
The Predator,tt3829266,2018.0,,"['Action', ' Adventure', ' Sci-Fi']",5.3,/name/nm0000948/,"/name/nm2933542/,/name/nm5218990/,/name/nm5016878/,/name/nm1221047/",135939.0,51024708.0,0.1702127659574468,0.013944061455908647
Die Another Day,tt0246460,2002.0,,"['Action', ' Adventure', ' Thriller']",6.1,/name/nm0848414/,"/name/nm0000112/,/name/nm0000932/,/name/nm0683253/,/name/nm0827170/",221995.0,160942139.0,0.3404255319148936,0.04735731439076996
National Lampoon's Vacation,tt0085995,1983.0,,"['Adventure', ' Comedy']",7.3,/name/nm0000601/,"/name/nm0000331/,/name/nm0000350/,/name/nm0168042/,/name/nm0001642/",112838.0,61400000.0,0.5957446808510639,0.004974558387578359
The Hitchhiker's Guide to the Galaxy,tt0371724,2005.0,,"['Adventure', ' Comedy', ' Sci-Fi']",6.7,/name/nm1134029/,"/name/nm0293509/,/name/nm0080049/,/name/nm0005377/,/name/nm0221046/",201187.0,51085416.0,0.46808510638297884,0.03927812215468423
Maze Runner: The Death Cure,tt4500922,2018.0,,"['Action', ' Adventure', ' Sci-Fi']",6.2,/name/nm1226871/,"/name/nm3729721/,/name/nm3859624/,/name/nm2546012/,/name/nm1032473/",145221.0,58032443.0,0.36170212765957455,0.01754801485533905
Barry Lyndon,tt0072684,1975.0,,"['Adventure', ' Drama', ' War']",8.1,/name/nm0000040/,"/name/nm0641939/,/name/nm0001943/,/name/nm0535861/,/name/nm0473228/",171031.0,5017971.0,0.7659574468085106,0.027569350476896765
Godzilla,tt0831387,2014.0,,"['Action', ' Adventure', ' Sci-Fi']",6.4,/name/nm2284484/,"/name/nm1093951/,/name/nm0647634/,/name/nm0186505/,/name/nm0913822/",418474.0,200676069.0,0.4042553191489363,0.12364487741239097
The Expendables,tt1320253,2010.0,,"['Action', ' Adventure', ' Thriller']",6.4,/name/nm0000230/,"/name/nm0000230/,/name/nm0005458/,/name/nm0001472/,/name/nm0000185/",349613.0,103068524.0,0.4042553191489363,0.0969079850359444
After Earth,tt1815862,2013.0,,"['Action', ' Adventure', ' Sci-Fi']",4.8,/name/nm0796117/,"/name/nm1535523/,/name/nm0219292/,/name/nm0000226/,/name/nm0645683/",203379.0,60522097.0,0.06382978723404252,0.0401292173767863
Clash of the Titans,tt0800320,2010.0,,"['Action', ' Adventure', ' Fantasy']",5.8,/name/nm0504642/,"/name/nm0941777/,/name/nm0000553/,/name/nm0000146/,/name/nm0002076/",285365.0,163214888.0,0.2765957446808511,0.07196219770491612
The Interview,tt2788710,2014.0,,"['Action', ' Adventure', ' Comedy']",6.5,/name/nm1698571/,"/name/nm0736622/,/name/nm0290556/,/name/nm0736622/,/name/nm1320827/,/name/nm0135221/",337233.0,6105175.0,0.4255319148936171,0.09210116074323288
Star Trek Into Darkness,tt1408101,2013.0,,"['Action', ' Adventure', ' Sci-Fi']",7.7,/name/nm0009190/,"/name/nm1517976/,/name/nm0704270/,/name/nm0757855/,/name/nm1212722/",486517.0,228778661.0,0.6808510638297873,0.15006416217402024
Into the Woods,tt2180411,2014.0,,"['Adventure', ' Comedy', ' Drama']",5.9,/name/nm0551128/,"/name/nm0447695/,/name/nm0000658/,/name/nm1517976/,/name/nm1289434/",143235.0,128002372.0,0.297872340425532,0.01677690394699292
Noah,tt1959490,2014.0,,"['Action', ' Adventure', ' Drama']",5.8,/name/nm0004716/,"/name/nm0000128/,/name/nm0000124/,/name/nm0000164/,/name/nm0914612/",257697.0,101200044.0,0.2765957446808511,0.06121945016608393
Total Recall,tt1386703,2012.0,,"['Action', ' Adventure', ' Sci-Fi']",6.2,/name/nm0936482/,"/name/nm0268199/,/name/nm0940158/,/name/nm0186505/,/name/nm0000295/",257476.0,58877969.0,0.36170212765957455,0.06113364175181178
The Bridge on the River Kwai,tt0050212,1957.0,,"['Adventure', ' Drama', ' War']",8.2,/name/nm0000180/,"/name/nm0000034/,/name/nm0000027/,/name/nm0370144/,/name/nm0370564/",223011.0,44908000.0,0.7872340425531914,0.04775180013240122
Diamonds Are Forever,tt0066995,1971.0,,"['Action', ' Adventure', ' Thriller']",6.5,/name/nm0357891/,"/name/nm0000125/,/name/nm0001762/,/name/nm0336509/,/name/nm0939836/",108627.0,43819547.0,0.4255319148936171,0.0033395392359944942
The Perfect Storm,tt0177971,2000.0,,"['Action', ' Adventure', ' Drama']",6.5,/name/nm0000583/,"/name/nm0000123/,/name/nm0000242/,/name/nm0000604/,/name/nm0000178/",170605.0,182618434.0,0.4255319148936171,0.027403946022236416
Ender's Game,tt1731141,2013.0,,"['Action', ' Adventure', ' Sci-Fi']",6.6,/name/nm0004303/,"/name/nm0000148/,/name/nm2633535/,/name/nm2794962/,/name/nm1113550/",243930.0,61737191.0,0.44680851063829785,0.05587409071230691
The Core,tt0298814,2003.0,,"['Action', ' Adventure', ' Sci-Fi']",5.5,/name/nm0000750/,"/name/nm0001173/,/name/nm0005476/,/name/nm0005148/,/name/nm0339304/",102802.0,31186896.0,0.21276595744680854,0.001077846868866494
The Divergent Series: Insurgent,tt2908446,2015.0,,"['Action', ' Adventure', ' Sci-Fi']",6.2,/name/nm0777881/,"/name/nm0940362/,/name/nm5052065/,/name/nm3772243/,/name/nm0000701/",242031.0,130179072.0,0.36170212765957455,0.05513675958695479
Green Lantern,tt1133985,2011.0,,"['Action', ' Adventure', ' Sci-Fi']",5.5,/name/nm0132709/,"/name/nm0005351/,/name/nm0515116/,/name/nm0765597/,/name/nm0835016/",288005.0,116601172.0,0.21276595744680854,0.07298723939576898
Lara Croft: Tomb Raider,tt0146316,2001.0,,"['Action', ' Adventure', ' Fantasy']",5.7,/name/nm0922346/,"/name/nm0001401/,/name/nm0000685/,/name/nm0322513/,/name/nm0852965/",212002.0,131144183.0,0.2553191489361703,0.04347729862687123
Hunt for the Wilderpeople,tt4698684,2016.0,,"['Adventure', ' Comedy', ' Drama']",7.8,/name/nm0169806/,"/name/nm0000554/,/name/nm5421877/,/name/nm0853498/,/name/nm1344302/",133091.0,5202582.0,0.7021276595744681,0.012838258904564347
Waterworld,tt0114898,1995.0,,"['Action', ' Adventure', ' Sci-Fi']",6.2,/name/nm0721817/,"/name/nm0000126/,/name/nm0000675/,/name/nm0000454/,/name/nm0001499/",199572.0,88246220.0,0.36170212765957455,0.03865106066577234
Licence to Kill,tt0097742,1989.0,,"['Action', ' Adventure', ' Thriller']",6.6,/name/nm0322515/,"/name/nm0001096/,/name/nm0001108/,/name/nm0000508/,/name/nm0000650/",106862.0,34667015.0,0.44680851063829785,0.0026542367419205167
Terminator Salvation,tt0438488,2009.0,,"['Action', ' Adventure', ' Sci-Fi']",6.5,/name/nm0629334/,"/name/nm0000288/,/name/nm0941777/,/name/nm0947338/,/name/nm1291227/",366037.0,125322469.0,0.4255319148936171,0.103284986827826
Assassin's Creed,tt2094766,2016.0,,"['Action', ' Adventure', ' Sci-Fi']",5.6,/name/nm0997291/,"/name/nm1055413/,/name/nm0182839/,/name/nm0000460/,/name/nm0322407/",201436.0,54647948.0,0.2340425531914893,0.039374802223253305
Last Action Hero,tt0107362,1993.0,,"['Action', ' Adventure', ' Comedy']",6.4,/name/nm0001532/,"/name/nm0000216/,/name/nm0000719/,/name/nm0138770/,/name/nm0001097/",154957.0,50016394.0,0.4042553191489363,0.021328244363726725
Conan the Barbarian,tt0816462,2011.0,,"['Action', ' Adventure', ' Fantasy']",5.1,/name/nm1197971/,"/name/nm0597388/,/name/nm0000579/,/name/nm0000535/,/name/nm0002332/",100217.0,21295021.0,0.12765957446808504,7.416021323973356e-05
Rambo,tt0462499,2008.0,,"['Action', ' Adventure', ' Thriller']",7.0,/name/nm0000230/,"/name/nm0000230/,/name/nm0004748/,/name/nm0550452/,/name/nm0574615/",235271.0,42754105.0,0.5319148936170214,0.05251203162098307
Jumper,tt0489099,2008.0,,"['Action', ' Adventure', ' Sci-Fi']",6.1,/name/nm0510731/,"/name/nm0159789/,/name/nm0000168/,/name/nm0068260/,/name/nm1377375/",310634.0,80172128.0,0.3404255319148936,0.08177347743452255
Godzilla: King of the Monsters,tt3741700,2019.0,,"['Action', ' Adventure', ' Fantasy']",6.0,/name/nm1002424/,"/name/nm0151419/,/name/nm0267812/,/name/nm5611121/,/name/nm0913822/",186696.0,110500138.0,0.31914893617021284,0.03365165278265816
Live and Let Die,tt0070328,1973.0,,"['Action', ' Adventure', ' Thriller']",6.7,/name/nm0357891/,"/name/nm0000549/,/name/nm0001433/,/name/nm0005412/,/name/nm0416378/",109903.0,35377836.0,0.46808510638297884,0.0038349760532400442
X-Men: The Last Stand,tt0376994,2006.0,,"['Action', ' Adventure', ' Sci-Fi']",6.6,/name/nm0711840/,"/name/nm0001772/,/name/nm0413168/,/name/nm0000932/,/name/nm0000463/",522111.0,234362462.0,0.44680851063829785,0.1638843644256175
Wild,tt2305051,2014.0,,"['Adventure', ' Biography', ' Drama']",7.1,/name/nm0885249/,"/name/nm0000702/,/name/nm0000368/,/name/nm0000451/,/name/nm0401264/",131157.0,37880356.0,0.5531914893617021,0.012087338211341076
The Man in the Iron Mask,tt0120744,1998.0,,"['Action', ' Adventure', ' Drama']",6.5,/name/nm0908824/,"/name/nm0000138/,/name/nm0000460/,/name/nm0000518/,/name/nm0000367/",170667.0,56968902.0,0.4255319148936171,0.02742801897103675
The Expendables 3,tt2333784,2014.0,,"['Action', ' Adventure', ' Thriller']",6.1,/name/nm0400850/,"/name/nm0000230/,/name/nm0005458/,/name/nm0001472/,/name/nm0000104/",185498.0,39322544.0,0.3404255319148936,0.0331865012880969
Jurassic Park III,tt0163025,2001.0,,"['Action', ' Adventure', ' Sci-Fi']",5.9,/name/nm0002653/,"/name/nm0000554/,/name/nm0000513/,/name/nm0000495/,/name/nm0005273/",326740.0,181171875.0,0.297872340425532,0.08802700829546051
The Man with the Golden Gun,tt0071807,1974.0,,"['Action', ' Adventure', ' Thriller']",6.7,/name/nm0357891/,"/name/nm0000549/,/name/nm0000489/,/name/nm0001180/,/name/nm0000726/",107750.0,20972000.0,0.46808510638297884,0.0029990234924801157
Octopussy,tt0086034,1983.0,,"['Action', ' Adventure', ' Thriller']",6.5,/name/nm0322515/,"/name/nm0000549/,/name/nm0000726/,/name/nm0431139/,/name/nm0915468/",108010.0,67900000.0,0.4255319148936171,0.0030999745680944124
Snow White and the Huntsman,tt1735898,2012.0,,"['Action', ' Adventure', ' Drama']",6.1,/name/nm2782185/,"/name/nm0829576/,/name/nm1165110/,/name/nm0000234/,/name/nm3510471/",292871.0,155332381.0,0.3404255319148936,0.07487657760322733
Prince of Persia: The Sands of Time,tt0473075,2010.0,,"['Action', ' Adventure', ' Fantasy']",6.6,/name/nm0001565/,"/name/nm0350453/,/name/nm2605345/,/name/nm0001426/,/name/nm0000547/",293293.0,90759676.0,0.44680851063829785,0.07504042896441669
The Spy Who Loved Me,tt0076752,1977.0,,"['Action', ' Adventure', ' Thriller']",7.0,/name/nm0318150/,"/name/nm0000549/,/name/nm0000819/,/name/nm0432007/,/name/nm0001423/",110946.0,46800000.0,0.5319148936170214,0.004239945175800474
War for the Planet of the Apes,tt3450958,2017.0,,"['Action', ' Adventure', ' Drama']",7.4,/name/nm0716257/,"/name/nm0785227/,/name/nm0000437/,/name/nm0001872/,/name/nm0465269/",261959.0,146880162.0,0.6170212765957448,0.06287427125942291
Dawn of the Planet of the Apes,tt2103281,2014.0,,"['Action', ' Adventure', ' Drama']",7.6,/name/nm0716257/,"/name/nm0000198/,/name/nm0005392/,/name/nm0785227/,/name/nm2240346/",446703.0,208545589.0,0.6595744680851064,0.1346054463105294
The Last Witch Hunter,tt1618442,2015.0,,"['Action', ' Adventure', ' Fantasy']",5.9,/name/nm0252135/,"/name/nm0004874/,/name/nm3310211/,/name/nm0000704/,/name/nm0959963/",105562.0,27367660.0,0.297872340425532,0.0021494813638490316
Exodus: Gods and Kings,tt1528100,2014.0,,"['Action', ' Adventure', ' Drama']",6.0,/name/nm0000631/,"/name/nm0000288/,/name/nm0249291/,/name/nm0001426/,/name/nm0000244/",170931.0,65014513.0,0.31914893617021284,0.027530523140122033
Jack the Giant Slayer,tt1351685,2013.0,,"['Action', ' Adventure', ' Fantasy']",6.2,/name/nm0001741/,"/name/nm0396558/,/name/nm0001804/,/name/nm0000191/,/name/nm0631490/",141339.0,65187603.0,0.36170212765957455,0.016040737641744046
Fantastic Four,tt0120667,2005.0,,"['Action', ' Adventure', ' Fantasy']",5.7,/name/nm1103162/,"/name/nm0344435/,/name/nm0004821/,/name/nm0262635/,/name/nm0004695/",333413.0,154696080.0,0.2553191489361703,0.0906179564784382
Rampage,tt2231461,2018.0,,"['Action', ' Adventure', ' Sci-Fi']",6.1,/name/nm0679031/,"/name/nm0425005/,/name/nm0365140/,/name/nm0015196/,/name/nm0604742/",172009.0,101028233.0,0.3404255319148936,0.02794908183055362
The Scorpion King,tt0277296,2002.0,,"['Action', ' Adventure', ' Fantasy']",5.5,/name/nm0751080/,"/name/nm0425005/,/name/nm0104526/,/name/nm0003817/,/name/nm0005026/",140682.0,91047077.0,0.21276595744680854,0.015785642039134073
Back to the Future Part III,tt0099088,1990.0,,"['Adventure', ' Comedy', ' Sci-Fi']",7.4,/name/nm0000709/,"/name/nm0000150/,/name/nm0000502/,/name/nm0005460/,/name/nm0001855/",453629.0,87727583.0,0.6170212765957448,0.13729462765554717
The A-Team,tt0429493,2010.0,,"['Action', ' Adventure', ' Thriller']",6.7,/name/nm0138620/,"/name/nm0000553/,/name/nm0177896/,/name/nm1663205/,/name/nm0004754/",261526.0,77222099.0,0.46808510638297884,0.06270614889118833
Independence Day: Resurgence,tt1628841,2016.0,,"['Action', ' Adventure', ' Sci-Fi']",5.2,/name/nm0000386/,"/name/nm2955013/,/name/nm0000156/,/name/nm0000597/,/name/nm2140860/",181957.0,103144286.0,0.148936170212766,0.031811625292903725
Mortal Kombat,tt0113855,1995.0,,"['Action', ' Adventure', ' Fantasy']",5.8,/name/nm0027271/,"/name/nm0000483/,/name/nm0795225/,/name/nm0000798/,/name/nm0846480/",119821.0,70454098.0,0.2765957446808511,0.0076858713145577275
Cliffhanger,tt0106582,1993.0,,"['Action', ' Adventure', ' Thriller']",6.5,/name/nm0001317/,"/name/nm0000230/,/name/nm0001475/,/name/nm0740264/,/name/nm0005508/",132671.0,84049211.0,0.4255319148936171,0.012675184090110482
G.I. Joe: Retaliation,tt1583421,2013.0,,"['Action', ' Adventure', ' Sci-Fi']",5.7,/name/nm0160840/,"/name/nm0425005/,/name/nm1475594/,/name/nm1597316/,/name/nm0496932/",183184.0,122523060.0,0.2553191489361703,0.032288036715129656
Rat Race,tt0250687,2001.0,,"['Action', ' Adventure', ' Comedy']",6.4,/name/nm0958387/,"/name/nm0005227/,/name/nm0005442/,/name/nm0000155/,/name/nm0896735/",118421.0,56618055.0,0.4042553191489363,0.007142288599711513
Easy Rider,tt0064276,1969.0,,"['Adventure', ' Drama']",7.3,/name/nm0000454/,"/name/nm0001228/,/name/nm0000454/,/name/nm0000197/,/name/nm0579234/",111983.0,41728598.0,0.5957446808510639,0.00464258465815442
For Your Eyes Only,tt0082398,1981.0,,"['Action', ' Adventure', ' Thriller']",6.7,/name/nm0322515/,"/name/nm0000549/,/name/nm0000962/,/name/nm0867694/,/name/nm0000468/",103441.0,62300000.0,0.46808510638297884,0.0013259535508570164
Knight and Day,tt1013743,2010.0,,"['Action', ' Adventure', ' Comedy']",6.3,/name/nm0003506/,"/name/nm0000129/,/name/nm0000139/,/name/nm0765597/,/name/nm0003244/",199269.0,76423035.0,0.3829787234042553,0.038533413835344914
The Fall,tt0460791,2006.0,,"['Adventure', ' Drama', ' Fantasy']",7.8,/name/nm0802248/,"/name/nm1195855/,/name/nm1942458/,/name/nm0905311/,/name/nm2440242/",113538.0,2280348.0,0.7021276595744681,0.005246349745001466
Men in Black: International,tt2283336,2019.0,,"['Action', ' Adventure', ' Comedy']",5.6,/name/nm0336620/,"/name/nm1165110/,/name/nm1935086/,/name/nm3529685/,/name/nm0272581/",137324.0,80001807.0,0.2340425531914893,0.014481820070238653
Predators,tt1424381,2010.0,,"['Action', ' Adventure', ' Sci-Fi']",6.4,/name/nm0030735/,"/name/nm0004778/,/name/nm0000401/,/name/nm0333410/,/name/nm0103797/",234768.0,52000688.0,0.4042553191489363,0.05231673011700618
Star Trek II: The Wrath of Khan,tt0084726,1982.0,,"['Action', ' Adventure', ' Sci-Fi']",7.7,/name/nm0583292/,"/name/nm0000638/,/name/nm0000559/,/name/nm0001420/,/name/nm0001150/",123752.0,78912963.0,0.6808510638297873,0.009212173923172348
Wild Hogs,tt0486946,2007.0,,"['Action', ' Adventure', ' Comedy']",5.8,/name/nm0065608/,"/name/nm0000741/,/name/nm0001454/,/name/nm0000237/,/name/nm0000513/",120180.0,168273550.0,0.2765957446808511,0.007825261453579006
Rambo III,tt0095956,1988.0,,"['Action', ' Adventure', ' Thriller']",5.8,/name/nm0003423/,"/name/nm0000230/,/name/nm0001077/,/name/nm0209030/,/name/nm0001748/",133821.0,53715611.0,0.2765957446808511,0.013121698463019874
Die Hard with a Vengeance,tt0112864,1995.0,,"['Action', ' Adventure', ' Thriller']",7.6,/name/nm0001532/,"/name/nm0000246/,/name/nm0000460/,/name/nm0000168/,/name/nm0001295/",392697.0,100012499.0,0.6595744680851064,0.11363635481196892
Jupiter Ascending,tt1617661,2015.0,,"['Action', ' Adventure', ' Sci-Fi']",5.3,/name/nm0905154/,"/name/nm0905152/,/name/nm1475594/,/name/nm0005109/,/name/nm1519666/,/name/nm0000293/",190166.0,47387723.0,0.1702127659574468,0.034998961368741276
The Bourne Legacy,tt1194173,2012.0,,"['Action', ' Adventure', ' Thriller']",6.6,/name/nm0006904/,"/name/nm0719637/,/name/nm0001838/,/name/nm0001570/,/name/nm0001277/",305484.0,113203870.0,0.44680851063829785,0.07977386959062398
Paul,tt1092026,2011.0,,"['Adventure', ' Comedy', ' Sci-Fi']",6.9,/name/nm0609549/,"/name/nm0670408/,/name/nm0296545/,/name/nm0736622/,/name/nm1904886/",256321.0,37412945.0,0.5106382978723406,0.06068518601206365
The Day the Earth Stood Still,tt0970416,2008.0,,"['Adventure', ' Drama', ' Sci-Fi']",5.5,/name/nm0220600/,"/name/nm0000206/,/name/nm0000124/,/name/nm0000870/,/name/nm1535523/",172637.0,79366978.0,0.21276595744680854,0.028192917505498922
The Darjeeling Limited,tt0838221,2007.0,,"['Adventure', ' Comedy', ' Drama']",7.2,/name/nm0027572/,"/name/nm0005562/,/name/nm0004778/,/name/nm0005403/,/name/nm2496312/",203590.0,11902715.0,0.5744680851063831,0.04021114305738098
The 5th Wave,tt2304933,2016.0,,"['Action', ' Adventure', ' Sci-Fi']",5.2,/name/nm2128335/,"/name/nm1631269/,/name/nm2832703/,/name/nm4388400/,/name/nm3173395/",111742.0,34916787.0,0.148936170212766,0.004549010776527322
Battle Royale,tt0266308,2000.0,,"['Action', ' Adventure', ' Drama']",7.6,/name/nm0297935/,"/name/nm0297885/,/name/nm0535329/,/name/nm0945500/,/name/nm0475752/",185787.0,5017971.0,0.6595744680851064,0.03329871229137587
The Expendables 2,tt1764651,2012.0,,"['Action', ' Adventure', ' Thriller']",6.6,/name/nm0922346/,"/name/nm0000230/,/name/nm2955013/,/name/nm1330276/,/name/nm0000241/",310563.0,85017401.0,0.44680851063829785,0.0817459100254125
Attack the Block,tt1478964,2011.0,,"['Action', ' Adventure', ' Comedy']",6.6,/name/nm0180428/,"/name/nm3915784/,/name/nm2092886/,/name/nm3906429/,/name/nm3915728/",108124.0,1024175.0,0.44680851063829785,0.0031442377320176043
Reign of Fire,tt0253556,2002.0,,"['Action', ' Adventure', ' Fantasy']",6.2,/name/nm0101385/,"/name/nm0000190/,/name/nm0000288/,/name/nm0001713/,/name/nm0124930/",138979.0,43061982.0,0.36170212765957455,0.015124412493860427
The Grey,tt1601913,2011.0,,"['Action', ' Adventure', ' Drama']",6.8,/name/nm0138620/,"/name/nm0000553/,/name/nm0000551/,/name/nm0342029/,/name/nm1316767/",255425.0,51580136.0,0.4893617021276596,0.06033729307456208
Hero,tt0299977,2002.0,,"['Action', ' Adventure', ' Drama']",7.9,/name/nm0955443/,"/name/nm0001472/,/name/nm0504897/,/name/nm0001041/,/name/nm0955471/",183153.0,53710019.0,0.7234042553191491,0.03227600024072949
Mad Max Beyond Thunderdome,tt0089530,1985.0,,"['Action', ' Adventure', ' Sci-Fi']",6.2,/name/nm0004306/,"/name/nm0644695/,/name/nm0000154/,/name/nm0877913/,/name/nm0817748/,/name/nm0168284/",139409.0,36200000.0,0.36170212765957455,0.015291370041991765
Harold & Kumar Go to White Castle,tt0366551,2004.0,,"['Adventure', ' Comedy']",7.0,/name/nm0500444/,"/name/nm0158626/,/name/nm0671980/,/name/nm0256121/,/name/nm0863999/",199064.0,18225165.0,0.5319148936170214,0.03845381779495672
The Bucket List,tt0825232,2007.0,,"['Adventure', ' Comedy', ' Drama']",7.4,/name/nm0001661/,"/name/nm0000197/,/name/nm0000151/,/name/nm0005003/,/name/nm0865119/",249147.0,93466502.0,0.6170212765957448,0.057899712871844554
Æon Flux,tt0402022,2005.0,,"['Action', ' Adventure', ' Sci-Fi']",5.4,/name/nm0476201/,"/name/nm0000234/,/name/nm0000531/,/name/nm0645683/,/name/nm0190744/",129962.0,25857987.0,0.19148936170212777,0.011623351536883058
Maverick,tt0110478,1994.0,,"['Action', ' Adventure', ' Comedy']",7.0,/name/nm0001149/,"/name/nm0000154/,/name/nm0000149/,/name/nm0001258/,/name/nm0001295/",113929.0,101631272.0,0.5319148936170214,0.005398164631790658
The Rundown,tt0327850,2003.0,,"['Action', ' Adventure', ' Comedy']",6.6,/name/nm0000916/,"/name/nm0425005/,/name/nm0005405/,/name/nm0000686/,/name/nm0206257/",109235.0,47726342.0,0.44680851063829785,0.0035756094435848503
The Huntsman: Winter's War,tt2381991,2016.0,,"['Action', ' Adventure', ' Drama']",6.1,/name/nm1031639/,"/name/nm1165110/,/name/nm1567113/,/name/nm0000234/,/name/nm1289434/",112662.0,48390190.0,0.3404255319148936,0.004906222274854834
The Lone Ranger,tt1210819,2013.0,,"['Action', ' Adventure', ' Western']",6.4,/name/nm0893659/,"/name/nm0000136/,/name/nm2309517/,/name/nm0001209/,/name/nm0929489/",237273.0,89302115.0,0.4042553191489363,0.053289354903213154
Hanna,tt0993842,2011.0,,"['Action', ' Adventure', ' Drama']",6.8,/name/nm0942504/,"/name/nm1519680/,/name/nm0000949/,/name/nm0051509/,/name/nm3043279/",201155.0,40259119.0,0.4893617021276596,0.039265697406916315
Brahmastra Part One: Shiva,tt6277462,2022.0,,"['Action', ' Adventure', ' Fantasy']",5.6,/name/nm2209781/,"/name/nm0000821/,/name/nm1633541/,/name/nm1017633/,/name/nm0015459/",107136.0,5017971.0,0.2340425531914893,0.0027606236446832758
Star Trek: First Contact,tt0117731,1996.0,,"['Action', ' Adventure', ' Drama']",7.6,/name/nm0000408/,"/name/nm0001772/,/name/nm0000408/,/name/nm0000653/,/name/nm0000996/",127161.0,92001027.0,0.6595744680851064,0.010535797833822882
Superman II,tt0081573,1980.0,,"['Action', ' Adventure', ' Sci-Fi']",6.8,/name/nm0504513/,"/name/nm0001149/,/name/nm0000432/,/name/nm0001659/,/name/nm0452288/,/name/nm0000885/",109416.0,108185706.0,0.4893617021276596,0.003645886923147111
Three Kings,tt0120188,1999.0,,"['Action', ' Adventure', ' Comedy']",7.1,/name/nm0751102/,"/name/nm0000123/,/name/nm0000242/,/name/nm0001084/,/name/nm0005069/",174509.0,60652036.0,0.5531914893617021,0.02891976524992186
Get Smart,tt0425061,2008.0,,"['Action', ' Adventure', ' Comedy']",6.5,/name/nm0781842/,"/name/nm0136797/,/name/nm0004266/,/name/nm0000273/,/name/nm0425005/",220879.0,130319208.0,0.4255319148936171,0.04692400131236398
The Time Machine,tt0268695,2002.0,,"['Action', ' Adventure', ' Sci-Fi']",6.0,/name/nm0920425/,"/name/nm0001602/,/name/nm0034733/,/name/nm0004692/,/name/nm0492373/",126160.0,56684819.0,0.31914893617021284,0.010147136192707839
Lara Croft Tomb Raider: The Cradle of Life,tt0325703,2003.0,,"['Action', ' Adventure', ' Fantasy']",5.5,/name/nm0000957/,"/name/nm0001401/,/name/nm0124930/,/name/nm0057368/,/name/nm0001354/",140386.0,65660196.0,0.21276595744680854,0.015670713122280872
Gemini Man,tt1025100,2019.0,,"['Action', ' Adventure', ' Sci-Fi']",5.7,/name/nm0000487/,"/name/nm0000226/,/name/nm0935541/,/name/nm0654110/,/name/nm0938950/",115431.0,48546770.0,0.2553191489361703,0.005981351230147098
The Promise,tt4776998,2016.0,,"['Action', ' Adventure', ' Drama']",6.0,/name/nm0313623/,"/name/nm1209966/,/name/nm3114649/,/name/nm0000288/,/name/nm0319843/",176855.0,5017971.0,0.31914893617021284,0.029830654570657016
Broken Arrow,tt0115759,1996.0,,"['Action', ' Adventure', ' Thriller']",6.1,/name/nm0000247/,"/name/nm0000237/,/name/nm0000225/,/name/nm0000526/,/name/nm0005148/",100647.0,70770147.0,0.3404255319148936,0.00024111776137107093
Poseidon,tt0409182,2006.0,,"['Action', ' Adventure', ' Thriller']",5.7,/name/nm0000583/,"/name/nm0000377/,/name/nm0000621/,/name/nm0002536/,/name/nm0524197/",106592.0,60674817.0,0.2553191489361703,0.0025494029326287465
Fantastic Four: Rise of the Silver Surfer,tt0486576,2007.0,,"['Action', ' Adventure', ' Fantasy']",5.6,/name/nm1103162/,"/name/nm0344435/,/name/nm0004695/,/name/nm0262635/,/name/nm0004821/",268862.0,131921738.0,0.2340425531914893,0.0655545223169825
The Treasure of the Sierra Madre,tt0040897,1948.0,,"['Adventure', ' Drama', ' Western']",8.2,/name/nm0001379/,"/name/nm0000007/,/name/nm0404158/,/name/nm0392529/,/name/nm0071636/",126204.0,5014000.0,0.7872340425531914,0.010164220220888719
Battle Los Angeles,tt1217613,2011.0,,"['Action', ' Adventure', ' Sci-Fi']",5.7,/name/nm0509448/,"/name/nm0001173/,/name/nm0735442/,/name/nm0005256/,/name/nm1913125/",181758.0,83552429.0,0.2553191489361703,0.03173435889272201
Skyscraper,tt5758778,2018.0,,"['Action', ' Adventure', ' Thriller']",5.8,/name/nm1098493/,"/name/nm0425005/,/name/nm0000117/,/name/nm1977856/,/name/nm3435612/",125013.0,68420120.0,0.2765957446808511,0.00970178663990169
Transporter 3,tt1129442,2008.0,,"['Action', ' Adventure', ' Thriller']",6.0,/name/nm0576298/,"/name/nm0005458/,/name/nm0460694/,/name/nm3130063/,/name/nm0075710/",169844.0,31715062.0,0.31914893617021284,0.027108469989380723
Tenacious D in the Pick of Destiny,tt0365830,2006.0,,"['Adventure', ' Comedy', ' Music']",6.8,/name/nm0528381/,"/name/nm0085312/,/name/nm0309307/,/name/nm0715469/,/name/nm0227875/",110771.0,8319186.0,0.4893617021276596,0.004171997336444697
Johnny English,tt0274166,2003.0,,"['Action', ' Adventure', ' Comedy']",6.2,/name/nm0398185/,"/name/nm0000100/,/name/nm0000518/,/name/nm0001386/,/name/nm0212046/",164278.0,28082366.0,0.36170212765957455,0.024947340424499274
Rescue Dawn,tt0462504,2006.0,,"['Adventure', ' Biography', ' War']",7.3,/name/nm0001348/,"/name/nm0000288/,/name/nm0001872/,/name/nm0001111/,/name/nm0340260/",107667.0,5490423.0,0.5957446808510639,0.00296679680295709
Wrath of the Titans,tt1646987,2012.0,,"['Action', ' Adventure', ' Fantasy']",5.7,/name/nm0509448/,"/name/nm0941777/,/name/nm0000553/,/name/nm0683253/,/name/nm0000146/",191139.0,83670083.0,0.2553191489361703,0.03537675135555939
The Forbidden Kingdom,tt0865556,2008.0,,"['Action', ' Adventure', ' Fantasy']",6.5,/name/nm0591450/,"/name/nm0000329/,/name/nm0001472/,/name/nm0029400/,/name/nm2973494/",106902.0,52075270.0,0.4255319148936171,0.0026697676766304084
Shanghai Noon,tt0184894,2000.0,,"['Action', ' Adventure', ' Comedy']",6.6,/name/nm0223359/,"/name/nm0000329/,/name/nm0005562/,/name/nm0005154/,/name/nm0581266/",129735.0,56937502.0,0.44680851063829785,0.011535213482404421
Johnny English Reborn,tt1634122,2011.0,,"['Action', ' Adventure', ' Comedy']",6.3,/name/nm0662529/,"/name/nm0000100/,/name/nm0683253/,/name/nm0922035/,/name/nm0054087/",133632.0,8305970.0,0.3829787234042553,0.013048314796515635
The Motorcycle Diaries,tt0318462,2004.0,,"['Adventure', ' Biography', ' Drama']",7.7,/name/nm0758574/,"/name/nm0305558/,/name/nm0209404/,/name/nm0535502/,/name/nm0608187/",102337.0,16781387.0,0.6808510638297873,0.0008972997528640014
Shanghai Knights,tt0300471,2003.0,,"['Action', ' Adventure', ' Comedy']",6.2,/name/nm0229694/,"/name/nm0000329/,/name/nm0005562/,/name/nm0939056/,/name/nm1093951/",108274.0,60476872.0,0.36170212765957455,0.0032024787371796987
Harold & Kumar Escape from Guantanamo Bay,tt0481536,2008.0,,"['Adventure', ' Comedy']",6.5,/name/nm1375358/,"/name/nm1376383/,/name/nm0158626/,/name/nm0671980/,/name/nm0000439/,/name/nm1117791/",138820.0,38087366.0,0.4255319148936171,0.015062677028388607
The Matrix,tt0133093,1999.0,,"['Action', ' Sci-Fi']",8.7,/name/nm0905154/,"/name/nm0905152/,/name/nm0000206/,/name/nm0000401/,/name/nm0005251/,/name/nm0915989/",1928040.0,171479930.0,0.8936170212765957,0.7097691520692059
Don't Look Up,tt11286314,2021.0,,"['Comedy', ' Drama', ' Sci-Fi']",7.2,/name/nm0570912/,"/name/nm0000138/,/name/nm2225369/,/name/nm0000658/,/name/nm0000949/",545331.0,5017971.0,0.5744680851063831,0.17290007202470972
Tenet,tt6723592,2020.0,,"['Action', ' Sci-Fi', ' Thriller']",7.3,/name/nm0634240/,"/name/nm0913475/,/name/nm1500155/,/name/nm4456120/,/name/nm1798449/",516838.0,58456624.0,0.5957446808510639,0.16183699895748602
Ant-Man,tt0478970,2015.0,,"['Action', ' Comedy', ' Sci-Fi']",7.3,/name/nm0715636/,"/name/nm0748620/,/name/nm0000140/,/name/nm1015684/,/name/nm1431940/",675528.0,180202163.0,0.5957446808510639,0.22345209968530444
The Butterfly Effect,tt0289879,2004.0,,"['Drama', ' Sci-Fi', ' Thriller']",7.6,/name/nm0107774/,"/name/nm0344259/,/name/nm0005110/,/name/nm0005442/,/name/nm0001828/,/name/nm0711805/",495648.0,57938693.0,0.6595744680851064,0.1536094862949208
Blade Runner,tt0083658,1982.0,,"['Action', ' Drama', ' Sci-Fi']",8.1,/name/nm0000631/,"/name/nm0000148/,/name/nm0000442/,/name/nm0000707/,/name/nm0001579/",777472.0,32868943.0,0.7659574468085106,0.2630342398869348
The Terminator,tt0088247,1984.0,,"['Action', ' Sci-Fi']",8.1,/name/nm0000116/,"/name/nm0000216/,/name/nm0000157/,/name/nm0000299/,/name/nm0934902/",873703.0,38400000.0,0.7659574468085106,0.30039817433862487
Terminator 2: Judgment Day,tt0103064,1991.0,,"['Action', ' Sci-Fi']",8.6,/name/nm0000116/,"/name/nm0000216/,/name/nm0000157/,/name/nm0000411/,/name/nm0001598/",1107922.0,204843350.0,0.8723404255319149,0.3913391742590288
Ex Machina,tt0470752,2014.0,,"['Drama', ' Sci-Fi', ' Thriller']",7.7,/name/nm0307497/,"/name/nm2539953/,/name/nm1727304/,/name/nm1209966/,/name/nm4420495/",552898.0,25442958.0,0.6808510638297873,0.17583813659845351
Close Encounters of the Third Kind,tt0075860,1977.0,,"['Drama', ' Sci-Fi']",7.6,/name/nm0000229/,"/name/nm0000377/,/name/nm0000076/,/name/nm0000414/,/name/nm0227039/",205565.0,132088635.0,0.6595744680851064,0.04097798295868189
Logan,tt3315342,2017.0,,"['Action', ' Drama', ' Sci-Fi']",8.1,/name/nm0003506/,"/name/nm0413168/,/name/nm0001772/,/name/nm6748436/,/name/nm2933542/",772831.0,226277068.0,0.7659574468085106,0.2612322631872196
The Matrix Resurrections,tt10838180,2021.0,,"['Action', ' Sci-Fi']",5.7,/name/nm0905154/,"/name/nm0000206/,/name/nm0005251/,/name/nm5584344/,/name/nm2676147/",254697.0,5017971.0,0.2553191489361703,0.06005463006284204
The Avengers,tt0848228,2012.0,,"['Action', ' Sci-Fi']",8.0,/name/nm0923736/,"/name/nm0000375/,/name/nm0262635/,/name/nm0424060/,/name/nm0719637/",1400267.0,623279547.0,0.7446808510638299,0.5048489519531121
A.I. Artificial Intelligence,tt0212720,2001.0,,"['Drama', ' Sci-Fi']",7.2,/name/nm0000229/,"/name/nm0005286/,/name/nm0000179/,/name/nm0640323/,/name/nm0730168/",311665.0,78616689.0,0.5744680851063831,0.08217378727667002
Mars Attacks!,tt0116996,1996.0,,"['Comedy', ' Sci-Fi']",6.4,/name/nm0000318/,"/name/nm0000197/,/name/nm0000112/,/name/nm0000572/,/name/nm0000906/",231673.0,37771017.0,0.4042553191489363,0.0511150240438283
Ghostbusters,tt0087332,1984.0,,"['Action', ' Comedy', ' Fantasy']",7.8,/name/nm0718645/,"/name/nm0000195/,/name/nm0000101/,/name/nm0000244/,/name/nm0000601/",420984.0,238632124.0,0.7021276595744681,0.12461944356543668
WarGames,tt0086567,1983.0,,"['Action', ' Drama', ' Sci-Fi']",7.1,/name/nm0000824/,"/name/nm0000111/,/name/nm0000639/,/name/nm0939795/,/name/nm0001056/",102762.0,79568000.0,0.5531914893617021,0.0010623159341566022
Captain America: Civil War,tt3498820,2016.0,,"['Action', ' Sci-Fi']",7.8,/name/nm0751577/,"/name/nm0751648/,/name/nm0262635/,/name/nm0000375/,/name/nm0424060/,/name/nm1659221/",797142.0,408084349.0,0.7021276595744681,0.27067157703052414
V for Vendetta,tt0434409,2005.0,,"['Action', ' Drama', ' Sci-Fi']",8.2,/name/nm0574625/,"/name/nm0915989/,/name/nm0000204/,/name/nm0001291/,/name/nm0001653/",1129458.0,70511035.0,0.7872340425531914,0.39970102950683456
In Time,tt1637688,2011.0,,"['Action', ' Sci-Fi', ' Thriller']",6.7,/name/nm0629272/,"/name/nm0005493/,/name/nm1086543/,/name/nm0614165/,/name/nm1312575/",417470.0,37520095.0,0.46808510638297884,0.12325505095117269
Predestination,tt2397535,2014.0,,"['Action', ' Drama', ' Sci-Fi']",7.4,/name/nm1294961/,"/name/nm1294962/,/name/nm0000160/,/name/nm3512758/,/name/nm0852965/,/name/nm0922210/",287388.0,68372.0,0.6170212765957448,0.0727476747278689
The Running Man,tt0093894,1987.0,,"['Action', ' Sci-Fi', ' Thriller']",6.6,/name/nm0001274/,"/name/nm0000216/,/name/nm0000744/,/name/nm0001433/,/name/nm0000987/",156857.0,38122105.0,0.44680851063829785,0.02206596376244659
Cowboys & Aliens,tt0409847,2011.0,,"['Action', ' Sci-Fi', ' Thriller']",6.0,/name/nm0269463/,"/name/nm0185819/,/name/nm0000148/,/name/nm1312575/,/name/nm0817844/",224046.0,100240551.0,0.31914893617021284,0.04815366306801967
Snowpiercer,tt1706620,2013.0,,"['Action', ' Drama', ' Sci-Fi']",7.1,/name/nm0094435/,"/name/nm0262635/,/name/nm0068260/,/name/nm0842770/,/name/nm0000438/",366592.0,4563650.0,0.5531914893617021,0.10350047854692575
Godzilla vs. Kong,tt5034838,2021.0,,"['Action', ' Sci-Fi', ' Thriller']",6.3,/name/nm1417392/,"/name/nm0002907/,/name/nm5611121/,/name/nm0356017/,/name/nm3109964/",213796.0,100916094.0,0.3829787234042553,0.04417386104860988
Children of Men,tt0206634,2006.0,,"['Action', ' Drama', ' Sci-Fi']",7.9,/name/nm0190859/,"/name/nm0000194/,/name/nm0654110/,/name/nm0252230/,/name/nm0000323/",505730.0,35552383.0,0.7234042553191491,0.15752405838854905
Sunshine,tt0448134,2007.0,,"['Sci-Fi', ' Thriller']",7.2,/name/nm0000965/,"/name/nm0614165/,/name/nm0126284/,/name/nm0262635/,/name/nm0193295/",254043.0,3675753.0,0.5744680851063831,0.059800699280335316
Terminator 3: Rise of the Machines,tt0181852,2003.0,,"['Action', ' Sci-Fi']",6.3,/name/nm0609236/,"/name/nm0000216/,/name/nm0001763/,/name/nm0518085/,/name/nm0000132/",404159.0,150371112.0,0.3829787234042553,0.11808674415308842
Deep Impact,tt0120647,1998.0,,"['Action', ' Drama', ' Sci-Fi']",6.2,/name/nm0001460/,"/name/nm0000380/,/name/nm0000495/,/name/nm0000704/,/name/nm0000151/",181405.0,140464664.0,0.36170212765957455,0.031597298393907215
Hot Tub Time Machine,tt1231587,2010.0,,"['Comedy', ' Sci-Fi']",6.4,/name/nm0684336/,"/name/nm0000131/,/name/nm1117791/,/name/nm0732497/,/name/nm0241173/",178211.0,50287556.0,0.4042553191489363,0.03035715325732235
Gravity,tt1454468,2013.0,,"['Drama', ' Sci-Fi', ' Thriller']",7.7,/name/nm0190859/,"/name/nm0000113/,/name/nm0000123/,/name/nm0000438/,/name/nm1241511/",833290.0,274092705.0,0.6808510638297873,0.2847068827278534
Venom: Let There Be Carnage,tt7097896,2021.0,,"['Action', ' Sci-Fi', ' Thriller']",5.9,/name/nm0785227/,"/name/nm0362766/,/name/nm0000437/,/name/nm0931329/,/name/nm0365140/",229833.0,213550366.0,0.297872340425532,0.050400601047173275
Limitless,tt1219289,2011.0,,"['Sci-Fi', ' Thriller']",7.4,/name/nm1139726/,"/name/nm0177896/,/name/nm0295484/,/name/nm0180411/,/name/nm0000134/",581473.0,79249455.0,0.6170212765957448,0.1869330480818325
Downsizing,tt1389072,2017.0,,"['Drama', ' Fantasy', ' Sci-Fi']",5.8,/name/nm0668247/,"/name/nm0000354/,/name/nm0910607/,/name/nm2186865/,/name/nm1325419/",113718.0,24449754.0,0.2765957446808511,0.005316238951195979
District 9,tt1136608,2009.0,,"['Action', ' Sci-Fi', ' Thriller']",7.9,/name/nm0088955/,"/name/nm1663205/,/name/nm3107870/,/name/nm2271261/,/name/nm1410076/",688276.0,115646235.0,0.7234042553191491,0.22840180857734696
X: First Class,tt1270798,2011.0,,"['Action', ' Sci-Fi']",7.7,/name/nm0891216/,"/name/nm0564215/,/name/nm1055413/,/name/nm2225369/,/name/nm0000102/",698608.0,146408305.0,0.6808510638297873,0.23241344901291203
Lucy,tt2872732,2014.0,,"['Action', ' Sci-Fi', ' Thriller']",6.4,/name/nm0000108/,"/name/nm0424060/,/name/nm0000151/,/name/nm0158856/,/name/nm0906756/",504021.0,126663600.0,0.4042553191489363,0.1568604992030689
Upgrade,tt6499752,2018.0,,"['Action', ' Sci-Fi', ' Thriller']",7.5,/name/nm1191481/,"/name/nm1334869/,/name/nm2177933/,/name/nm2114889/,/name/nm1980534/",189458.0,11977130.0,0.6382978723404257,0.03472406382437619
Gamer,tt1034032,2009.0,,"['Action', ' Sci-Fi', ' Thriller']",5.7,/name/nm0004410/,"/name/nm0962729/,/name/nm0124930/,/name/nm0355910/,/name/nm0524839/,/name/nm0005520/",136532.0,20488579.0,0.2553191489361703,0.014174307562982793
Iron Man 2,tt1228705,2010.0,,"['Action', ' Sci-Fi']",6.9,/name/nm0269463/,"/name/nm0000375/,/name/nm0000620/,/name/nm0000569/,/name/nm0000332/",825503.0,312433331.0,0.5106382978723406,0.2816833980132052
Pixels,tt2120120,2015.0,,"['Action', ' Comedy', ' Fantasy']",5.6,/name/nm0001060/,"/name/nm0001191/,/name/nm0416673/,/name/nm1157358/,/name/nm0227759/",147709.0,78747585.0,0.2340425531914893,0.018514038994294324
Geostorm,tt1981128,2017.0,,"['Action', ' Sci-Fi', ' Thriller']",5.3,/name/nm0002041/,"/name/nm0124930/,/name/nm0836343/,/name/nm0180411/,/name/nm0487884/",110684.0,33700160.0,0.1702127659574468,0.0041382175534506824
Looper,tt1276104,2012.0,,"['Action', ' Drama', ' Sci-Fi']",7.4,/name/nm0426059/,"/name/nm0330687/,/name/nm0000246/,/name/nm1289434/,/name/nm0200452/",582083.0,66486205.0,0.6170212765957448,0.18716989483615834
Gattaca,tt0119177,1997.0,,"['Drama', ' Sci-Fi', ' Thriller']",7.8,/name/nm0629272/,"/name/nm0000160/,/name/nm0000235/,/name/nm0000179/,/name/nm0000683/",308572.0,12339633.0,0.7021276595744681,0.08097285775022763
X-Men Origins: Wolverine,tt0458525,2009.0,,"['Action', ' Sci-Fi']",6.5,/name/nm0004303/,"/name/nm0413168/,/name/nm0000630/,/name/nm0005351/,/name/nm0396812/",510543.0,179883157.0,0.4255319148936171,0.15939281810751676
Chronicle,tt1706593,2012.0,,"['Action', ' Drama', ' Sci-Fi']",7.0,/name/nm2503633/,"/name/nm2851530/,/name/nm3887625/,/name/nm0430107/,/name/nm0446672/",254582.0,64575175.0,0.5319148936170214,0.0600099786255511
Metropolis,tt0017136,1927.0,,"['Drama', ' Sci-Fi']",8.3,/name/nm0000485/,"/name/nm0375609/,/name/nm0002154/,/name/nm0297054/,/name/nm0459030/",176169.0,1236166.0,0.8085106382978726,0.029564299040382373
Melancholia,tt1527186,2011.0,,"['Drama', ' Sci-Fi']",7.1,/name/nm0001885/,"/name/nm0000379/,/name/nm0001250/,/name/nm0000662/,/name/nm0002907/",186003.0,3029870.0,0.5531914893617021,0.03338257933880928
Brazil,tt0088846,1985.0,,"['Drama', ' Sci-Fi']",7.9,/name/nm0000416/,"/name/nm0000596/,/name/nm0002114/,/name/nm0000134/,/name/nm0001340/",203309.0,9929135.0,0.7234042553191491,0.04010203824104399
Elysium,tt1535108,2013.0,,"['Action', ' Drama', ' Sci-Fi']",6.6,/name/nm0088955/,"/name/nm0000354/,/name/nm0000149/,/name/nm1663205/,/name/nm0103797/",453156.0,93050117.0,0.44680851063829785,0.1371109743526027
X2: X-Men United,tt0290334,2003.0,,"['Action', ' Sci-Fi', ' Thriller']",7.4,/name/nm0001741/,"/name/nm0001772/,/name/nm0413168/,/name/nm0000932/,/name/nm0005212/",555721.0,214949694.0,0.6170212765957448,0.17693423231560412
Stalker,tt0079944,1979.0,,"['Drama', ' Sci-Fi']",8.1,/name/nm0001789/,"/name/nm0293981/,/name/nm0435289/,/name/nm0813463/,/name/nm0342458/",136438.0,234723.0,0.7659574468085106,0.014137809866414547
Equilibrium,tt0238380,2002.0,,"['Action', ' Drama', ' Sci-Fi']",7.3,/name/nm0934483/,"/name/nm0000288/,/name/nm0000293/,/name/nm0001833/,/name/nm0004875/",335328.0,1203974.0,0.5957446808510639,0.09136149997767429
The Wolverine,tt1430132,2013.0,,"['Action', ' Sci-Fi']",6.7,/name/nm0003506/,"/name/nm0413168/,/name/nm0498449/,/name/nm5148840/,/name/nm3822462/",472297.0,132556852.0,0.46808510638297884,0.14454291488465368
Demolition Man,tt0106697,1993.0,,"['Action', ' Sci-Fi', ' Thriller']",6.7,/name/nm0104193/,"/name/nm0000230/,/name/nm0000648/,/name/nm0000113/,/name/nm0001329/",180846.0,58055768.0,0.46808510638297884,0.031380253581336476
The Matrix Reloaded,tt0234215,2003.0,,"['Action', ' Sci-Fi']",7.2,/name/nm0905154/,"/name/nm0905152/,/name/nm0000206/,/name/nm0000401/,/name/nm0005251/,/name/nm0915989/",601010.0,281492479.0,0.5744680851063831,0.19451874486751142
The Island,tt0399201,2005.0,,"['Action', ' Sci-Fi', ' Thriller']",6.8,/name/nm0000881/,"/name/nm0424060/,/name/nm0000191/,/name/nm0005023/,/name/nm0000114/",319093.0,35818913.0,0.4893617021276596,0.08505788185229693
Hulk,tt0286716,2003.0,,"['Action', ' Sci-Fi']",5.6,/name/nm0000487/,"/name/nm0051509/,/name/nm0000124/,/name/nm0000385/,/name/nm0524197/",270881.0,132177234.0,0.2340425531914893,0.06633844624646429
Rise of the Planet of the Apes,tt1318514,2011.0,,"['Action', ' Drama', ' Sci-Fi']",7.6,/name/nm1012501/,"/name/nm0290556/,/name/nm0785227/,/name/nm2951768/,/name/nm0465269/",534344.0,176760185.0,0.6595744680851064,0.16863411253327018
Ghostbusters: Answer the Call,tt1289401,2016.0,,"['Action', ' Comedy', ' Fantasy']",6.8,/name/nm0082450/,"/name/nm0565250/,/name/nm1325419/,/name/nm0571952/,/name/nm0428656/",234795.0,128344089.0,0.4893617021276596,0.05232721349793536
Surrogates,tt0986263,2009.0,,"['Action', ' Sci-Fi', ' Thriller']",6.3,/name/nm0609236/,"/name/nm0000246/,/name/nm0593664/,/name/nm0000609/,/name/nm0683253/",176697.0,38577772.0,0.3829787234042553,0.029769307378552944
The Watch,tt1298649,2012.0,,"['Comedy', ' Sci-Fi']",5.7,/name/nm1676223/,"/name/nm0001774/,/name/nm0000681/,/name/nm1706767/,/name/nm0001082/",129496.0,35353000.0,0.2553191489361703,0.011442416147512818
Transcendence,tt2209764,2014.0,,"['Action', ' Drama', ' Sci-Fi']",6.2,/name/nm0002892/,"/name/nm0000136/,/name/nm0356017/,/name/nm0000151/,/name/nm0614165/",231751.0,23022309.0,0.36170212765957455,0.051145309366512584
The World's End,tt1213663,2013.0,,"['Action', ' Comedy', ' Sci-Fi']",6.9,/name/nm0942367/,"/name/nm0670408/,/name/nm0296545/,/name/nm0293509/,/name/nm0683253/",285951.0,26004851.0,0.5106382978723406,0.07218972589841603
Ghostbusters II,tt0097428,1989.0,,"['Action', ' Comedy', ' Fantasy']",6.6,/name/nm0718645/,"/name/nm0000195/,/name/nm0000101/,/name/nm0000244/,/name/nm0000601/",211296.0,112494738.0,0.44680851063829785,0.04320317762924165
Death Race,tt0452608,2008.0,,"['Action', ' Sci-Fi', ' Thriller']",6.4,/name/nm0027271/,"/name/nm0005458/,/name/nm0000260/,/name/nm0879085/,/name/nm0574534/",211719.0,36316032.0,0.4042553191489363,0.04336741726379875
Wild Wild West,tt0120891,1999.0,,"['Action', ' Comedy', ' Sci-Fi']",4.9,/name/nm0001756/,"/name/nm0000226/,/name/nm0000177/,/name/nm0000110/,/name/nm0000161/",162841.0,113805681.0,0.0851063829787235,0.024389391595046408
Primer,tt0390384,2004.0,,"['Drama', ' Sci-Fi', ' Thriller']",6.8,/name/nm1503403/,"/name/nm1503403/,/name/nm1503383/,/name/nm1503463/,/name/nm0881420/",108577.0,424760.0,0.4893617021276596,0.0033201255676071294
Evolution,tt0251075,2001.0,,"['Comedy', ' Sci-Fi']",6.1,/name/nm0718645/,"/name/nm0000141/,/name/nm0428963/,/name/nm0000194/,/name/nm0005405/",130897.0,38345494.0,0.3404255319148936,0.01198638713572678
The Matrix Revolutions,tt0242653,2003.0,,"['Action', ' Sci-Fi']",6.7,/name/nm0905154/,"/name/nm0905152/,/name/nm0000206/,/name/nm0000401/,/name/nm0005251/,/name/nm0915989/",518914.0,139313948.0,0.46808510638297884,0.1626430544689294
Next,tt0435705,2007.0,,"['Action', ' Sci-Fi', ' Thriller']",6.2,/name/nm0848414/,"/name/nm0000115/,/name/nm0000194/,/name/nm0004754/,/name/nm0470981/",160879.0,18211013.0,0.36170212765957455,0.023627599247526214
Godzilla,tt0120685,1998.0,,"['Action', ' Sci-Fi', ' Thriller']",5.4,/name/nm0000386/,"/name/nm0000111/,/name/nm0000606/,/name/nm0001623/,/name/nm0000279/",195978.0,136314294.0,0.19148936170212777,0.03725560618208856
PK,tt2338151,2014.0,,"['Comedy', ' Drama', ' Sci-Fi']",8.1,/name/nm0386246/,"/name/nm0451148/,/name/nm3087728/,/name/nm0004569/,/name/nm1224082/",190768.0,10616104.0,0.7659574468085106,0.03523270193612515
Bicentennial Man,tt0182789,1999.0,,"['Drama', ' Sci-Fi']",6.9,/name/nm0001060/,"/name/nm0000245/,/name/nm0001110/,/name/nm0000554/,/name/nm0001624/",119541.0,58220776.0,0.5106382978723406,0.007577154771588485
Push,tt0465580,2009.0,,"['Action', ' Sci-Fi', ' Thriller']",6.1,/name/nm0006476/,"/name/nm0004741/,/name/nm0266824/,/name/nm0262635/,/name/nm1225406/",112757.0,31806100.0,0.3404255319148936,0.004943108244790827
Repo Men,tt1053424,2010.0,,"['Action', ' Sci-Fi', ' Thriller']",6.3,/name/nm0764601/,"/name/nm0000179/,/name/nm0001845/,/name/nm0103797/,/name/nm0000630/",108132.0,13794835.0,0.3829787234042553,0.003147343918959583
The Addams Family,tt0101272,1991.0,,"['Comedy', ' Fantasy']",6.9,/name/nm0001756/,"/name/nm0001378/,/name/nm0000471/,/name/nm0000502/,/name/nm0000445/",169110.0,113502000.0,0.5106382978723406,0.02682347733745421
The Hobbit: An Unexpected Journey,tt0903624,2012.0,,['Fantasy'],7.8,/name/nm0001392/,"/name/nm0293509/,/name/nm0005212/,/name/nm0035514/,/name/nm0785227/",835760.0,303003568.0,0.7021276595744681,0.2856659179461892
Thor,tt0800369,2011.0,,"['Action', ' Fantasy']",7.0,/name/nm0000110/,"/name/nm1165110/,/name/nm0000164/,/name/nm0000204/,/name/nm1089991/",857206.0,181030624.0,0.5319148936170214,0.2939928285908977
The Hobbit: The Desolation of Smaug,tt1170358,2013.0,,['Fantasy'],7.8,/name/nm0001392/,"/name/nm0005212/,/name/nm0293509/,/name/nm0035514/,/name/nm0832792/",671154.0,258366855.0,0.7021276595744681,0.22175379197477776
Pan's Labyrinth,tt0457430,2006.0,,"['Drama', ' Fantasy', ' War']",8.2,/name/nm0868219/,"/name/nm1419440/,/name/nm0317725/,/name/nm0530365/,/name/nm0893941/",674357.0,37634615.0,0.7872340425531914,0.22299743157167234
Beetlejuice,tt0094721,1988.0,,"['Comedy', ' Fantasy']",7.5,/name/nm0000318/,"/name/nm0000285/,/name/nm0000133/,/name/nm0000474/,/name/nm0568499/",310845.0,73707461.0,0.6382978723404257,0.08185540311511723
The Road,tt0898367,2009.0,,"['Drama', ' Fantasy']",7.2,/name/nm0384825/,"/name/nm0001557/,/name/nm0000234/,/name/nm2240346/,/name/nm0000380/",242804.0,56692.0,0.5744680851063831,0.05543689490022345
Underworld,tt0320691,2003.0,,"['Action', ' Fantasy', ' Thriller']",7.0,/name/nm0936482/,"/name/nm0000295/,/name/nm0005454/,/name/nm0111274/,/name/nm0790688/",274031.0,51970690.0,0.5319148936170214,0.06756150735486827
The Lovely Bones,tt0380510,2009.0,,"['Drama', ' Fantasy', ' Thriller']",6.6,/name/nm0001392/,"/name/nm0001838/,/name/nm0000242/,/name/nm1519680/,/name/nm0000215/",172162.0,43818839.0,0.44680851063829785,0.028008487655818957
This Is the End,tt1245492,2013.0,,"['Comedy', ' Fantasy']",6.6,/name/nm1698571/,"/name/nm0736622/,/name/nm0290556/,/name/nm1706767/,/name/nm0736622/,/name/nm0059431/",417817.0,101470202.0,0.44680851063829785,0.123389781809781
The Change-Up,tt1488555,2011.0,,"['Comedy', ' Fantasy']",6.3,/name/nm0229694/,"/name/nm0000867/,/name/nm0005351/,/name/nm1312575/,/name/nm0005182/",186784.0,37243418.0,0.3829787234042553,0.03368582083901992
Addams Family Values,tt0106220,1993.0,,"['Comedy', ' Fantasy']",6.8,/name/nm0001756/,"/name/nm0001378/,/name/nm0000471/,/name/nm0000502/,/name/nm0000349/",101932.0,48919043.0,0.4893617021276596,0.0007400490389263465
Drive Angry,tt1502404,2011.0,,"['Action', ' Comedy', ' Fantasy']",5.4,/name/nm0527261/,"/name/nm0000115/,/name/nm1720028/,/name/nm0001209/,/name/nm0121605/",100634.0,10706786.0,0.19148936170212777,0.00023607020759035607
Bedazzled,tt0230030,2000.0,,"['Comedy', ' Fantasy']",6.1,/name/nm0000601/,"/name/nm0000409/,/name/nm0000167/,/name/nm0640323/,/name/nm0794896/",106908.0,37879996.0,0.3404255319148936,0.0026720973168368922
Liar Liar,tt0119528,1997.0,,"['Comedy', ' Fantasy']",6.9,/name/nm0001723/,"/name/nm0000120/,/name/nm0005491/,/name/nm0000372/,/name/nm0000236/",314560.0,181410615.0,0.5106382978723406,0.08329783867629843
47 Ronin,tt1335975,2013.0,,"['Action', ' Drama', ' Fantasy']",6.2,/name/nm0727754/,"/name/nm0000206/,/name/nm0760796/,/name/nm0793069/,/name/nm0038355/",162795.0,38362475.0,0.36170212765957455,0.02437153102013003
The Seventh Seal,tt0050976,1957.0,,"['Drama', ' Fantasy']",8.1,/name/nm0000005/,"/name/nm0001884/,/name/nm0085038/,/name/nm0252345/,/name/nm0691555/",187413.0,5017971.0,0.7659574468085106,0.03393004478733297
Ghost Rider,tt0259324,2007.0,,"['Action', ' Fantasy', ' Thriller']",5.2,/name/nm0425756/,"/name/nm0000115/,/name/nm0578949/,/name/nm0000385/,/name/nm1668265/",242583.0,115802596.0,0.148936170212766,0.0553510864859513
Being John Malkovich,tt0120601,1999.0,,"['Comedy', ' Drama', ' Fantasy']",7.8,/name/nm0005069/,"/name/nm0000131/,/name/nm0000139/,/name/nm0001416/,/name/nm0000518/",339945.0,22858926.0,0.7021276595744681,0.09315415811656355
Bruce Almighty,tt0315327,2003.0,,"['Comedy', ' Fantasy']",6.8,/name/nm0001723/,"/name/nm0000120/,/name/nm0000098/,/name/nm0000151/,/name/nm0001311/",410495.0,242829261.0,0.4893617021276596,0.12054684421113529
The Tree of Life,tt0478304,2011.0,,"['Drama', ' Fantasy']",6.8,/name/nm0000517/,"/name/nm0000093/,/name/nm0000576/,/name/nm1567113/,/name/nm4447472/",179124.0,13303319.0,0.4893617021276596,0.03071164684207563
Hancock,tt0448157,2008.0,,"['Action', ' Drama', ' Fantasy']",6.4,/name/nm0000916/,"/name/nm0000226/,/name/nm0000234/,/name/nm0000867/,/name/nm2052567/",489021.0,227946274.0,0.4042553191489363,0.15103639868685947
Bright,tt5519340,2017.0,,"['Action', ' Fantasy', ' Thriller']",6.3,/name/nm0043742/,"/name/nm0000226/,/name/nm0249291/,/name/nm0636426/,/name/nm1183149/",192440.0,5017971.0,0.3829787234042553,0.03588189500699863
Kung Fu Hustle,tt0373074,2004.0,,"['Action', ' Comedy', ' Fantasy']",7.7,/name/nm0159507/,"/name/nm0159507/,/name/nm0950757/,/name/nm1228408/,/name/nm0398760/",142464.0,17108591.0,0.6808510638297873,0.016477545180459754
Little Nicky,tt0185431,2000.0,,"['Comedy', ' Fantasy']",5.3,/name/nm0109359/,"/name/nm0001191/,/name/nm0000099/,/name/nm0000172/,/name/nm0406975/",107679.0,39464775.0,0.1702127659574468,0.0029714560833700573
Underworld: Evolution,tt0401855,2006.0,,"['Action', ' Fantasy', ' Thriller']",6.7,/name/nm0936482/,"/name/nm0000295/,/name/nm0005454/,/name/nm0631490/,/name/nm0192889/",202806.0,62318875.0,0.46808510638297884,0.0399067367370671
Pleasantville,tt0120789,1998.0,,"['Comedy', ' Drama', ' Fantasy']",7.5,/name/nm0002657/,"/name/nm0001497/,/name/nm0001099/,/name/nm0000260/,/name/nm0000513/",131328.0,40568025.0,0.6382978723404257,0.012153732957225865
Underworld: Rise of the Lycans,tt0834001,2009.0,,"['Action', ' Fantasy', ' Thriller']",6.5,/name/nm0851281/,"/name/nm0593961/,/name/nm0790688/,/name/nm0631490/,/name/nm0533599/",162374.0,45802315.0,0.4255319148936171,0.02420806793230842
All Quiet on the Western Front,tt1016150,2022.0,,"['Action', ' Drama', ' War']",7.8,/name/nm0074163/,"/name/nm0436835/,/name/nm3477129/,/name/nm6037256/,/name/nm2714111/",139754.0,5017971.0,0.7021276595744681,0.015425324353864582
Jojo Rabbit,tt2584384,2019.0,,"['Comedy', ' Drama', ' War']",7.9,/name/nm0169806/,"/name/nm9877392/,/name/nm5057169/,/name/nm0424060/,/name/nm0169806/",399264.0,33370906.0,0.7234042553191491,0.11618614601796541
1917,tt8579674,2019.0,,"['Action', ' Drama', ' War']",8.2,/name/nm0005222/,"/name/nm2835616/,/name/nm1126657/,/name/nm0990547/,/name/nm0000147/",603093.0,159227644.0,0.7872340425531914,0.19532751829252903
Saving Private Ryan,tt0120815,1998.0,,"['Drama', ' War']",8.6,/name/nm0000229/,"/name/nm0000158/,/name/nm0000354/,/name/nm0001744/,/name/nm0122653/",1402550.0,216540909.0,0.8723404255319149,0.5057353800516792
Brothers,tt0765010,2009.0,,"['Drama', ' Thriller', ' War']",7.1,/name/nm0006487/,"/name/nm0350453/,/name/nm0000204/,/name/nm0001497/,/name/nm0001731/",132357.0,28501651.0,0.5531914893617021,0.012553266252637833
Fury,tt2713180,2014.0,,"['Action', ' Drama', ' War']",7.5,/name/nm0043742/,"/name/nm0000093/,/name/nm0479471/,/name/nm0503567/,/name/nm0671567/",500926.0,85817906.0,0.6382978723404257,0.15565879312989103
The Pianist,tt0253474,2002.0,,"['Biography', ' Drama', ' Music']",8.5,/name/nm0000591/,"/name/nm0004778/,/name/nm0470981/,/name/nm0277975/,/name/nm0288976/",840756.0,32572577.0,0.8510638297872342,0.2876057316914547
The Imitation Game,tt2084970,2014.0,,"['Biography', ' Drama', ' Thriller']",8.0,/name/nm0878763/,"/name/nm1212722/,/name/nm0461136/,/name/nm0328828/,/name/nm1395602/",778565.0,91125683.0,0.7446808510638299,0.2634586226778826
Full Metal Jacket,tt0093058,1987.0,,"['Drama', ' War']",8.3,/name/nm0000040/,"/name/nm0000546/,/name/nm0000388/,/name/nm0000352/,/name/nm0000284/",748878.0,46357676.0,0.8085106382978726,0.2519319512095686
Tropic Thunder,tt0942385,2008.0,,"['Action', ' Comedy', ' War']",7.1,/name/nm0001774/,"/name/nm0001774/,/name/nm0085312/,/name/nm0000375/,/name/nm0434854/",422817.0,110515313.0,0.5531914893617021,0.12533114864851747
The Deer Hunter,tt0077416,1978.0,,"['Drama', ' War']",8.1,/name/nm0001047/,"/name/nm0000134/,/name/nm0000686/,/name/nm0001030/,/name/nm0001698/",342732.0,48979328.0,0.7659574468085106,0.09423627599247526
Platoon,tt0091763,1986.0,,"['Drama', ' War']",8.1,/name/nm0000231/,"/name/nm0000221/,/name/nm0000297/,/name/nm0000353/,/name/nm0202966/",418412.0,138530565.0,0.7659574468085106,0.12362080446359064
The Boy in the Striped Pajamas,tt0914798,2008.0,,"['Drama', ' War']",7.7,/name/nm0379179/,"/name/nm2633535/,/name/nm0000667/,/name/nm1670029/,/name/nm2726789/",224302.0,9030581.0,0.6808510638297873,0.04825306105016298
The Hurt Locker,tt0887912,2008.0,,"['Drama', ' Thriller', ' War']",7.5,/name/nm0000941/,"/name/nm0719637/,/name/nm1107001/,/name/nm1310016/,/name/nm0001602/",456539.0,17017811.0,0.6382978723404257,0.1384245031556918
Lone Survivor,tt1091191,2013.0,,"['Action', ' Biography', ' Drama']",7.5,/name/nm0000916/,"/name/nm0000242/,/name/nm2018237/,/name/nm0386472/,/name/nm0004936/",292050.0,125095601.0,0.6382978723404257,0.0745578051683068
American Sniper,tt2179136,2014.0,,"['Action', ' Biography', ' Drama']",7.3,/name/nm0000142/,"/name/nm0177896/,/name/nm1092227/,/name/nm0973177/,/name/nm6518675/",495061.0,350126372.0,0.5957446808510639,0.15338156982805315
Dr. Strangelove or: How I Learned to Stop Worrying and Love the Bomb,tt0057012,1964.0,,"['Comedy', ' War']",8.4,/name/nm0000040/,"/name/nm0000634/,/name/nm0001715/,/name/nm0001330/,/name/nm0943978/",494872.0,275902.0,0.8297872340425534,0.1533081861615489
Darkest Hour,tt4555426,2017.0,,"['Biography', ' Drama', ' War']",7.4,/name/nm0942504/,"/name/nm0000198/,/name/nm4141252/,/name/nm0000218/,/name/nm0578853/",205927.0,56468410.0,0.6170212765957448,0.04111853791780641
Crimson Tide,tt0112740,1995.0,,"['Action', ' Drama', ' Thriller']",7.3,/name/nm0001716/,"/name/nm0000432/,/name/nm0000243/,/name/nm0002023/,/name/nm0001169/",115603.0,91400000.0,0.5957446808510639,0.006048134249399632
Behind Enemy Lines,tt0159273,2001.0,,"['Action', ' Drama', ' Thriller']",6.4,/name/nm0601382/,"/name/nm0000432/,/name/nm0005562/,/name/nm0532683/,/name/nm0925916/",107604.0,59068786.0,0.4042553191489363,0.00294233558078901
The Boat,tt0082096,1981.0,,"['Drama', ' War']",8.4,/name/nm0000583/,"/name/nm0001638/,/name/nm0344963/,/name/nm0921044/,/name/nm0071059/",253009.0,11487676.0,0.8297872340425534,0.05939922461808461
Empire of the Sun,tt0092965,1987.0,,"['Drama', ' War']",7.7,/name/nm0000229/,"/name/nm0000288/,/name/nm0000518/,/name/nm0001669/,/name/nm0369814/",128120.0,22238696.0,0.6808510638297873,0.010908151993492538
Enemy at the Gates,tt0215750,2001.0,,"['Action', ' Drama', ' War']",7.5,/name/nm0000269/,"/name/nm0000179/,/name/nm0000438/,/name/nm0001212/,/name/nm0001838/",266228.0,51401758.0,0.6382978723404257,0.06453181026633611
The Sum of All Fears,tt0164184,2002.0,,"['Action', ' Drama', ' Thriller']",6.4,/name/nm0004675/,"/name/nm0000255/,/name/nm0000151/,/name/nm1172817/,/name/nm0090309/",119060.0,118907036.0,0.4042553191489363,0.007390395281702035
Jarhead,tt0418763,2005.0,,"['Biography', ' Drama', ' War']",7.0,/name/nm0005222/,"/name/nm0350453/,/name/nm0004937/,/name/nm0085407/,/name/nm0531924/",193398.0,62658220.0,0.5319148936170214,0.03625386089330054
Paths of Glory,tt0050825,1957.0,,"['Drama', ' War']",8.4,/name/nm0000040/,"/name/nm0000018/,/name/nm0576127/,/name/nm0579663/,/name/nm0534317/",199515.0,5017971.0,0.8297872340425534,0.03862892908381075
Ran,tt0089881,1985.0,,"['Action', ' Drama', ' War']",8.2,/name/nm0000041/,"/name/nm0619938/,/name/nm0855417/,/name/nm0628704/,/name/nm0753480/",127150.0,4135750.0,0.7872340425531914,0.010531526826777661
The Men Who Stare at Goats,tt1234548,2009.0,,"['Comedy', ' War']",6.2,/name/nm0381416/,"/name/nm0000191/,/name/nm0000123/,/name/nm0000228/,/name/nm0000313/",134084.0,32428195.0,0.36170212765957455,0.013223814358737413
"Good Morning, Vietnam",tt0093105,1987.0,,"['Biography', ' Comedy', ' Drama']",7.3,/name/nm0001469/,"/name/nm0000245/,/name/nm0001845/,/name/nm0870918/,/name/nm0837701/",144339.0,123922370.0,0.5957446808510639,0.017205557744985934
The Book Thief,tt0816442,2013.0,,"['Drama', ' War']",7.5,/name/nm1093053/,"/name/nm4563869/,/name/nm0001691/,/name/nm0001833/,/name/nm3115493/",137569.0,21488481.0,0.6382978723404257,0.01457694704533674
Tears of the Sun,tt0314353,2003.0,,"['Action', ' Drama', ' Thriller']",6.6,/name/nm0298807/,"/name/nm0000246/,/name/nm0369513/,/name/nm0000899/,/name/nm0907708/",124770.0,43734876.0,0.44680851063829785,0.009607436211539096
Born on the Fourth of July,tt0096969,1989.0,,"['Biography', ' Drama', ' War']",7.2,/name/nm0000231/,"/name/nm0000129/,/name/nm0488267/,/name/nm0000855/,/name/nm0442512/",108908.0,70001698.0,0.5744680851063831,0.0034486440523314845
The Great Dictator,tt0032553,1940.0,,"['Comedy', ' Drama', ' War']",8.4,/name/nm0000122/,"/name/nm0000122/,/name/nm0002104/,/name/nm0642988/,/name/nm0306786/",226094.0,288475.0,0.8297872340425534,0.048948846925166135
Shershaah,tt10295212,2021.0,,"['Action', ' Biography', ' Drama']",8.4,/name/nm3315387/,"/name/nm3289096/,/name/nm6442009/,/name/nm3109407/,/name/nm7084461/",123263.0,5017971.0,0.8297872340425534,0.00902230824634392
Patton,tt0066206,1970.0,,"['Biography', ' Drama', ' War']",7.9,/name/nm0769874/,"/name/nm0001715/,/name/nm0001500/,/name/nm0950079/,/name/nm0835021/",103649.0,61700000.0,0.7234042553191491,0.001406714411348454
Green Zone,tt0947810,2010.0,,"['Action', ' Drama', ' Thriller']",6.8,/name/nm0339030/,"/name/nm0000354/,/name/nm0005042/,/name/nm0001427/,/name/nm0620981/",138797.0,35053660.0,0.4893617021276596,0.01505374674093042
The Mountain II,tt5813916,2016.0,,"['Action', ' Drama', ' War']",8.2,/name/nm3809021/,"/name/nm5384553/,/name/nm1832249/,/name/nm1614951/,/name/nm1759557/",108825.0,5017971.0,0.7872340425531914,0.0034164173628084588
Bullet Train,tt12593682,2022.0,,"['Action', ' Comedy', ' Thriller']",7.3,/name/nm0500610/,"/name/nm0000093/,/name/nm1428821/,/name/nm1093951/,/name/nm3109964/",293635.0,5017971.0,0.5957446808510639,0.07517321845618627
Top Gun: Maverick,tt1745960,2022.0,,"['Action', ' Drama']",8.3,/name/nm2676052/,"/name/nm0000129/,/name/nm0000124/,/name/nm1886602/,/name/nm0000174/",526016.0,5017971.0,0.8085106382978726,0.16540057192667068
Top Gun,tt0092099,1986.0,,"['Action', ' Drama']",6.9,/name/nm0001716/,"/name/nm0000129/,/name/nm0000209/,/name/nm0000534/,/name/nm0000174/",461419.0,179800601.0,0.5106382978723406,0.1403192771902986
The Gray Man,tt1649418,2022.0,,"['Action', ' Thriller']",6.5,/name/nm0751577/,"/name/nm0751648/,/name/nm0331516/,/name/nm0262635/,/name/nm1869101/,/name/nm0000671/",206972.0,5017971.0,0.4255319148936171,0.041524283587102334
Drive,tt0780504,2011.0,,"['Action', ' Drama']",7.8,/name/nm0716347/,"/name/nm0331516/,/name/nm1659547/,/name/nm0186505/,/name/nm0000983/",651673.0,35061555.0,0.7021276595744681,0.2141898384976927
The Dark Knight Rises,tt1345836,2012.0,,"['Action', ' Drama']",8.4,/name/nm0634240/,"/name/nm0000288/,/name/nm0362766/,/name/nm0004266/,/name/nm0000198/",1717874.0,448139099.0,0.8297872340425534,0.6281672914632276
True Lies,tt0111503,1994.0,,"['Action', ' Comedy', ' Thriller']",7.3,/name/nm0000116/,"/name/nm0000216/,/name/nm0000130/,/name/nm0000792/,/name/nm0000200/",264372.0,146282411.0,0.5957446808510639,0.06381117489579713
Red Sparrow,tt2873282,2018.0,,"['Action', ' Drama', ' Thriller']",6.6,/name/nm1349376/,"/name/nm2225369/,/name/nm0249291/,/name/nm0774386/,/name/nm0001648/",189790.0,46874505.0,0.44680851063829785,0.03485297058246829
Deadpool,tt1431045,2016.0,,"['Action', ' Comedy']",8.0,/name/nm1783265/,"/name/nm0005351/,/name/nm1072555/,/name/nm2554352/,/name/nm4534098/",1049045.0,363070709.0,0.7446808510638299,0.36847880318617127
Triple Frontier,tt1488606,2019.0,,"['Action', ' Thriller']",6.4,/name/nm1170855/,"/name/nm0000255/,/name/nm1209966/,/name/nm0402271/,/name/nm1330560/",132289.0,5017971.0,0.4042553191489363,0.012526863663631016
300,tt0416449,2006.0,,"['Action', ' Drama']",7.6,/name/nm0811583/,"/name/nm0124930/,/name/nm0372176/,/name/nm0920992/,/name/nm0922035/",827767.0,210614939.0,0.6595744680851064,0.28256244891778504
Shooter,tt0822854,2007.0,,"['Action', ' Drama', ' Thriller']",7.1,/name/nm0298807/,"/name/nm0000242/,/name/nm0671567/,/name/nm0593961/,/name/nm0000418/",338464.0,47003582.0,0.5531914893617021,0.0925791252589298
Angel Has Fallen,tt6189022,2019.0,,"['Action', ' Thriller']",6.4,/name/nm0006846/,"/name/nm0124930/,/name/nm5520750/,/name/nm0396812/,/name/nm6875258/",100728.0,69030436.0,0.4042553191489363,0.0002725679041586019
Red Notice,tt7991608,2021.0,,"['Action', ' Comedy', ' Thriller']",6.3,/name/nm1098493/,"/name/nm0425005/,/name/nm0005351/,/name/nm2933757/,/name/nm5709125/",282505.0,5017971.0,0.3829787234042553,0.07085173587315885
The Accountant,tt2140479,2016.0,,"['Action', ' Thriller']",7.3,/name/nm0640334/,"/name/nm0000255/,/name/nm0447695/,/name/nm0799777/,/name/nm1256532/",300457.0,86260045.0,0.5957446808510639,0.07782201937095831
Die Hard,tt0095016,1988.0,,"['Action', ' Thriller']",8.2,/name/nm0001532/,"/name/nm0000246/,/name/nm0000614/,/name/nm0000889/,/name/nm0001817/",891712.0,83008852.0,0.7872340425531914,0.30739058941838593
White House Down,tt2334879,2013.0,,"['Action', ' Drama', ' Thriller']",6.3,/name/nm0000386/,"/name/nm1475594/,/name/nm0004937/,/name/nm0350454/,/name/nm0164809/",225586.0,73103784.0,0.3829787234042553,0.04875160405435051
6 Underground,tt8106534,2019.0,,"['Action', ' Thriller']",6.1,/name/nm0000881/,"/name/nm0005351/,/name/nm0491259/,/name/nm2636310/,/name/nm5228887/",181235.0,5017971.0,0.3404255319148936,0.031531291921390175
Greenland,tt7737786,2020.0,,"['Action', ' Thriller']",6.4,/name/nm0006846/,"/name/nm0124930/,/name/nm1072555/,/name/nm9819444/,/name/nm0001277/",120537.0,5017971.0,0.4042553191489363,0.007963875045864792
Death Proof,tt1028528,2007.0,,"['Action', ' Thriller']",7.0,/name/nm0000233/,"/name/nm0000621/,/name/nm1057928/,/name/nm0206257/,/name/nm1089685/",296146.0,5017971.0,0.5319148936170214,0.07614817288259973
Olympus Has Fallen,tt2302755,2013.0,,"['Action', ' Thriller']",6.5,/name/nm0298807/,"/name/nm0124930/,/name/nm0001173/,/name/nm0000151/,/name/nm0000291/",280439.0,98925640.0,0.4255319148936171,0.07004956309539294
Extraction,tt8936646,2020.0,,"['Action', ' Thriller']",6.7,/name/nm1092087/,"/name/nm1165110/,/name/nm11523062/,/name/nm11523063/,/name/nm7287299/",207994.0,5017971.0,0.46808510638297884,0.04192109896894007
The Old Guard,tt7556122,2020.0,,"['Action', ' Thriller']",6.6,/name/nm0697656/,"/name/nm0000234/,/name/nm8460487/,/name/nm0774386/,/name/nm3092471/",169147.0,5017971.0,0.44680851063829785,0.026837843452060858
The Last Samurai,tt0325710,2003.0,,"['Action', ' Drama']",7.8,/name/nm0001880/,"/name/nm0000129/,/name/nm0913822/,/name/nm0175262/,/name/nm0040472/",446709.0,111110575.0,0.7021276595744681,0.13460777595073586
Spy,tt3079380,2015.0,,"['Action', ' Comedy']",7.0,/name/nm0082450/,"/name/nm0565250/,/name/nm0126284/,/name/nm0000179/,/name/nm0005458/",248019.0,110825712.0,0.5319148936170214,0.0574617405130256
Seven Samurai,tt0047478,1954.0,,"['Action', ' Drama']",8.6,/name/nm0000041/,"/name/nm0001536/,/name/nm0793766/,/name/nm0875477/,/name/nm0793616/",348642.0,269061.0,0.8723404255319149,0.09653097159586178
Atomic Blonde,tt2406566,2017.0,,"['Action', ' Thriller']",6.7,/name/nm0500610/,"/name/nm0000234/,/name/nm0564215/,/name/nm0000422/,/name/nm0550371/",197129.0,51687870.0,0.46808510638297884,0.0377025088283657
Live Free or Die Hard,tt0337978,2007.0,,"['Action', ' Thriller']",7.1,/name/nm0936482/,"/name/nm0000246/,/name/nm0519043/,/name/nm0648249/,/name/nm0702572/",409985.0,134529403.0,0.5531914893617021,0.12034882479358418
London Has Fallen,tt3300542,2016.0,,"['Action', ' Thriller']",5.9,/name/nm0619836/,"/name/nm0124930/,/name/nm0001173/,/name/nm0000151/,/name/nm0000291/",161622.0,62678608.0,0.297872340425532,0.023916086359762456
Jason Bourne,tt4196776,2016.0,,"['Action', ' Thriller']",6.6,/name/nm0339030/,"/name/nm0000354/,/name/nm0000169/,/name/nm2539953/,/name/nm0001993/",230803.0,162434410.0,0.44680851063829785,0.05077722621388815
Patriot Games,tt0105112,1992.0,,"['Action', ' Thriller']",6.8,/name/nm0637518/,"/name/nm0000148/,/name/nm0000293/,/name/nm0000271/,/name/nm0000920/",114651.0,83287363.0,0.4893617021276596,0.0056784980033042064
300: Rise of an Empire,tt1253863,2014.0,,"['Action', ' Drama']",6.2,/name/nm1729171/,"/name/nm0822982/,/name/nm1200692/,/name/nm0372176/,/name/nm0558548/",305007.0,106580051.0,0.36170212765957455,0.07958866319420851
Outbreak,tt0114069,1995.0,,"['Action', ' Drama', ' Thriller']",6.6,/name/nm0000583/,"/name/nm0000163/,/name/nm0000623/,/name/nm0000151/,/name/nm0000228/",131825.0,67823573.0,0.44680851063829785,0.012346704820996271
Safe House,tt1599348,2012.0,,"['Action', ' Thriller']",6.7,/name/nm1174251/,"/name/nm0000243/,/name/nm0005351/,/name/nm0001598/,/name/nm0267812/",225950.0,126373434.0,0.46808510638297884,0.04889293556021052
Air Force One,tt0118571,1997.0,,"['Action', ' Drama', ' Thriller']",6.5,/name/nm0000583/,"/name/nm0000148/,/name/nm0000198/,/name/nm0000335/,/name/nm0187724/",200111.0,172956409.0,0.4255319148936171,0.038860340010988134
The Boondock Saints,tt0144117,1999.0,,"['Action', ' Thriller']",7.7,/name/nm0240627/,"/name/nm0000353/,/name/nm0001218/,/name/nm0005342/,/name/nm0217386/",241527.0,25812.0,0.6808510638297873,0.05494106980961015
Die Hard 2,tt0099423,1990.0,,"['Action', ' Thriller']",7.1,/name/nm0001317/,"/name/nm0000246/,/name/nm0040472/,/name/nm0000889/,/name/nm0001817/",367614.0,117540947.0,0.5531914893617021,0.10389729392876348
Unstoppable,tt0477080,2010.0,,"['Action', ' Thriller']",6.8,/name/nm0001716/,"/name/nm0000243/,/name/nm1517976/,/name/nm0206257/,/name/nm0839486/",200113.0,81562942.0,0.4893617021276596,0.03886111655772363
Team America: World Police,tt0372588,2004.0,,"['Action', ' Comedy']",7.2,/name/nm0005295/,"/name/nm0005295/,/name/nm0001778/,/name/nm1224826/,/name/nm0588766/",171855.0,32786074.0,0.5744680851063831,0.027889287731920537
Baahubali: The Beginning,tt2631186,2015.0,,"['Action', ' Drama']",8.0,/name/nm1442514/,"/name/nm1659141/,/name/nm2281292/,/name/nm2011932/,/name/nm1961459/",127807.0,6738000.0,0.7446808510638299,0.010786622429387634
Jack Ryan: Shadow Recruit,tt1205537,2014.0,,"['Action', ' Drama', ' Thriller']",6.2,/name/nm0000110/,"/name/nm1517976/,/name/nm0000126/,/name/nm0461136/,/name/nm0000110/",134034.0,50577412.0,0.36170212765957455,0.013204400690350048
Hot Shots!,tt0102059,1991.0,,"['Action', ' Comedy']",6.7,/name/nm0000720/,"/name/nm0000221/,/name/nm0000144/,/name/nm0000420/,/name/nm0000978/",110773.0,69467617.0,0.46808510638297884,0.004172773883180192
Body of Lies,tt0758774,2008.0,,"['Action', ' Drama', ' Thriller']",7.0,/name/nm0000631/,"/name/nm0000138/,/name/nm0000128/,/name/nm0835016/,/name/nm0267042/",231428.0,39394666.0,0.5319148936170214,0.05101989706873021
2 Guns,tt1272878,2013.0,,"['Action', ' Thriller']",6.7,/name/nm0466349/,"/name/nm0000243/,/name/nm0000242/,/name/nm1745736/,/name/nm0000200/",214797.0,75612460.0,0.46808510638297884,0.04456252268972493
Escape Plan,tt1211956,2013.0,,"['Action', ' Thriller']",6.7,/name/nm0405632/,"/name/nm0000230/,/name/nm0000216/,/name/nm1265067/,/name/nm0000352/",246681.0,25132228.0,0.46808510638297884,0.05694223074697972
Tag,tt2854926,2018.0,,"['Action', ' Comedy']",6.5,/name/nm1762961/,"/name/nm0719637/,/name/nm1159180/,/name/nm2159926/,/name/nm0358316/",136790.0,54547470.0,0.4255319148936171,0.014274482091861596
Enemy of the State,tt0120660,1998.0,,"['Action', ' Thriller']",7.3,/name/nm0001716/,"/name/nm0000226/,/name/nm0000432/,/name/nm0000685/,/name/nm0000956/",247984.0,111549836.0,0.5957446808510639,0.057448150945154444
Salt,tt0944835,2010.0,,"['Action', ' Thriller']",6.4,/name/nm0637518/,"/name/nm0001401/,/name/nm0000630/,/name/nm0252230/,/name/nm0646037/",318613.0,118311368.0,0.4042553191489363,0.08487151063577823
A Fistful of Dollars,tt0058461,1964.0,,"['Action', ' Drama', ' Western']",7.9,/name/nm0001466/,"/name/nm0000142/,/name/nm0002231/,/name/nm0462367/,/name/nm0525742/",220658.0,14500000.0,0.7234042553191491,0.04683819289809183
You Don't Mess with the Zohan,tt0960144,2008.0,,"['Action', ' Comedy']",5.6,/name/nm0240797/,"/name/nm0001191/,/name/nm0001806/,/name/nm0004825/,/name/nm0841910/",205272.0,100018837.0,0.2340425531914893,0.04086421886193193
Need for Speed,tt2369135,2014.0,,"['Action', ' Thriller']",6.4,/name/nm0915304/,"/name/nm0666739/,/name/nm1002641/,/name/nm1782299/,/name/nm3264596/",173014.0,43577636.0,0.4042553191489363,0.028339296565139654
The Tourist,tt1243957,2010.0,,"['Action', ' Thriller']",6.0,/name/nm0003697/,"/name/nm0000136/,/name/nm0001401/,/name/nm0079273/,/name/nm0001096/",246603.0,67631157.0,0.31914893617021284,0.05691194542429543
The Foreigner,tt1615160,2017.0,,"['Action', ' Thriller']",7.0,/name/nm0132709/,"/name/nm1648520/,/name/nm0000329/,/name/nm1257480/,/name/nm0849214/",116997.0,34393507.0,0.5319148936170214,0.006589387324039363
A Good Day to Die Hard,tt1606378,2013.0,,"['Action', ' Thriller']",5.2,/name/nm0601382/,"/name/nm0000246/,/name/nm2541974/,/name/nm0462407/,/name/nm0935541/",209622.0,67349198.0,0.148936170212766,0.04255320801163267
Colombiana,tt1657507,2011.0,,"['Action', ' Drama', ' Thriller']",6.4,/name/nm0576298/,"/name/nm0757855/,/name/nm0890232/,/name/nm0089485/,/name/nm0003244/",103054.0,36665854.0,0.4042553191489363,0.0011756917575388127
The Last Stand,tt1549920,2013.0,,"['Action', ' Thriller', ' Western']",6.3,/name/nm0453518/,"/name/nm0000216/,/name/nm0001845/,/name/nm0424216/,/name/nm0763928/",140508.0,12050299.0,0.3829787234042553,0.015718082473146044
The Recruit,tt0292506,2003.0,,"['Action', ' Thriller']",6.6,/name/nm0002044/,"/name/nm0000199/,/name/nm0268199/,/name/nm0005256/,/name/nm0532683/",138199.0,52802140.0,0.44680851063829785,0.014821559267017536
Yojimbo,tt0055630,1961.0,,"['Action', ' Drama', ' Thriller']",8.2,/name/nm0000041/,"/name/nm0001536/,/name/nm0867391/,/name/nm0619938/,/name/nm0875362/",124237.0,5017971.0,0.7872340425531914,0.009400486506529788
Shoot 'Em Up,tt0465602,2007.0,,"['Action', ' Comedy', ' Thriller']",6.6,/name/nm0205157/,"/name/nm0654110/,/name/nm0000899/,/name/nm0316079/,/name/nm0565569/",151734.0,12807139.0,0.44680851063829785,0.02007683929947719
Baahubali 2: The Conclusion,tt4849438,2017.0,,"['Action', ' Drama']",8.2,/name/nm1442514/,"/name/nm1659141/,/name/nm2281292/,/name/nm2011932/,/name/nm1961459/",104403.0,20186659.0,0.7872340425531914,0.0016994725306299153
The Kingdom,tt0431197,2007.0,,"['Action', ' Drama', ' Thriller']",7.0,/name/nm0000916/,"/name/nm0004937/,/name/nm0177933/,/name/nm0004950/,/name/nm0000867/",127097.0,47536778.0,0.5319148936170214,0.010510948338287054
Get the Gringo,tt1567609,2012.0,,"['Action', ' Drama', ' Thriller']",6.9,/name/nm0344496/,"/name/nm0000154/,/name/nm3172776/,/name/nm0319843/,/name/nm0643740/",109174.0,5017971.0,0.5106382978723406,0.0035519247681522655
16 Blocks,tt0450232,2006.0,,"['Action', ' Drama', ' Thriller']",6.6,/name/nm0001149/,"/name/nm0000246/,/name/nm0080049/,/name/nm0001556/,/name/nm0827735/",131968.0,36895141.0,0.44680851063829785,0.012402227912584133
Soorarai Pottru,tt10189514,2020.0,,"['Action', ' Drama']",8.7,/name/nm1464314/,"/name/nm1421814/,/name/nm0712546/,/name/nm1388463/,/name/nm7936195/",118196.0,5017971.0,0.8936170212765957,0.007054927091968371
Don't Worry Darling,tt10731256,2022.0,,"['Drama', ' Thriller']",6.2,/name/nm1312575/,"/name/nm6073955/,/name/nm4089170/,/name/nm1517976/,/name/nm1312575/",102067.0,5017971.0,0.36170212765957455,0.0007924659435722314
Black Swan,tt0947798,2010.0,,"['Drama', ' Thriller']",8.0,/name/nm0004716/,"/name/nm0000204/,/name/nm0005109/,/name/nm0001993/,/name/nm0000213/",776577.0,106954678.0,0.7446808510638299,0.26268673522280095
Parasite,tt6751668,2019.0,,"['Drama', ' Thriller']",8.5,/name/nm0094435/,"/name/nm0814280/,/name/nm1310525/,/name/nm1856097/,/name/nm6079248/",822000.0,53367844.0,0.8510638297872342,0.2803232764059864
Room,tt3170832,2015.0,,"['Drama', ' Thriller']",8.1,/name/nm1049433/,"/name/nm0488953/,/name/nm5016878/,/name/nm0108703/,/name/nm0187724/",425701.0,14677674.0,0.7659574468085106,0.12645092904110067
Margin Call,tt1615147,2011.0,,"['Drama', ' Thriller']",7.1,/name/nm1170855/,"/name/nm0704270/,/name/nm0001804/,/name/nm0000228/,/name/nm0079273/",135341.0,5354039.0,0.5531914893617021,0.013711873981995764
Nocturnal Animals,tt4550098,2016.0,,"['Drama', ' Thriller']",7.5,/name/nm1053530/,"/name/nm0010736/,/name/nm0350453/,/name/nm0788335/,/name/nm1093951/",284810.0,10663357.0,0.6382978723404257,0.07174670598581638
A Few Good Men,tt0104257,1992.0,,"['Drama', ' Thriller']",7.7,/name/nm0001661/,"/name/nm0000129/,/name/nm0000197/,/name/nm0000193/,/name/nm0000102/",269053.0,141340178.0,0.6808510638297873,0.06562868253022223
Argo,tt1024648,2012.0,,"['Biography', ' Drama', ' Thriller']",7.7,/name/nm0000255/,"/name/nm0000255/,/name/nm0186505/,/name/nm0000422/,/name/nm0000273/",619339.0,136025503.0,0.6808510638297873,0.20163540742495162
Flight,tt1907668,2012.0,,"['Drama', ' Thriller']",7.3,/name/nm0000709/,"/name/nm0000243/,/name/nm1229204/,/name/nm0000332/,/name/nm0000422/",359066.0,93772375.0,0.5957446808510639,0.1005783331812596
The Machinist,tt0361862,2004.0,,"['Drama', ' Thriller']",7.7,/name/nm0026442/,"/name/nm0000288/,/name/nm0000492/,/name/nm0845209/,/name/nm0788767/",395895.0,1082715.0,0.6808510638297873,0.11487805304202477
Contagion,tt1598778,2011.0,,"['Drama', ' Thriller']",6.8,/name/nm0001752/,"/name/nm0000354/,/name/nm0000701/,/name/nm0000179/,/name/nm0000569/",306581.0,75658097.0,0.4893617021276596,0.08019980547504275
Misery,tt0100157,1990.0,,"['Drama', ' Thriller']",7.8,/name/nm0001661/,"/name/nm0001001/,/name/nm0000870/,/name/nm0002070/,/name/nm0827973/",216804.0,61276872.0,0.7021276595744681,0.04534178733879375
Wild Tales,tt3011894,2014.0,,"['Comedy', ' Drama', ' Thriller']",8.1,/name/nm1167933/,"/name/nm0334882/,/name/nm0555404/,/name/nm0897640/,/name/nm0823435/",201654.0,3107072.0,0.7659574468085106,0.039459445817422216
The Cable Guy,tt0115798,1996.0,,"['Comedy', ' Drama', ' Thriller']",6.1,/name/nm0001774/,"/name/nm0000120/,/name/nm0000111/,/name/nm0005182/,/name/nm0085312/",168592.0,60240295.0,0.3404255319148936,0.026622351732961107
Red Eye,tt0421239,2005.0,,['Thriller'],6.5,/name/nm0000127/,"/name/nm1046097/,/name/nm0614165/,/name/nm0004051/,/name/nm0425610/",125358.0,57891803.0,0.4255319148936171,0.009835740951774505
The Call,tt1911644,2013.0,,"['Drama', ' Thriller']",6.7,/name/nm0026442/,"/name/nm0000932/,/name/nm2065398/,/name/nm1113550/,/name/nm0004820/",124638.0,51872378.0,0.46808510638297884,0.009556184126996454
High Noon,tt0044706,1952.0,,"['Drama', ' Thriller', ' Western']",8.0,/name/nm0003593/,"/name/nm0000011/,/name/nm0000038/,/name/nm0593775/,/name/nm0000978/",105836.0,9450000.0,0.7446808510638299,0.0022558682666117907
Hard Candy,tt0424136,2005.0,,"['Drama', ' Thriller']",7.0,/name/nm1720541/,"/name/nm0933940/,/name/nm0680983/,/name/nm0644897/,/name/nm1230874/",162672.0,1007962.0,0.5319148936170214,0.024323773395897114
The Insider,tt0140352,1999.0,,"['Biography', ' Drama', ' Thriller']",7.8,/name/nm0000520/,"/name/nm0000128/,/name/nm0000199/,/name/nm0001626/,/name/nm0893204/",173299.0,28965197.0,0.7021276595744681,0.028449954474947633
Amores Perros,tt0245712,2000.0,,"['Drama', ' Thriller']",8.1,/name/nm0327944/,"/name/nm0248408/,/name/nm0305558/,/name/nm0865949/,/name/nm0346270/",243149.0,5383834.0,0.7659574468085106,0.05557084921209627
Persona,tt0060827,1966.0,,"['Drama', ' Thriller']",8.1,/name/nm0000005/,"/name/nm0000761/,/name/nm0880521/,/name/nm0472234/,/name/nm0085038/",121345.0,5017971.0,0.7659574468085106,0.008277599927004607
Stoker,tt1682180,2013.0,,"['Drama', ' Thriller']",6.8,/name/nm0661791/,"/name/nm1985859/,/name/nm0000173/,/name/nm0328828/,/name/nm0000551/",110606.0,1702277.0,0.4893617021276596,0.004107932230766394
The Ides of March,tt1124035,2011.0,,"['Drama', ' Thriller']",7.1,/name/nm0000123/,"/name/nm0316079/,/name/nm0000123/,/name/nm0000450/,/name/nm0331516/",224746.0,40962534.0,0.5531914893617021,0.04842545442544278
One Hour Photo,tt0265459,2002.0,,"['Drama', ' Thriller']",6.8,/name/nm0738796/,"/name/nm0000245/,/name/nm0001567/,/name/nm0890232/,/name/nm0808057/",125540.0,31597131.0,0.4893617021276596,0.009906406704704515
Barton Fink,tt0101410,1991.0,,"['Comedy', ' Drama', ' Thriller']",7.6,/name/nm0001054/,"/name/nm0001053/,/name/nm0001806/,/name/nm0000422/,/name/nm0001114/,/name/nm0503627/",124084.0,6153939.0,0.6595744680851064,0.009341080681264451
Syriana,tt0365737,2005.0,,"['Drama', ' Thriller']",6.9,/name/nm0300866/,"/name/nm0000123/,/name/nm0000354/,/name/nm0001605/,/name/nm1315378/",131607.0,50824620.0,0.5106382978723406,0.01226206122682736
The Wave,tt1063669,2008.0,,"['Drama', ' Thriller']",7.6,/name/nm0304541/,"/name/nm0900915/,/name/nm1035643/,/name/nm0726262/,/name/nm1457472/",110813.0,5017971.0,0.6595744680851064,0.004188304817890084
Elvis,tt3704428,2022.0,,"['Biography', ' Drama', ' Music']",7.3,/name/nm0525303/,"/name/nm0000158/,/name/nm2581521/,/name/nm4609822/,/name/nm0861013/",189732.0,151040048.0,0.5957446808510639,0.03483045072713895
Green Book,tt6966692,2018.0,,"['Biography', ' Comedy', ' Drama']",8.2,/name/nm0268380/,"/name/nm0001557/,/name/nm0991810/,/name/nm0004802/,/name/nm1724319/",506000.0,85080171.0,0.7872340425531914,0.15762889219784082
The Greatest Showman,tt1485796,2017.0,,"['Biography', ' Drama', ' Musical']",7.5,/name/nm1243905/,"/name/nm0413168/,/name/nm0931329/,/name/nm1374980/,/name/nm3918035/",288430.0,174340174.0,0.6382978723404257,0.07315225557706159
Sully,tt3263904,2016.0,,"['Biography', ' Drama']",7.4,/name/nm0000142/,"/name/nm0000158/,/name/nm0001173/,/name/nm0001473/,/name/nm0536723/",278841.0,125070033.0,0.6170212765957448,0.06942910225373276
Erin Brockovich,tt0195685,2000.0,,"['Biography', ' Drama']",7.4,/name/nm0001752/,"/name/nm0000210/,/name/nm0001215/,/name/nm0109773/,/name/nm0225767/",203401.0,125595205.0,0.6170212765957448,0.04013775939087674
The Social Network,tt1285016,2010.0,,"['Biography', ' Drama']",7.8,/name/nm0000399/,"/name/nm0251986/,/name/nm1940449/,/name/nm0005493/,/name/nm1913734/",714684.0,96962694.0,0.7021276595744681,0.23865533167281758
The Intouchables,tt1675434,2011.0,,"['Biography', ' Comedy', ' Drama']",8.5,/name/nm0619923/,"/name/nm0865918/,/name/nm0167388/,/name/nm1082477/,/name/nm0494504/,/name/nm1109153/",870382.0,13182281.0,0.8510638297872342,0.29910871848433607
A Beautiful Mind,tt0268978,2001.0,,"['Biography', ' Drama']",8.2,/name/nm0000165/,"/name/nm0000128/,/name/nm0000438/,/name/nm0000124/,/name/nm0001626/",941682.0,170742341.0,0.7872340425531914,0.3267926096047183
Bohemian Rhapsody,tt1727824,2018.0,,"['Biography', ' Drama', ' Music']",7.9,/name/nm0001741/,"/name/nm1785339/,/name/nm2377903/,/name/nm3152605/,/name/nm5228887/",548244.0,216428042.0,0.7234042553191491,0.17403111234495758
Amadeus,tt0086879,1984.0,,"['Biography', ' Drama', ' Music']",8.4,/name/nm0001232/,"/name/nm0000719/,/name/nm0001371/,/name/nm0000931/,/name/nm0234541/",405805.0,51973029.0,0.8297872340425534,0.11872584211640047
The Aviator,tt0338751,2004.0,,"['Biography', ' Drama']",7.5,/name/nm0000217/,"/name/nm0000138/,/name/nm0000949/,/name/nm0000295/,/name/nm0000604/",367749.0,102608827.0,0.6382978723404257,0.10394971083340937
The Founder,tt4276820,2016.0,,"['Biography', ' Drama']",7.2,/name/nm0359387/,"/name/nm0000474/,/name/nm0644406/,/name/nm0002253/,/name/nm0004802/",156645.0,12786053.0,0.5744680851063831,0.021983649808484163
Bombshell,tt6394270,2019.0,,"['Biography', ' Drama']",6.8,/name/nm0005366/,"/name/nm0000234/,/name/nm0000173/,/name/nm3053338/,/name/nm0001475/",118521.0,5017971.0,0.4893617021276596,0.007181115936486243
The Pursuit of Happyness,tt0454921,2006.0,,"['Biography', ' Drama']",8.0,/name/nm0610831/,"/name/nm0000226/,/name/nm0628601/,/name/nm1535523/,/name/nm0397788/",523088.0,163566459.0,0.7446808510638299,0.1642637075059066
Rocketman,tt2066051,2019.0,,"['Biography', ' Drama', ' Musical']",7.3,/name/nm0002077/,"/name/nm5473782/,/name/nm0068260/,/name/nm0534635/,/name/nm0397171/",179456.0,96368160.0,0.5957446808510639,0.030840553600167735
"Girl, Interrupted",tt0172493,1999.0,,"['Biography', ' Drama']",7.3,/name/nm0003506/,"/name/nm0000213/,/name/nm0001401/,/name/nm0245112/,/name/nm0005261/",194111.0,28871190.0,0.5957446808510639,0.03653069980450436
Dallas Buyers Club,tt0790636,2013.0,,"['Biography', ' Drama']",7.9,/name/nm0885249/,"/name/nm0000190/,/name/nm0004950/,/name/nm0001467/,/name/nm0001872/",495584.0,27298285.0,0.7234042553191491,0.15358463679938497
Lion,tt3741834,2016.0,,"['Biography', ' Drama']",8.0,/name/nm0204628/,"/name/nm2353862/,/name/nm0000173/,/name/nm1913734/,/name/nm8061218/",240478.0,51739495.0,0.7446808510638299,0.05453377104684324
Vice,tt6266538,2018.0,,"['Biography', ' Comedy', ' Drama']",7.2,/name/nm0570912/,"/name/nm0000288/,/name/nm0010736/,/name/nm0136797/,/name/nm0005377/",151743.0,47836282.0,0.5744680851063831,0.020080333759786916
"tick, tick... BOOM!",tt8721424,2021.0,,"['Biography', ' Comedy', ' Drama']",7.5,/name/nm0592135/,"/name/nm1940449/,/name/nm3381295/,/name/nm1296587/,/name/nm1227814/",109536.0,5017971.0,0.6382978723404257,0.0036924797272767864
Awakenings,tt0099077,1990.0,,"['Biography', ' Drama']",7.8,/name/nm0001508/,"/name/nm0000134/,/name/nm0000245/,/name/nm0001413/,/name/nm0625724/",146261.0,52096475.0,0.7021276595744681,0.01795181915779624
The Elephant Man,tt0080678,1980.0,,"['Biography', ' Drama']",8.2,/name/nm0000186/,"/name/nm0000164/,/name/nm0000457/,/name/nm0000843/,/name/nm0000024/",245027.0,5017971.0,0.7872340425531914,0.05630002659672569
127 Hours,tt1542344,2010.0,,"['Biography', ' Drama']",7.5,/name/nm0000965/,"/name/nm0290556/,/name/nm0848554/,/name/nm0544718/,/name/nm2505304/",382970.0,18335230.0,0.6382978723404257,0.10985961976389097
The Butler,tt1327773,2013.0,,"['Biography', ' Drama']",7.2,/name/nm0200005/,"/name/nm0001845/,/name/nm0001856/,/name/nm0000131/,/name/nm0000404/",116914.0,116632095.0,0.5744680851063831,0.006557160634516337
The Disaster Artist,tt3521126,2017.0,,"['Biography', ' Comedy', ' Drama']",7.3,/name/nm0290556/,"/name/nm0290556/,/name/nm2002649/,/name/nm0310966/,/name/nm0736622/",156913.0,21120616.0,0.5957446808510639,0.022087707071040436
Saving Mr. Banks,tt2140373,2013.0,,"['Biography', ' Comedy', ' Drama']",7.5,/name/nm0359387/,"/name/nm0000668/,/name/nm0000158/,/name/nm4003520/,/name/nm0268199/",164658.0,83301580.0,0.6382978723404257,0.025094884304243247
Joy,tt2446980,2015.0,,"['Biography', ' Drama']",6.6,/name/nm0751102/,"/name/nm2225369/,/name/nm0000134/,/name/nm0177896/,/name/nm1183149/",139198.0,56451232.0,0.44680851063829785,0.015209444361397085
Men of Honor,tt0203019,2000.0,,"['Biography', ' Drama']",7.2,/name/nm0863387/,"/name/nm0000421/,/name/nm0000134/,/name/nm0000234/,/name/nm0254712/",119573.0,48818921.0,0.5744680851063831,0.007589579519356398
Steve Jobs,tt2080374,2015.0,,"['Biography', ' Drama']",7.2,/name/nm0000965/,"/name/nm1055413/,/name/nm0000701/,/name/nm0736622/,/name/nm0001099/",172006.0,17766658.0,0.5744680851063831,0.02794791701045038
Ed Wood,tt0109707,1994.0,,"['Biography', ' Comedy', ' Drama']",7.8,/name/nm0000318/,"/name/nm0000136/,/name/nm0001445/,/name/nm0000572/,/name/nm0000099/",178629.0,5887457.0,0.7021276595744681,0.03051945152504072
The Iron Lady,tt1007029,2011.0,,"['Biography', ' Drama']",6.4,/name/nm1630273/,"/name/nm0000658/,/name/nm0000980/,/name/nm0001290/,/name/nm0114742/",110885.0,30017992.0,0.4042553191489363,0.004216260500367889
Ray,tt0350258,2004.0,,"['Biography', ' Drama', ' Music']",7.7,/name/nm0000431/,"/name/nm0004937/,/name/nm0005093/,/name/nm0913488/,/name/nm0694066/",150561.0,75331600.0,0.6808510638297873,0.019621394639109613
Man on the Moon,tt0125664,1999.0,,"['Biography', ' Comedy', ' Drama']",7.4,/name/nm0001232/,"/name/nm0000120/,/name/nm0000362/,/name/nm0065418/,/name/nm0671761/",133133.0,34580635.0,0.6170212765957448,0.012854566386009734
The Two Popes,tt8404614,2019.0,,"['Biography', ' Comedy', ' Drama']",7.6,/name/nm0576987/,"/name/nm0000596/,/name/nm0000164/,/name/nm1375877/,/name/nm0323483/",126717.0,5017971.0,0.6595744680851064,0.010363404458543082
The Queen,tt0436697,2006.0,,"['Biography', ' Drama']",7.3,/name/nm0001241/,"/name/nm0000545/,/name/nm0790688/,/name/nm0000342/,/name/nm0421105/",113264.0,56441711.0,0.5957446808510639,0.005139962842238706
Philomena,tt2431286,2013.0,,"['Biography', ' Comedy', ' Drama']",7.6,/name/nm0001241/,"/name/nm0001132/,/name/nm0176869/,/name/nm4080531/,/name/nm0001858/",101346.0,37707719.0,0.6595744680851064,0.0005125208454264309
The Diving Bell and the Butterfly,tt0401383,2007.0,,"['Biography', ' Drama']",8.0,/name/nm0773603/,"/name/nm0023832/,/name/nm0782561/,/name/nm0189887/,/name/nm0175931/",108523.0,5990075.0,0.7446808510638299,0.0032991588057487754
